email ,location
madbeast5517@gmail.com,US
flamingfox201@gmail.com,US
forner795@gmail.com,FR
o0odamienbowmano0o@gmail.com,US
1628507225@qq.com,FR
alona.ballard@yahoo.com,US
daniellewilliams1515@gmail.com,US
brockart2005@gmail.com,US
randomchristian15@gmail.com,US
iamsamara91@gmail.com,US
squeakystirrups@gmail.com,US
banekill@proton.me,US
colinuselton69@gmail.com,US
rinaround23@gmail.com,US
lorem.ipsum55555@proton.me,US
triplejak022@gmail.com,US
welpitslife1@gmail.com,US
poloman644@gmail.com,FR
br.klock@gmail.com,US
goatjamesharden133@gmail.com,US
suthegoat123@gmail.com,US
tenthmountainyd@outlook.com,US
flips_wakes4w@icloud.com,US
aidthams@gmail.com,US
tankm9603@gmail.com,US
powdredsnow@gmail.com,US
bakadragondxd@gmail.com,US
chase.s.oneal@icloud.com,US
htownfantasysports555@gmail.com,US
kyle5117@gmail.com,US
gavindelgado49@gmail.com,US
italoamezaga@gmail.com,US
southplaya98@gmail.com,US
jgreenwellmay517@gmail.com,US
trev30sparky@yahoo.com,US
nomessiah@proton.me,US
zackfeather1994@gmail.com,US
kentrwood0@gmail.com,US
kholelen@gmail.com,FR
ockngels3@gmail.com,US
kpspiker06@gmail.com,US
hornyrevan91@gmail.com,US
meepzzzz1234@gmail.com,US
clubswag1@gmail.com,US
2720636938@qq.com,US
fcdr1fter@yahoo.com,US
dakota0606@gmail.com,US
aaronvaldespino@gmail.com,US
veronika.a.rat@gmail.com,US
rodionovruslan25@gmail.com,US
vjzognsopvnj2392@proton.me,FR
sylerdashitz@gmail.com,US
marvile.park@gmail.com,US
fadwane76213@gmail.com,FR
micahdspau@gmail.com,US
dan.pagel120@gmail.com,US
archmephsito@gmail.com,US
schickster002@gmail.com,US
kisswithafist238@gmail.com,US
chezhk90@gmail.com,US
linkolnlow@gmail.com,IT
00aiyu@gmail.com,US
codybmcdavid@gmail.com,US
mitch.berninger@gmail.com,US
sky13315130546@gmail.com,US
johnphilphs71@gmail.com,US
stefanbust@gmail.com,US
emjay4ed@gmail.com,US
r.delosangeles134@gmail.com,US
str0998@gmail.com,US
sirretrocomedian@gmail.com,US
chiaki4633@gmail.com,FR
crystalaponcem@gmail.com,US
lineman502.2008@yahoo.com,US
menjivarpaola804@gmail.com,US
2412005089@qq.com,FR
anthony61384@gmail.com,US
jaredmcjunkin@yahoo.com,US
charlieb704@yahoo.com,US
bianchike@gmail.com,FR
zekkurum@gmail.com,US
theocavall06@gmail.com,US
trwherry2002@gmail.com,US
onlinesub.prologue342@passinbox.com,US
sethmsierra1738@gmail.com,US
maraudermoments@gmail.com,US
kylestewart159@gmail.com,US
joem0837@gmail.com,FR
jonmalwms@msn.com,US
wizardlizard7777@gmail.com,US
dondarion42@gmail.com,FR
kylenew26@gmail.com,US
dakotahadley923@gmail.com,US
leechristmaspb@hotmail.com,US
jennywinchester79@gmail.com,US
yukinobody@yahoo.com,FR
scorpionturbo7@gmail.com,US
v2727333@gmail.com,US
ilikenakedgirls2@gmail.com,US
kate.hogan30@gmail.com,US
mmakke51@gmail.com,US
darrin.kelly@gmail.com,US
bills@henrybrandon.com,US
jacksongeorel@gmail.com,US
amuro1x@icloud.com,US
a48822987@gmail.com,US
p1596501051@163.com,US
samuel8379@gmail.com,US
kylianmatheise@gmail.com,FR
yaya22370@hotmail.fr,FR
newkid.wv@gmail.com,US
spankdisc@gmail.com,FR
msuphreak@outlook.com,US
mihailb2019@mail.ru,US
teachteachteach24@gmail.com,US
efim.litvintsev@gmail.com,US
blewe.panda@gmail.com,US
aden.j.rosario0207@gmail.com,US
the50sdragon@aol.com,US
tweaver2020@gmail.com,US
tuffhyena@gmail.com,US
realjc5x@gmail.com,US
isaachight02@gmail.com,US
leannstidham12@gmail.com,US
southernman4571-social@yahoo.com,US
zachtlualhati@gmail.com,FR
portent_dormant.0w@icloud.com,US
patrickhensel22@icloud.com,US
evilkirbs@gmail.com,US
dkhhsh2000@gmail.com,FR
nowayjose1979@proton.me,US
wriggly2@proton.me,US
cronnonaustin@gmail.com,US
redragon0306@gmail.com,FR
cheyenne23k@gmail.com,US
spingulusgrip@gmail.com,US
kikawakaku@gmail.com,US
afruitsnack45@gmail.com,US
jacobmartz13@yahoo.com,US
andrewwood1159@gmail.com,US
throawaygames@gmail.com,US
starbitzzz123@gmail.com,US
wildone3299@gmail.com,US
anthonyvmennitto@aim.com,US
jameskurtisf@gmail.com,US
alientop102@gmail.com,IT
liuyuhuliu40@gmail.com,US
niahamilton123@gmail.com,US
jbowhay13@gmail.com,US
myoblonski@gmail.com,US
beautymagazine92@gmail.com,IT
pkmn20191@gmail.com,FR
bm0ic4shy@mozmail.com,IT
constancepacheco1@gmail.com,US
winger2025@myyahoo.com,US
saintsrow3luke@gmail.com,US
esteban.dennemont@gmail.com,FR
jjeongg04@gmail.com,US
brayden.mccown012@gmail.com,US
ssj4goku09@yahoo.com,US
stormskyle98@gmail.com,US
zerotoender888@gmail.com,US
kentdaniels78@gmail.com,US
fallednayt@gmail.com,FR
stevens.scott450@yahoo.com,US
dash19831984@gmail.com,US
lecaillon.julien@gmail.com,FR
email.lestat@gmail.com,US
zachferrier2000@gmail.com,US
tastemeblades@gmail.com,US
mr.youssefnassargames@gmail.com,FR
tiget2themoney@icloud.com,US
iloveelsaharrypotter@gmail.com,US
xcollazo51@yahoo.com,US
richardnogales1002@gmail.com,US
nastusa200255@gmail.com,US
zalman88@proton.me,FR
jessekneese78@gmail.com,US
thechickenwire2@gmail.com,US
deejmwilliams@gmail.com,US
jsilverhand4572@gmail.com,US
matthewadenz@gmail.com,US
papysans123@gmail.com,FR
thebluepaint4@gmail.com,US
reqv3@proton.me,IT
noelmaynard65@gmail.com,US
alexcolon1234567890@gmail.com,US
kilian.sieutat@gmail.com,FR
hairybikini12a@outlook.com,US
leguenwasseley@gmail.com,FR
ivylynn211@gmail.com,US
midnightog195@gmail.com,US
dherna1224@gmail.com,US
pbswg22@gmail.com,US
cashew_orrery_0j@icloud.com,US
michaeltijerina52@gmail.com,US
leorose309@gmail.com,US
dirtylaborer1@gmail.com,US
linhuajunn123@gmail.com,US
fcmdl1214@gmail.com,US
thugsdon2@gmail.com,US
hmb799@gmail.com,US
julesdenice2006@gmail.com,US
paul_551@icloud.com,US
timetobelive@gmail.com,US
zlhuffman93@gmail.com,US
kaiwaurio@gmail.com,US
michael.moore4772@gmail.com,US
chrisflo0404@gmail.com,US
ro911408@gmail.com,US
cobrax105@hotmail.com,US
ababb84@gmail.com,US
1951295752yzh@gmail.com,US
meruem.thebright17@gmail.com,US
ponecheval@gmail.com,FR
supersweatylad@gmail.com,US
sungslixie@gmail.com,US
brendanschaller@live.com,US
theadiots@gmail.com,US
shanelady2482@gmail.com,US
raveislay@gmail.com,US
fakethomastaylor999@gmail.com,US
katiehopta@gmail.com,US
cyrilgangang@gmail.com,US
franklinsaysthis@gmail.com,US
robert9092hall@gmail.com,US
dim.ichiban@gmail.com,FR
wonderwhereiwent@gmail.com,US
emilyero@gmail.com,US
nasjai_minniss@icloud.com,US
epicjafeth13@hotmail.com,US
hydrasthedragon@gmail.com,US
silverscarseventwelve@gmail.com,US
zm4spam@gmail.com,US
mbunn51@yahoo.com,US
omgomg94@mail.ru,FR
paulrambish1@gmail.com,US
reidpalmer505@gmail.com,US
mettallica03@aol.com,US
easygoin842@gmail.com,US
hanksmith7722@gmail.com,US
9mmjnh@gmail.com,US
egokun6476@gmail.com,US
westernalex39@gmail.com,US
cfish027@gmail.com,US
trigatory7@gmail.com,US
connorjfitz@yahoo.com,US
hkzefgs539@gmail.com,FR
lakki.mariam32@gmail.com,US
kf7770@yahoo.com,US
soggygummies@gmail.com,US
michaelhustead26@gmail.com,US
jovon0821@gmail.com,US
robertdck5@gmail.com,US
noahbsimon046@gmail.com,US
buke14@gmail.com,US
cameronbargerw@yahoo.com,US
russianraccoon24@gmail.com,US
karylynnmann@gmail.com,US
jaredprew13@gmail.com,US
ems8843@hotmail.com,US
ricuka@mail.ru,FR
notsokawaiishark@gmail.com,US
hadencushman@gmail.com,US
raynasguy@gmail.com,US
duncan.arundel@gmail.com,US
godfathermafiacookie@gmail.com,US
baconb4444days@gmail.com,US
charlesross715@icloud.com,US
abonazzoli00@gmail.com,IT
barkovrom1912@gmail.com,US
theotheronej12345@gmail.com,US
chencalvin283@gmail.com,US
jlhavran13@gmail.com,US
cristinagiudice4392@gmail.com,IT
nelsonballard910@gmail.com,US
eli667766@gmail.com,US
connorlebombard@gmail.com,US
lewisbb23@outlook.com,US
pablovaz553@gmail.com,US
hanby2023@163.com,US
izacksaucedo1999@gmail.com,US
pepitoramirez1@outlook.fr,FR
charlie.esmie@gmail.com,US
haydencorder15@gmail.com,US
wt.tiger501@gmail.com,US
inari.no.hasu@gmail.com,US
beck.gui@gmail.com,FR
ced97416@gmail.com,FR
dylanwilson200312@gmail.com,US
horaciore11@gmail.com,US
johalop47@gmail.com,FR
robertmichaelselby@gmail.com,US
va1165mj@gmail.com,US
nephibeckette05@gmail.com,US
jcaron974@gmail.com,FR
austinbot132@gmail.com,US
hunterthefiregod36@gmail.com,US
heckhackers66and6@gmail.com,US
carriemills.env@gmail.com,US
vladkildiarov141@gmail.com,US
daria.bagrinec2003@gmail.com,US
kabten5ald@gmail.com,FR
emmeciparkour@gmail.com,IT
mathanmo@proton.me,US
mfm292010@hotmail.com,US
kennyisback13@hotmail.com,US
xbtx2023@gmail.com,US
spincycle02@gmail.com,US
mobileician@gmail.com,US
skorn21103@gmail.com,US
aliholliman@mail.com,IT
veronicamdavis12@gmail.com,US
samcrosoa1118@gmail.com,US
estesclaire322@gmail.com,US
nicksmentk@aol.com,US
brnydude@gmail.com,US
alecisgr3at6969@gmail.com,US
cookie7193@gmail.com,US
okmrkrabs50@gmail.com,US
lsyn2016@gmail.com,US
shadowhunter199402@gmail.com,IT
nitronick4598xxx@gmail.com,US
mycardsir@gmail.com,US
josh23dr@gmail.com,US
bluepaintbear@protonmail.com,US
teasedhyena@gmail.com,US
mutehentai@gmail.com,US
rblh15634145@gmail.com,US
brynaye6191@outlook.com,US
angelinaylgy@gmail.com,US
faresqmsh1@gmail.com,FR
merlingambit@gmail.com,US
barterdaniel63@gmail.com,US
jayhow0987@gmail.com,US
wlpriceii@gmail.com,US
nathan.lister16@gmail.com,US
giorgiopislozzo@gmail.com,IT
dragonruled@gmail.com,US
kuzminigor1981@gmail.com,FR
boogiedance@outlook.com,US
grand_voyager9@protonmail.com,US
recklesslamb@hotmail.com,US
chat.com.monetize445@passmail.net,US
mlichtfuss@hotmail.com,US
dragonkepperoni@gmail.com,US
plectrum21@gmail.com,US
smilechild451@yahoo.com,US
m14440601@gmail.com,US
thomasdecasojeux@gmail.com,FR
writerhero@proton.me,US
btickler60@gmail.com,US
dim_debacle_8j@icloud.com,US
kimkerjean@gmail.com,FR
shawnusery@gmail.com,US
allamoureux07@gmail.com,US
felipe62744@gmail.com,US
sharygany7@gmail.com,FR
cailloukaden@gmail.com,US
johnsonk311@gmail.com,US
lerochka.cabanec17@gmail.com,US
chasesayaka@gmail.com,US
lukebosh19@gmail.com,US
milliemillz2000@gmail.com,FR
nygiants1022@yahoo.com,US
tcolunga509@gmail.com,US
babouchersa@gmail.com,FR
oeuvre_escapes5m@icloud.com,US
darknesses30178@gmail.com,US
brandon.martin369@gmail.com,US
astronomydomine0729@gmail.com,US
j.g.allen79@gmail.com,US
shrekloveyou.love.com@gmail.com,US
cantebiopsicosocial@gmail.com,US
gboinn@gmail.com,US
fitfocused777@gmail.com,US
hallmarkact@gmail.com,US
cursedobelisk@yahoo.com,US
zieshanyousaf@gmail.com,FR
biggayamzon@gmail.com,US
zonejerk@protonmail.com,US
morgidell@gmail.com,FR
danley345@gmail.com,US
pinoinick259@gmail.com,US
alx.otl00@gmail.com,US
edmundwong71@gmail.com,US
dilufra00@gmail.com,IT
kickingkimberly@gmail.com,US
ghost164j@gmail.com,US
caseyjohn1121@gmail.com,US
mylcw7@outlook.com,US
prostoxko@gmail.com,US
aithrowaway55@gmail.com,US
azzizleroi@gmail.com,FR
randomfanguy25@gmail.com,US
nulltoleranz.mcure@gmail.com,US
warmup_seekers84@icloud.com,US
fdepakakibo050@gmail.com,US
rala12470@gmail.com,FR
montydiver@outlook.com,US
diablosmx@hotmail.com,US
tristonp745@gmail.com,US
classicsboy7@gmail.com,US
poetryman790@gmail.com,US
loyel11297@wacold.com,US
sharkcollector66@gmail.com,US
derieri90kg@gmail.com,US
sekurity789@gmail.com,US
hingkodiak@gmail.com,US
reagan.virginia@yahoo.com,US
qurebuilds@gmail.com,US
berchik048t@gmail.com,US
dash305@outlook.com,US
killcupid444@gmail.com,US
thenumberfive81@gmail.com,US
carolconr6701@hotmail.co.uk,US
jbanovz83@yahoo.com,US
spamfroggyspam@gmail.com,US
tyregi0503@gmail.com,US
jenny.skyler7@gmail.com,US
nadau.dimitri@hotmail.fr,FR
cheezienees2234@maildrop.cc,US
laurenlindenmeier0@gmail.com,US
gibbskdsc@gmail.com,US
sofianc63s1983@gmail.com,FR
sgtpingwen_nolan@yahoo.com,US
3633282031@qq.com,FR
pbgames34@outlook.com,US
marlowcodey16@gmail.com,US
caysendaemon@gmail.com,US
394551079@qq.com,US
tangque8@gmail.com,US
e05452045@gmail.com,FR
littlegoodoo@outlook.com,US
jasonh11052k@icloud.com,US
trakienow137@gmail.com,US
detir47@gmail.com,US
evrobaks_vao@mail.ru,FR
jacksali2010@outlook.com,US
yasheemwillis@gmail.com,US
epicgamerwga2009@gmail.com,US
derp04466@gmail.com,US
sc.upchuck370@passmail.net,US
coedkayla@gmail.com,US
ritayu2254@gmail.com,US
ossamapsn89@gmail.com,FR
jackntim5@gmail.com,US
simsdorrian@gmail.com,US
wadewilson94@gmail.com,US
ayanna.johnson3@yahoo.com,US
zachabbott98@outlook.com,US
gatoradetq@gmail.com,US
babysexybz.33@gmail.com,FR
yarn.stitches@gmail.com,US
charlielovesdogs0@gmail.com,US
alex.stoff.ca.eu@gmail.com,FR
hamster.vibrations9c@icloud.com,FR
cozycat@myyahoo.com,US
chonsholtz@gmail.com,US
stalker57658@gmail.com,US
andrekervin8@gmail.com,US
dasherisw@gmail.com,US
frenchgooner13@gmail.com,FR
bwilson6318@gmail.com,US
roldao.julian@gmail.com,FR
akdakota@comcast.net,US
valairius69@gmail.com,US
nomkolblack@gmail.com,FR
gcaff78@gmail.com,IT
joscelynskinaway65@gmail.com,US
tmcqueenams@gmail.com,US
ginavitus@gmail.com,FR
ariesunknown329@gmail.com,US
captainujin23@gmail.com,US
dpturpin91@gmail.com,US
thesimplelogicofitall@gmail.com,US
calypso.freelance@gmail.com,US
shehabyahya1996@gmail.com,US
riverripple44@gmail.com,US
vangoghwinston@gmail.com,US
alikalindsay@gmail.com,US
missingnolab@gmail.com,IT
mikert343409@yahoo.com,US
ghostofcasper99@gmail.com,US
dave@ktscomp.com,US
hopenoel1227@gmail.com,US
hillenburgdylan@gmail.com,US
greenshadow210@gmail.com,US
abmaravilla07@gmail.com,US
gamer4life232@gmail.com,US
mnaka.midjourney@gmail.com,US
whonow13@protonmail.com,US
benjmcole@gmail.com,US
peyto.penfire@gmail.com,US
joshmolczyk@gmail.com,US
judy37a@icloud.com,IT
dstufff@gmail.com,US
beyondmore1@gmail.com,US
fistsfordemons@gmail.com,US
brandonmcbay7@gmail.com,US
aly.quilly@gmail.com,US
gustavodaniel0823@gmail.com,US
ninjamax87@gmail.com,US
thewokepope@gmail.com,US
idyllwildgavin@gmail.com,US
mostsecretive0@gmail.com,US
makarovandrej98@gmail.com,US
breannahopefoster@gmail.com,US
tick44iz@gmail.com,US
qing57018@gmail.com,IT
farfecul@gmail.com,FR
ijustrace.jdm@gmail.com,US
dsant2598@gmail.com,US
brennalloyd4@gmail.com,US
spencer.w.hobbs@gmail.com,US
sydwinder21293@gmail.com,US
rhills789@gmail.com,US
taylor.berberich@hotmail.com,US
vontelsu.greene@gmail.com,US
victoraruz@proton.me,US
corybedford131@gmail.com,US
marissarometti1992@gmail.com,US
artttop@mail.ru,US
sendbootypicsnow@gmail.com,US
gubcaoleg@rambler.ru,FR
catzandthangs@gmail.com,US
mthornton4310@gmail.com,US
martinjv71@gmail.com,US
kingrmalik15@gmail.com,US
gabrielskcockerham@gmail.com,US
lydellav@proton.me,US
rumbleattheriver@gmail.com,US
slawrence1620@gmail.com,US
themeahgod@gmail.com,US
smcgeeta@gmail.com,US
astro97sg@gmail.com,US
bxit16680@gmail.com,US
isaiahredmond22@gmail.com,US
dylanhardy9923@gmail.com,US
opulencencore@gmail.com,US
maxsubmissivemind@gmail.com,US
zeraphiah@gmail.com,US
wolf58192@gmail.com,US
prugenttom97485@gmail.com,FR
antwone9234@gmail.com,US
b.b.amundsen2015@gmail.com,US
pshowalter08@gmail.com,US
heffreyhopper@gmail.com,US
tempest9598@gmail.com,US
crowleyeugenem@gmail.com,IT
bookworm0317@live.com,US
raireria@gmail.com,US
guiltkink@gmail.com,US
liamanderson380@gmail.com,US
gomezenoch20@gmail.com,US
minimuska1224@gmail.com,US
bluenorange22@icloud.com,US
andrewpaulmeno8@gmail.com,US
vidalvillalobos2117@gmail.com,US
chelseabuck26@gmail.com,US
mr.swat669@mail.ru,US
markj121999@gmail.com,US
keaton.spencer06@gmail.com,US
maicolpipo@gmail.com,US
crow1376@gmail.com,US
captaindopey@proton.me,FR
slavikayaroslava2006@gmail.com,US
therogueninja8@gmail.com,US
ahandal114@gmail.com,US
themuteneko1@gmail.com,US
tyson.weissenfluh@gmail.com,US
garciajuanpablo0@yahoo.com,US
alexanderthegreatisl8@gmail.com,US
samuelhessrock100@gmail.com,US
mhuntington999@gmail.com,US
mason.kalscheuer@gmail.com,US
tobips@live.no,US
tracey.collins97@gmail.com,US
jackmoore0721@gmail.com,US
koloed007@gmail.com,US
ashleysimmonds10@gmail.com,US
tntgamerbomb@gmail.com,US
elizabeth_sweatland@hotmail.com,US
coralie19.lebreton@free.fr,FR
chelo.9713@gmail.com,US
nite.hawk.dj@gmail.com,US
superbadassdominican@gmail.com,US
dtib830@gmail.com,US
aidandturner07@gmail.com,US
ilovecrownvics2011@gmail.com,US
stark892@proton.me,US
cbcarltonlb@gmail.com,US
jupiter.star533@gmail.com,US
captainrex1033@gmail.com,US
vfink1919@gmail.com,US
collicac9@gmail.com,US
platinum72soul@gmail.com,US
scarbop.scarbo@gmail.com,US
businessmanwplan@proton.me,US
shadowsnipes971@gmail.com,US
gvjjbg8@gmail.com,US
thesweestestlolipop@gmail.com,US
ahendrix38@gmail.com,US
garyp3@gmail.com,US
xraycat222@gmail.com,US
kyleneeds@yahoo.com,US
acerdiscord1209@gmail.com,US
kasterking07@gmail.com,US
a.a.cmasterchief117@gmail.com,US
elijah6700@icloud.com,US
rhysc0484@yahoo.com,US
alicezuberg643@gmail.com,IT
acediver30@gmail.com,US
hendrixriver07@gmail.com,US
superwendy96@gmail.com,US
johnterry023@gmail.com,US
mkc93154@gmail.com,US
fenrys752@gmail.com,FR
chinos_splay0n@icloud.com,US
jburnerttsigma@gmail.com,US
jaqualon2012@outlook.com,US
fictionaltrauts@proton.me,US
travis.upper14@gmail.com,US
alexbundy92@gmail.com,IT
eaken.vang@gmail.com,US
chargedmoo@gmail.com,US
yumadar@gmail.com,US
codyalexandermoore@gmail.com,US
demonmiing@gmail.com,US
fuseball11@outlook.com,US
pxy338035@gmail.com,FR
monteiro.machado.r@gmail.com,FR
terencej91@gmail.com,US
watcherporn04@gmail.com,US
pixiesshadow@gmail.com,US
tldraislop@gmail.com,US
mrs.lovett126@gmail.com,US
jairdavila425@gmail.com,US
deadmotley17@gmail.com,US
g3niusguy09@gmail.com,US
tristanzee1998@gmail.com,US
colins620@gmail.com,US
eldertree88@gmail.com,US
stevetunis@gmail.com,US
grahamcracker9124@gmail.com,US
lebazardesmondes@gmail.com,FR
quinnconolly@gmail.com,US
phlaxx65@gmail.com,US
samleebowen3@gmail.com,US
supra47@mail.ru,US
spikedriver01@gmail.com,US
ae86aspirated@gmail.com,US
asrs@libero.it,IT
britmenard@aol.com,US
whataquinner@gmail.com,FR
damien.peltier22@gmail.com,FR
bonkam48@gmail.com,US
danila13p@gmail.com,US
raphael.ingardin.ri@gmail.com,FR
martin@webkast.de,US
holowolf19@gmail.com,US
ianmschneiter@gmail.com,US
israelorozco7517@gmail.com,US
jamespotifycore@gmail.com,US
brendenweyer@gmail.com,US
tintinmilouni@gmail.com,FR
watermeloonjoy@gmail.com,FR
jkamri93@gmail.com,US
redpine225@gmail.com,US
characterspewer@proton.me,US
kacrss2607@gmail.com,FR
folsomkieran@gmail.com,US
abbeyeva23@gmail.com,US
nicap6@gmail.com,US
ta989898@yahoo.com,US
dat1negamer@gmail.com,US
11prwriting@gmail.com,US
chris.barrier@gmail.com,US
sberres14@gmail.com,US
djosephavis@gmail.com,US
jcb369.jb@gmail.com,US
tantortatumtractor@gmail.com,US
sippington29@gmail.com,US
tghost20369@gmail.com,US
fwas.chic@gmail.com,IT
johndavies3233@gmail.com,FR
t78736098@gmail.com,US
galindo.jacob82@gmail.com,US
poopypeay@gmail.com,US
caioaryterciaria@gmail.com,US
711joshua@gmail.com,US
amaliaasguard@gmail.com,FR
blakezytczak@yahoo.com,US
ajpalmer531@gmail.com,US
mmat2298@gmail.com,US
spdxter@gmail.com,US
missedhyena@gmail.com,US
whitney_gilbert@aol.com,US
nsouvigneyayoo.fr@gmail.com,FR
csk.knorr62@gmail.com,US
neosilver6969@gmail.com,US
jaeharyo04@gmail.com,US
harryphines7@gmail.com,US
lollolnataka@gmail.com,FR
stoodcastle2256@gmail.com,US
alessandrodebenedictis14@gmail.com,IT
ktdrew0701@gmail.com,US
treecko289@gmail.com,US
acc2azazaf@gmail.com,US
syeet718@gmail.com,US
discodove87@yahoo.com,US
charlescarlson0487@gmail.com,US
nomadtheoutlaw@gmail.com,US
apexlegendssteamalt4@gmail.com,US
jjbjenkins01@gmail.com,US
luxchris89@gmail.com,US
weldguy72@gmail.com,US
rostermanchik2020@mail.ru,US
saltaltq@gmail.com,US
deadprinzessin@gmail.com,US
badtom89@yahoo.com,US
swaggerman9205@gmail.com,US
bigbaddiapers11@gmail.com,US
alastor40828@gmail.com,US
clouddrive.hopefuture@gmail.com,US
rediger999@gmail.com,US
thomasclassof18@gmail.com,US
johnjskull@protonmail.com,US
mememaster199368@gmail.com,US
blbsbes@gmail.com,US
elithewolftamer@gmail.com,US
ajgilmore.army455@gmail.com,US
th12.bs32@gmail.com,US
zhangjingwen0219@gmail.com,FR
uya.olin.olin@gmail.com,US
ivan.heller@yandex.ru,IT
ystarphase@gmail.com,US
nealmasterson89@gmail.com,US
rayrushing92@gmail.com,US
derekj0908@yandex.com,US
vampprince13@gmail.com,US
samconry42@gmail.com,US
angel.diana15@yandex.ru,US
adrian727418@gmail.com,US
xvghqa@proton.me,US
adrianpersonal2005@gmail.com,US
rsmxlv@yahoo.com,US
norrisainsley0@gmail.com,US
fkburkett@gmail.com,US
tsgtkix@gmail.com,US
zewingman@gmail.com,US
jesdakota2007@gmail.com,US
aidenmiller1981@icloud.com,US
hizashiyamada.ua.limelight@gmail.com,US
cboxblayze@gmail.com,US
joegerik89@gmail.com,US
jijichooo@gmail.com,US
justinkirk96@gmail.com,US
rileu.branscombe@gmail.com,US
sundstromjake21@gmail.com,US
throwaway17938@gmail.com,US
12738983sam@gmail.com,US
zdiego200@gmail.com,US
wispher0211@gmail.com,FR
13monkeysky@gmail.com,US
h.c.adopts@gmail.com,FR
dd28483@email.vccs.edu,US
burnersaur@gmail.com,US
ohallorancollin@gmail.com,US
rustyshackleford320277@gmail.com,US
mudjawbaker@gmail.com,US
spamsemail20002@gmail.com,US
sidneyromanowski@gmail.com,US
therealprevailedprince@gmail.com,US
shelbylh07@gmail.com,US
nekostare@hotmail.com,IT
xooforfunoox@gmail.com,US
fyraliel@gmail.com,FR
akosorder@gmail.com,FR
nathan.anglard@gmail.com,FR
gnucco00@gmail.com,IT
jakerbail27@gmail.com,US
j0hnnyst3ps@gmail.com,US
diabetescrab@gmail.com,US
bolewis2005@gmail.com,US
hallie.ackley@gmail.com,US
aleksejeliferenko36@gmail.com,US
rakeizemt@gmail.com,FR
cjcropp16@gmail.com,US
dylansmith71101@gmail.com,US
axel-1-4-77@hotmail.com,US
c.callis88@yahoo.com,US
darealgod6@gmail.com,US
slapmasta19@hotmail.com,US
guntherjace@gmail.com,US
evdokimovmm@gmail.com,US
sibioalexander@gmail.com,US
weldblake@icloud.com,US
emxly.ana@gmail.com,US
jmoose1312@gmail.com,US
lioradavidgoodenough@gmail.com,FR
woinon8@gmail.com,US
gmh5803@gmail.com,US
zillahsylah@gmail.com,US
snooty.hallway.0@gmail.com,US
tyler.bogeyy@gmail.com,US
tenekoedouard@gmail.com,FR
danisjack78@gmail.com,US
lolwhatami88@protonmail.com,US
luca.rino.maurich@gmail.com,IT
jackeyealker@gmail.com,US
omegathird8@gmail.com,US
danny_raiders@icloud.com,US
yourjenybaby@outlook.com,US
garrettkeithweldon@gmail.com,US
tonyfleming629@gmail.com,US
pjmunger@yahoo.com,US
garyhaumpy@yahoo.com,US
1994117280@qq.com,US
0edgy0pastels0@gmail.com,US
firexl814@gmail.com,FR
alessandro.coli1792@gmail.com,IT
dman673069@gmail.com,US
hereticotter@gmail.com,US
kaixalj@gmail.com,US
coxtondaniel5@gmail.com,US
millerkinzie@yahoo.com,US
deepospataglop@gmail.com,FR
lilmac5588@gmail.com,US
isaelcargol93@gmail.com,FR
thenickyv4@gmail.com,US
fletchost33@gmail.com,US
brianallinson8@gmail.com,US
emiliobojorquez82@gmail.com,US
ndealy@gmail.com,US
grdsitts@gmail.com,US
jmsims1997@gmail.com,US
jacksonbrown1230@proton.me,US
kaaexperienced@yahoo.com,US
colef9060@gmail.com,US
qeg8kk@virginia.edu,US
joesmo6969@proton.me,US
jjjanechek@gmail.com,US
michaelaalistertaylot@gmail.com,US
fillburnjerry@gmail.com,US
elliednd14@gmail.com,US
suc4ky@outlook.com,FR
pipersienna2006@icloud.com,US
914067714@qq.com,FR
femboyanimelover93@gmail.com,US
digidead@protonmail.com,US
bladeslay06storm@gmail.com,US
smorgan1015@gmail.com,US
jackdoe232000@gmail.com,US
krugerdunter16@gmail.com,US
crowofdusk@proton.me,IT
brandimiller101@ymail.com,US
slickbottom16@gmail.com,US
marcojuliansantos@gmail.com,US
bugbaby2772@gmail.com,US
zsquishz1@gmail.com,US
456.com@live.com,US
hdvbdpansv@gmail.com,FR
wild.fire.darkness@gmail.com,US
geezknz@gmail.com,US
dual.conflict@gmail.com,US
jaccogburn@gmail.com,US
lugolu2892@gmail.com,US
zootzoot314@gmail.com,US
roboxman26@gmail.com,US
deliveredmilk1404@gmail.com,US
od353jij@gmail.com,US
thedemonkiller013@gmail.com,US
ccianelli1966@gmail.com,US
rammstein1551@gmail.com,US
gaetanb974@gmail.com,FR
thomasmartinjr2@gmail.com,US
greyish-curlers.3o@icloud.com,US
maxcraft5228291@gmail.com,US
drake.jennings9898@gmail.com,US
theo34.en@gmail.com,FR
eli.abuel01@gmail.com,US
jonathan@homelefebvre.fr,FR
jon334blue@gmail.com,US
glitchedr0bot2000@gmail.com,US
craigkennison4@gmail.com,US
vorotnikov.i95@gmail.com,FR
wmpgqx@xevorin.com,US
ejmx25@gmail.com,US
thunderfeather88@gmail.com,US
domguy360@gmail.com,US
connerkidd98@gmail.com,US
romeo.bondy00@gmail.com,FR
austinspires@outlook.com,US
glitchdasher64@gmail.com,US
spare057585@gmail.com,FR
agentbottle@yahoo.com,US
dsabo329@gmail.com,US
billings_d@yahoo.com,US
yuu0notyou@gmail.com,US
hyruleworrior@gmail.com,US
rexthelapis@gmail.com,US
sukuraowen@gmail.com,US
lazey848@gmail.com,US
mbodin89@gmail.com,US
sirenriley141@gmail.com,US
cflim0725@gmail.com,US
malthrix@gmail.com,US
slaveyan@163.com,US
trunguschuckles@gmail.com,US
seale76@yahoo.com,US
mdonald556x@gmail.com,US
amandawetzel0224@gmail.com,US
rebeccalbritt@aol.com,US
jacksoncarlton209@gmail.com,US
runawaylove1990@gmail.com,US
opalfenix00@gmail.com,US
michaelborboa739@gmail.com,US
ilgnertyler@gmail.com,US
gregoryjr66@gmail.com,US
cohev61130@wivstore.com,US
wyldwarrior13@gmail.com,US
baron51830@gmail.com,US
jeanmat.ovarbury@live.fr,FR
jaymiller1155@gmail.com,US
yamadayuki200322@gmail.com,US
c-tom7@hotmail.fr,FR
atwoodmack39@gmail.com,US
lunsri.siraphop@gmail.com,US
estoniusvargrave@proton.me,US
caseyg@duck.com,US
tehmichaels@icloud.com,US
jhscollectors@gmail.com,US
peak.click1645@eagereverest.com,US
romainmenetrier01@gmail.com,FR
roberth123best@gmail.com,US
jesse.gonzalez93@yahoo.com,US
miserablehyena@gmail.com,US
redjet3000@gmail.com,US
boostedfost@gmail.com,US
reeceadam538@gmail.com,US
pavelmihalchuk1990@gmail.com,US
arkhan.alter@gmail.com,FR
ra.rector1@gmail.com,US
redwarriorol@outlook.com,US
jokeranarch1408@gmail.com,US
bianca.torr3z@gmail.com,US
wackraft02@mail.ru,US
roboced392@gmail.com,US
ourouk72@gmail.com,FR
nlippard12@gmail.com,US
fy2270274243@gmail.com,FR
spinyoyonova@gmail.com,US
lord_vortex@hotmail.com,US
heydeckelucas4@gmail.com,FR
aidanmenon@gmail.com,US
joelbernard603@gmail.com,US
gabhanthegod@gmail.com,US
mpdmt@proton.me,FR
jdownes747@gmail.com,US
gabrielasyouwish@gmail.com,FR
ryuk419@gmail.com,US
jasmynf55@gmail.com,US
shabrovkinoo7@gmail.com,FR
sjcmb24@gmail.com,US
southsidecuh1@gmail.com,US
garindavin@gmail.com,US
d.evans2300@gmail.com,US
massmatt371@gmail.com,US
henrywharrison@gmail.com,US
del_aguilar@ymail.com,US
camk91285@gmail.com,US
dixontiana097@gmail.com,US
lauren.meiers@gmail.com,US
dantelong552@gmail.com,US
mikofyra@yahoo.com,US
thomaswidi2184@gmail.com,US
amekonahara001@gmail.com,US
heyou37@hotmail.com,US
shinigamie24034@gmail.com,FR
sgtfreddyboss@gmail.com,US
ukuleleenot@gmail.com,US
gobrolygogo777@gmail.com,FR
sharonsturgill88@yahoo.com,US
herjohngrant@gmail.com,US
spencerscpo@currently.com,US
av65334@gmail.com,FR
trasher45@yahoo.com,US
emmawllams09@icloud.com,US
blee1pr@gmail.com,US
nesbittlucas@yahoo.com,US
marina444444444444444444444@gmail.com,US
angelstriker@icloud.com,US
tekken4life3@gmail.com,US
nodi.boi69@gmail.com,US
aniper300@gmail.com,US
jimfenceman@gmail.com,US
aniyahgibbs0410@gmail.com,US
carolinelesage00@gmail.com,FR
tjones6495@gmail.com,US
heupdog24@yahoo.com,US
iseeyouh0e@icloud.com,US
ej123.ebg@gmail.com,US
caillie.lynn@gmail.com,US
peppie16421@yahoo.com,US
vikvonholf@gmail.com,US
gowbaxterka40@yahoo.com,US
alertcore70@gmail.com,US
jjseale@gmail.com,US
krisis420@gmail.com,US
setakaiboneko@gmail.com,US
ninernathan@gmail.com,US
zombiestomper13@gmail.com,US
johnrawlsveil@gmail.com,US
yangcanmerets@163.com,US
jennybugg28@gmail.com,US
ericktmurphy@gmail.com,US
wulx@yahoo.com,US
krsab96@yahoo.com,US
dmitriyblack1945@gmail.com,FR
britcherevan3@gmail.com,US
anon.red.glob@tutamail.com,US
idk174735@icloud.com,US
burbandil@gmail.com,US
graverave666@yahoo.com,US
darksalamander51423@mail.ru,FR
a.simon001@yahoo.com,US
joshuawashingtons42@gmail.com,US
phillipjaggers365458@gmail.com,US
aloha.milaa@gmail.com,US
beladusofmondstadt@gmail.com,US
atimmons26833@gmail.com,US
mik.tatiana39@gmail.com,FR
blackcrest87@gmail.com,US
civako8478@wacold.com,US
hdeval390@gmail.com,FR
emistar2001@icloud.com,US
spacehulkdeathwong@gmail.com,US
alindsey2024@gmail.com,US
carterzacharyy24@gmail.com,US
glekalex4@gmail.com,US
a.t.lowden@gmail.com,US
elli.stellar@gmail.com,IT
savageheart11@gmail.com,US
psemp10@proton.me,FR
tonycortez050405@gmail.com,US
harmonymellierre@gmail.com,US
coleandalasia@icloud.com,US
j.callonnec@gmail.com,FR
fluctifragus@gmail.com,US
throwawaytestacc44445@gmail.com,US
lorgsky@gmail.com,FR
porreyephilippe@outlook.fr,FR
luckytrilogypc@gmail.com,US
fiendtown@gmail.com,US
rod2brazzy@gmail.com,US
jtgold022@gmail.com,US
brandonshirley1999@icloud.com,US
jadielemanuel9@gmail.com,US
kpdpbb@gmail.com,US
apelite1@yahoo.com,US
applecapable@gmail.com,US
rowandelmos@icloud.com,US
tyjeff9@gmail.com,US
hargrovezzs01@gmail.com,US
nataliesowers02@gmail.com,US
willis96@gmail.com,US
smuttyben@protonmail.com,US
andreasaemmar.1611.suzy@gmail.com,IT
camaricrayton5@gmail.com,US
sicloneisyt4@gmail.com,US
landibrandi27@gmail.com,US
rennoza013@gmail.com,US
bdenney21@hotmail.com,US
dima.1995.tazov@gmail.com,US
johnspam1122@gmail.com,US
letussee1111@gmail.com,US
brodymtz5@gmail.com,US
violetskies4111@gmail.com,US
mackd2408@gmail.com,US
johnwise454@gmail.com,US
oompha7@protonmail.com,US
caitlynsmith00@gmail.com,US
aftershockwolf08@gmail.com,US
foreveracademy2.0@gmail.com,IT
jayciebrown49@gmail.com,US
wolfrose2023@gmail.com,US
apollosavage117@gmail.com,US
spocan@outlook.com,US
platinumgold1243@gmail.com,US
ttiarrico@gmail.com,IT
pad.luca03@gmail.com,IT
qwahmed293@gmail.com,IT
masacip107@gmail.com,US
rubezal@outlook.com,US
wowkhalidmufti@gmail.com,FR
ceyoung2006@gmail.com,US
christinedbadia5@gmail.com,US
landenhowell93@gmail.com,US
gerberberger4@gmail.com,US
reginatorrance@gmail.com,IT
aaron.leslie13@gmail.com,US
adamburgoon30@hotmail.com,US
nomorespam554@gmail.com,US
samuelowyn@gmail.com,US
obsessedwithtooru@gmail.com,US
maksekpunk@gmail.com,IT
halfmario456@gmail.com,US
lt9875@gmail.com,US
amberrainey56@gmail.com,US
spencedoesit@gmail.com,US
donaldrogham@protonmail.com,FR
vzwdragon@gmail.com,US
kmjr.321@gmail.com,US
jackbrandt98@gmail.com,US
k.axigri.m@gmail.com,US
arielmwallace@gmail.com,US
sylviazhu7843@gmail.com,US
mikemilligan214@gmail.com,US
haywoodkiara@yahoo.com,US
dimitri.quere@hotmail.com,FR
page12345678.page@gmail.com,FR
jeffreyblobbs@gmail.com,US
art.aguilar9292@gmail.com,US
secretsix1776@gmail.com,US
tangeast@proton.me,US
auyaya@hotmail.com,FR
lililikali0555@gmail.com,FR
leepinner2000@yahoo.com,US
ja.salamon95@gmail.com,US
nica_20_03@mail.ru,US
jakedenson92@gmail.com,US
mmh89@comcast.net,US
sebastien.vonglasow@gmail.com,FR
merlin4life@protonmail.com,US
coolrobotdance@protonmail.com,US
awwwusten@icloud.com,US
zakkypooh@icloud.com,US
cerstine2002@yahoo.com,US
judasfurreal@gmail.com,IT
jessebrushton@gmail.com,US
ap@antwanp.com,US
nagisasexyshota@gmail.com,FR
drphinehasjwolf@gmail.com,US
clarkjoe635@gmail.com,US
calebnation1998@gmail.com,US
anb96405@gmail.com,US
lilchrismedia@gmail.com,US
dmain5490@googlemail.com,US
teem.carton@gmail.com,FR
marc.kieken@gmail.com,FR
nick1998m@gmail.com,US
brennanpatrickhart@gmail.com,US
talk.rust492@simplelogin.com,US
rahulrichard.connect@gmail.com,US
zach@kumpes.com,US
tommorr0701@gmail.com,US
hydrospectical2@gmail.com,US
chriskelley429@gmail.com,US
benzinasenzapiombo111@gmail.com,IT
ethanleighdnd@gmail.com,US
green3y3s90@gmail.com,US
maitrepandori@gmail.com,FR
randomdude1191@gmail.com,IT
frozenpineappletree@gmail.com,US
eddie.rodriguez27@gmail.com,US
forcreamyaiuseonly@gmail.com,US
xxstars987xx@proton.me,US
velenarus999@gmail.com,FR
alexandria.parker66@gmail.com,US
abc.decede2@gmail.com,FR
powderrat@yahoo.com,US
snugglyjoey668@gmail.com,US
mysbs10@aol.com,US
jacklepirate11@gmail.com,IT
balled-armrest6v@icloud.com,US
juliannaharris05@gmail.com,US
herosam129@gmail.com,US
parodyhigurashi@gmail.com,IT
kaiazerwifey1@gmail.com,US
kylie406359@gmail.com,US
scott.milam@gmail.com,US
shinnjacob@proton.me,US
cpreston2112@gmail.com,US
divineplatinum97@gmail.com,US
travis.heredia03@gmail.com,US
ap405803@gmail.com,US
seth.easter1@gmail.com,US
gjgivleram@gmail.com,US
yesntyomom@gmail.com,IT
brycen12407@gmail.com,US
dysaguire@gmail.com,US
easton.robbins20@yahoo.com,US
jpsheep94@gmail.com,US
trvsgrhm21@gmail.com,US
storminnorm10@live.com,US
zachgraham2188@gmail.com,US
ctr2907@icloud.com,US
visualecho437@gmail.com,US
godzilla.e.escobar@gmail.com,US
attackingeap25@gmail.com,US
jcs5791@gmail.com,US
annabunnygirlz@gmail.com,US
julien.fanaff@gmail.com,FR
emmettwilson111@gmail.com,US
elder8419@outlook.com,US
mysticshadow809@gmail.com,US
jessica1992@convergenceservice.com,US
alejandrorosalesaguirre@gmail.com,US
healers_shucks_5c@icloud.com,US
jeraldcarmine943@gmail.com,US
naajcerolly@gmail.com,US
harman.daniel@ymail.com,US
boeckelhunter@gmail.com,US
gumshoe@azartfoundry.com,US
anonnomus404@gmail.com,US
xotillweod90@gmail.com,US
thisisamotovlog@gmail.com,US
zjfk5@yahoo.com,US
waltner122@gmail.com,US
qmu2228@gmail.com,US
jayson.contino74@gmail.com,US
ericfleenor24@gmail.com,US
a.leigh.vaughan@protonmail.com,US
timmyturner27488@gmail.com,US
leenxn@live.com,US
jensenmunro20@gmail.com,US
michael.oxlongg@protonmail.com,US
falconphotos123@gmail.com,US
orangemeagle@proton.me,US
sammiesms7@gmail.com,US
nickburalli@gmail.com,US
jocelynjeffries05@yahoo.com,US
ashtbcraft@gmail.com,US
45walter97@gmail.com,IT
umyarovandrey3000@gmail.com,US
cstoll64@live.com,US
bobrode@gmail.com,US
czecht@duck.com,US
ocwalker004@gmail.com,US
swh333@gmail.com,US
rubonout@gmail.com,US
itzallkaos2@gmail.com,US
thename20092@gmail.com,US
dmwinslow@proton.me,FR
plumit@protonmail.com,US
a761481702@gmail.com,US
chassidymitchrwlll@gmail.com,US
andrewbobon@gmail.com,US
zombie_luke22@icloud.com,US
xtina1600@gmail.com,US
ferguson.km@gmail.com,US
audreyjonessherlock@gmail.com,US
larryt3665@gmail.com,US
sinperaschico@gmail.com,US
katackett092@gmail.com,US
kilian.gzc@gmail.com,FR
kjoroensen@gmail.com,US
ulysnasher@gmail.com,US
lordoftheblazinginferno@gmail.com,US
tehillah320@gmail.com,US
tdoghyena@gmail.com,US
rain_lana@aol.com,US
destinycrommie@gmail.com,US
davidk89034@gmail.com,US
mae.baguette@gmail.com,US
bradyjohnson345@gmail.com,US
wangyuan20000430@gmail.com,US
beanpeters23@gmail.com,US
miji11650@gmail.com,US
wedgieman6656@gmail.com,US
dragonslayer000.ds@gmail.com,US
grant.a.wright@gmail.com,US
bybatuhd@gmail.com,US
kaciamoses@gmail.com,US
thebestliltuber@gmail.com,US
blazer45.cc@gmail.com,US
wolf_love_forever@yahoo.com,US
brendany503@gmail.com,US
jodieblf@gmail.com,US
agilityhex@gmail.com,US
ophelialupinblack@gmail.com,US
a.m.p.april2008@gmail.com,US
dyllersen0666@gmail.com,US
johnfsnow1122@gmail.com,US
tellerjeffery@gmail.com,US
ya.oeron@gmail.com,US
coreymaxedon@gmail.com,US
shakemilton18@proton.me,US
marctomas508@gmail.com,US
knifeguy2011@gmail.com,US
zacharykingsboro@gmail.com,US
keks40k@gmail.com,FR
mason.brenneck@yahoo.com,US
jacobru85@gmail.com,US
viraalbion@gmail.com,FR
alexdelong@live.com,US
caydef.wattson617@hotmail.com,US
rodney@entouch.net,US
ai@dimortox.com,US
tom.fort402@gmail.com,US
billmichaelsanders@gmail.com,US
deezbowles69@gmail.com,US
kaasmylina@gmail.com,US
trvnsj@proton.me,US
lily-fuels.7b@icloud.com,US
claytonlove428@icloud.com,US
sexyai.exploring216@simplelogin.com,FR
flashstarc50@gmail.com,US
lilroby21@yahoo.com,US
belstein@gmail.com,US
byousvanoliyn5299@gmail.com,US
kaylatv532@gmail.com,US
rsmike41@gmail.com,US
soorajkarthik15@gmail.com,US
kefosol5455@gmail.com,US
greg_morris_5@yahoo.com,US
category682@proton.me,US
himuraannabell@gmail.com,US
santodes217@outlook.com,US
azaelsergal@gmail.com,FR
antlnarvaez2@gmail.com,US
mary.e.marcum@gmail.com,US
ispolatovas@gmail.com,US
rhianathos@yahoo.com,US
ghguy22@gmail.com,US
rhodenjb@gmail.com,US
vixensys@gmail.com,US
healeyfan1674@gmail.com,US
orianna1510@gmail.com,US
abbyjune08@icloud.com,US
dreagan.kiefer@gmail.com,US
inus.cool@gmail.com,US
gdagdigdagdagog@gmail.com,FR
dominiqueburke4@gmail.com,US
mitchell.r.cottrell@gmail.com,US
alterenter@outlook.com,FR
bobbygregory120@gmail.com,US
2098829853@qq.com,US
klopper092@gmail.com,US
krayjones2@gmail.com,US
alexdu17500@gmail.com,FR
gemstone957@gmail.com,US
dk.isabel@icloud.com,US
xstnxxx@gmail.com,US
colemantalamantez@gmail.com,US
m.catherine.k@gmail.com,US
bandalaalex@icloud.com,US
brush-slink6r@icloud.com,US
dhunter20001015@gmail.com,US
cwnel44@gmail.com,US
mgj98@cox.net,US
p.dormady.1010@gmail.com,US
komissar1148@gmail.com,FR
janykagoheen41@icloud.com,US
tonybizelli@gmail.com,US
bellconnor965@gmail.com,US
deft.tones@icloud.com,US
lesbianliz00@gmail.com,US
reeboktan@gmail.com,US
bingbong001@proton.me,US
cookiecharger2009@gmail.com,US
trippdarc@gmail.com,US
towel.piece.enjo@mycloaked.id,US
bmallett22@yahoo.com,US
spicy.fax266@passinbox.com,US
varlamovmaks13@gmail.com,US
l06244778@gmail.com,US
simenz3334@gmail.com,US
fanny.vey77@gmail.com,FR
lvald751@gmail.com,US
elsasnowflake179@gmail.com,US
shugnite99@gmail.com,US
theonealex777@gmail.com,US
vcolon42402@icloud.com,US
dcwalton76@gmail.com,US
trippin155@yahoo.com,US
azetlor@yahoo.com,US
bichon.chonbi51@laposte.net,FR
xieshiyi050418@gmail.com,US
lockman1964@gmail.com,US
ansfelthat@gmail.com,FR
leah23444@yahoo.com,US
asdfqwer@mailinator.com,US
tistark2008@outlook.com,US
dallaswaege@hotmail.com,US
jdmurdok@gmail.com,FR
ideutsch491@gmail.com,US
droctrs@proton.me,US
walker.nicholas3369@gmail.com,US
mystymauve@gmail.com,FR
nico25415@gmail.com,FR
omara.brody@gmail.com,FR
anthonytone2004@icloud.com,US
harrysarle123@gmail.com,US
bobplatt7@gmail.com,US
anobody75644@gmail.com,US
akess_nobody99@qq.com,IT
poop.pandaaa@gmail.com,US
omegakirby11@gmail.com,US
benevolentbananalord@gmail.com,US
zoennaspindrift@gmail.com,US
tinytubsandbigolfountains@gmail.com,US
kiddrox95@gmail.com,US
elijahbrown8646@gmail.com,US
tameamhandy@gmail.com,US
hiap@live.com,US
kmaxx714@gmail.com,US
mattyrand25@gmail.com,US
jacob.stick@trinitycollege.edu,US
es55755@gmail.com,US
paulmoore672@gmail.com,US
ryderpadraig@gmail.com,US
alyssaa_ashley@yahoo.com,US
kolbyc15@gmail.com,US
corvinpoke@gmail.com,US
itsdjwolf9988@gmail.com,US
viralmaster101@live.com,US
1135firefly@gmail.com,US
obscuregaming101@gmail.com,US
aliqqrerr@gmail.com,US
stonefury1633@gmail.com,US
lion62@msn.com,FR
naomiweihuaning@gmail.com,US
midnight10151@gmail.com,US
raphdunner@mail.com,IT
rcarr100@aol.com,US
breinertyler225@gmail.com,US
magic6majki@gmail.com,US
deathcreep95@gmail.com,US
ajaturner8@icloud.com,US
romeshalarosa1@gmail.com,US
kalypso555999@gmail.com,FR
cmjy114514@gmail.com,US
dhuerta1998@gmail.com,US
fritland@outlook.fr,FR
janesestes181@gmail.com,US
weloveyouselena3@gmail.com,US
sc6@mailbox.org,IT
marinehedges95@yahoo.com,US
alexis.marcel.2002@gmail.com,US
kyiasohma1@gmail.com,US
arechigaalbert@gmail.com,US
aleksandrbuntin01@gmail.com,US
jdeliefde417@icloud.com,US
xhydrator@gmail.com,US
mafurroita@gmail.com,IT
brettlea@mac.com,US
zachary.r.eichhorst@gmail.com,US
pcyarien@gmail.com,FR
thomasvalentin@live.fr,FR
timm.autumn2262@gmail.com,US
fabior2246@gmail.com,IT
jocelynehuet18410@gmail.com,FR
aerials.birdies_0w@icloud.com,US
samuriklein@gmail.com,US
ragnasedge@gmail.com,US
marc.arnault10@gmail.com,US
niae998@gmail.com,US
jklmnopey@proton.me,US
charron.abby@yahoo.com,US
mdlfcri18@gmail.com,US
havoc006655@yahoo.com,US
jojobearry69@gmail.com,US
gascointanguy6@gmail.com,FR
toftheabyss7@gmail.com,US
mwh.utest@gmail.com,US
nicolas.maurin28091979@gmail.com,FR
azsherlock@protonmail.com,US
admiralinferior@gmail.com,US
itisanniebelle@gmail.com,US
emaleo234@gmail.com,US
jason.a.h.rolf@gmail.com,US
ajcegledi2000@gmail.com,US
captivate2028@gmail.com,US
hughmcmungus69@proton.me,US
noemiflor97@gmail.com,IT
train4425@gmail.com,US
vid.iosound@gmail.com,US
moonsilver712@gmail.com,US
mvanduin0@gmail.com,FR
filipendopetrek1@gmail.com,IT
gassaiyuno284@gmail.com,US
sadkova.lol-polina@mail.ru,FR
sincerelymaxiro573@gmail.com,US
sikatrix650r@gmail.com,US
warren.kennedy.zp@gmail.com,US
alistermorgan9@gmail.com,IT
samuelsamabd17@gmail.com,US
muhammadalirizki583@gmail.com,US
limaskyran@gmail.com,US
lackoptions@gmail.com,US
jinisato2@gmail.com,US
1573781715@qq.com,US
slvhilko@gmail.com,US
jackmcloven10@gmail.com,US
jordyhall1993@gmail.com,US
greatsharks062255@gmail.com,US
tacodestroyer6923@gmail.com,US
hunterlahr1107@gmail.com,US
myorkjapan@gmail.com,US
brendanhufnagel@gmail.com,US
troy.e.gibson@gmail.com,US
antegorka2004@yandex.ru,US
killeros13@gmail.com,US
jacksonschadt@gmail.com,US
jlarkin941@gmail.com,US
lyjohn0102@gmail.com,US
bak3vegas@yahoo.com,US
heytheredank@yahoo.com,US
dredc15@gmail.com,US
tomken30@gmail.com,FR
truepilot@icloud.com,US
josh.gorman75@gmail.com,US
tuellana9@gmail.com,US
roblesruth359@gmail.com,US
rhysj9008@gmail.com,US
vidcollection.tumblr@gmail.com,US
rayraymagick@gmail.com,US
alairicvuclon@gmail.com,US
djb0373@gmail.com,US
spidernate1981@gmail.com,US
1138094934@qq.com,US
mcars.mdc@icloud.com,US
sc3n3k1dm4x@gmail.com,US
mrloya1313@yahoo.com,US
davidsonkayleigh935@gmail.com,US
dineenclementina856@gmail.com,US
rsyblfe1dr@gmail.com,US
bradenhhardin@gmail.com,US
ollydazn@gmail.com,IT
64.logins.juiced@icloud.com,US
re1gnr1ps@gmail.com,US
victoriaasmith35@gmail.com,US
ale89xxvxx@gmail.com,IT
chibitoothless@gmail.com,US
maxman1782@gmail.com,US
drachma@outlook.fr,FR
mooretyrail@yahoo.com,US
nikit96@yahoo.com,US
lilsprite117@gmail.com,US
nik.zelinskiy.06@gmail.com,US
nasdadon98@gmail.com,FR
kdsandlot@gmail.com,US
gary.davis@davisfi.xyz,US
mintyminch18@gmail.com,US
mapsandstuff6969@yahoo.com,US
dboyyyy42@gmail.com,US
sbo87260@outlook.com,US
jtjohnson8735@gmail.com,US
kaizute.fr@gmail.com,FR
massimo@triulzi.eu,IT
babababapro212@gmail.com,IT
burnsturf23@gmail.com,US
joonjo38@gmail.com,US
dabestorm@gmail.com,FR
karnlloyd@gmail.com,US
michael.zales@gmail.com,US
undeadban213@gmail.com,US
xelvispelvisx@gmail.com,US
alexdupl60@gmail.com,US
j1mtonion@gmail.com,US
summeristhegoat233@gmail.com,US
n8s80vette@hotmail.com,US
rotommownp@gmail.com,US
bigjerrs2002@gmail.com,US
plaeronewait@gmail.com,IT
nkoutrakos23@gmail.com,US
noahja92500@gmail.com,US
2026965@gmail.com,US
forkelkayla@gmail.com,US
josephrichardson529@gmail.com,US
boudet.crypto@gmail.com,FR
serenityedwards11@gmail.com,US
charlesostyn2019@gmail.com,US
nightingalenyx4@gmail.com,US
mirarkern@gmail.com,US
mrsbray2018@gmail.com,US
spammcegeee@gmail.com,US
rosetuhenya@gmail.com,US
daveportnoy42@gmail.com,US
hondocalrizz@yahoo.com,US
gbshark2018@gmail.com,US
josephtvega@gmail.com,US
lanellmalone@gmail.com,US
alec.moak@gmail.com,US
armourbailbonds@gmail.com,US
mimicnova25@gmail.com,US
mr.1990x@gmail.com,US
alevsq17@gmail.com,FR
kshitijgiri3012@gmail.com,US
sulphur1977@gmail.com,US
mark.swaggy@aol.com,US
giannicola.aru@gmail.com,IT
kpkevinpearson3@gmail.com,US
brennanmeder27@gmail.com,US
zackkatic@gmail.com,US
kinggonzalez1995@gmail.com,US
cowabunga_surfsup@protonmail.com,US
seeviceq@proton.me,US
boytkins@gmail.com,US
dietrick.whelan@gmail.com,US
bwade1445@gmail.com,US
cvossohh@gmail.com,US
oneandonlycarcar@icloud.com,US
straderroto@gmail.com,US
jameslaney71@gmail.com,US
goblingongonl@gmail.com,FR
xeremori@gmail.com,US
tangotankman@gmail.com,US
chas.cerutti@yahoo.com,US
stephane.lamy013@gmail.com,FR
volcanomenace@icloud.com,US
ajkendrick28@gmail.com,US
nereesa9238@gmail.com,US
jadawin71@protonmail.com,US
rowankeller0@gmail.com,US
paigegaming06@gmail.com,US
toastmaster869@gmail.com,US
nmare8445@gmail.com,US
giovannimesolassacreed@gmail.com,IT
timforyounow@gmail.com,US
phorund@gmail.com,US
sinfulhyena@hotmail.com,US
e.gg.g.gg.1.2.axswa.1@gmail.com,US
jeremy.hurst2286@outlook.com,US
lilykiko62@gmail.com,US
jhcarey28@gmail.com,US
phuriousgeorge@pm.me,US
ttosh52@icloud.com,US
pizzasteve1302@gmail.com,US
tayscruggs77@gmail.com,US
firebbird1@gmail.com,US
rshirley799@gmail.com,US
simo34hayha@gmail.com,FR
liaelinor@gmail.com,FR
andrewilkerson@ymail.com,US
cvtrashbin@outlook.com,US
jcwhite.nc@gmail.com,US
picturethis346@outlook.com,US
aaqqq0400@gmail.com,FR
nikobelic1961@gmail.com,US
khornwarriors@gmail.com,US
msxaro1@gmail.com,US
cm10mm@protonmail.com,US
graysonmann624@gmail.com,US
jalen1cain@gmail.com,US
lynjerry98@gmail.com,US
captainlanius@gmail.com,US
akukinryu@gmail.com,US
j98459127@gmail.com,US
hiltgomery2012@gmail.com,US
tristanikita17@gmail.com,US
iisailormade1738@gmail.com,US
planteaiden458@gmail.com,US
whitegarrick4@gmail.com,US
jscott20200@gmail.com,US
tyler.bonham@aol.com,US
drewstone1994@gmail.com,US
magicalmonstress1@gmail.com,US
thefireninjaguy@gmail.com,US
richardhhille@gmail.com,US
tylershinn1022@gmail.com,US
tsunamiwade@gmail.com,US
frozenmatt9192@gmail.com,US
melancholie_65@hotmail.com,US
daddymemu@gmail.com,FR
cowboystn@icloud.com,US
anev.niko88@gmail.com,US
lowetyler59@yahoo.com,US
bmstyletree@gmail.com,US
cammydoloue@gmail.com,FR
johntriesjohntries@proton.me,IT
mpb1410@icloud.com,US
s.tunley@hotmail.com,US
katywright73@gmail.com,US
arotker45@gmail.com,US
jairenpalacios075@gmail.com,US
nougatmax18@gmail.com,FR
bookjuno11@gmail.com,US
sofiag.alcala96@gmail.com,US
lbernacchia42@gmail.com,IT
jb.dn1220@gmail.com,US
thedirtydeeds552@gmail.com,FR
zhuqi20150427@gmail.com,FR
xmychemicalromx@gmail.com,US
0gpg0@proton.me,US
aaronsworld25@gmail.com,US
thestonedrake@gmail.com,IT
aricj97@gmail.com,US
inmyopinion027@gmail.com,US
johncenaobamaballs@gmail.com,US
mavyrick7@gmail.com,US
sinbadofsaid@proton.me,FR
nicholas_jones_25@hotmail.com,US
crowben1999@gmail.com,US
itsjustagibus@gmail.com,US
joseph.j.foy@gmail.com,US
ishenko.egor96@gmail.com,IT
cooldudedragon5555@gmail.com,US
maxim7777755@gmail.com,US
guyatepie123@yahoo.com,US
marcel.mf7@gmail.com,US
esenovashat7@gmail.com,IT
bvotony2475@gmail.com,US
0ghostsinmywallz0@gmail.com,US
ebdrivingaus@gmail.com,US
percy617117@gmail.com,US
jschilling5529@gmail.com,US
sandiegomedicbus@gmsil.com,US
bmayugba@gmail.com,US
rob031548@gmail.com,US
kjasonis06@icloud.com,US
smolnyxkitten@gmail.com,US
livingshadow192@gmail.com,US
burnnerr11@gmail.com,US
benurussell@gmail.com,US
kaiasya04@gmail.com,US
otmqkh@xevorin.com,US
garth_loftin@yahoo.com,US
sakousakisaki@gmail.com,FR
avery002avery002@gmail.com,US
3256273887@qq.com,US
kramsdell6232@gmail.com,US
sierrasykes@msn.com,US
tylerman633@gmail.com,US
charliesfunnysss@gmail.com,IT
eccentricpros@gmail.com,US
alaynafriend03@gmail.com,US
xxcamrizxx16@gmail.com,US
kostyaroblox@gmail.com,FR
branrichterrrr@gmail.com,US
lfgdphence@gmail.com,US
michael.schumacher.993@gmail.com,IT
actualityreactr@outlook.com,US
brenkor999@gmail.com,US
j94751691@gmail.com,FR
david.ortega5468@gmail.com,US
nelthomas888@gmail.com,US
ahistoricalanomaly@gmail.com,US
gibsonjason99@gmail.com,US
razumov.ra-misha@mail.ru,FR
valemanga@hotmail.com,FR
grapesake@proton.me,US
aaron.singh886@gmail.com,US
s.blackwood1@yahoo.com,US
mendanbar8833@gmail.com,US
ravzyravzy@gmail.com,US
911wasaninsidejon@gmail.com,US
dimatupikin200511@gmail.com,US
mariogalaxy943@gmail.com,US
lexidaisy666@gmail.com,US
tipsyhyena0@gmail.com,US
mikanoooch@gmail.com,FR
amber7892@live.com,US
716anthonymartin@gmail.com,US
nathanielheatheon@gmail.com,US
hippy_joe_cool@hotmail.com,US
nobleadalee@gmail.com,US
hesalome@outlook.com,FR
abilli900@gmail.com,US
theajaniplayer@gmail.com,US
jimjimtimtim147@gmail.com,US
drummer96apc@gmail.com,US
tpublicontact@gmail.com,FR
877969623@qq.com,FR
masseffectcodfan13@gmail.com,US
schnei.thomas@yahoo.fr,FR
pebostalone@gmail.com,US
mckinleydrew@yahoo.com,US
nate44779@gmail.com,US
villan_jenna@me.com,US
xkbv5@proton.me,US
blueblazergames@gmail.com,US
ncarfora11@gmail.com,US
tylerdscott.96@gmail.com,US
mwalters715@gmail.com,US
mishaswow@gmail.com,US
aarionmays@gmail.com,US
pacominion1@yahoo.com,US
katya.dyukova84@gmail.com,US
singedhyena@gmail.com,US
imjeraldtaylor@icloud.com,US
strykefyre5@gmail.com,US
adoghhs@gmail.com,US
jsimons1995@yahoo.com,US
truinuyashafan@gmail.com,US
letmeinnowplsy@gmail.com,US
redraw911@gmail.com,US
jhnmre@yahoo.com,US
carmenseale56@gmail.com,US
allannahstroman@gmail.com,US
warjlb@yahoo.com,US
prismsonenshine@gmail.com,US
mmc388004@gmail.com,US
oldboy8199@gmail.com,US
75tthh@gmail.com,US
cbolender2004@gmail.com,US
averol20@googlemail.com,US
nevtisov.jr@gmail.com,US
nardethgaming@gmail.com,FR
lemaribagus209@gmail.com,US
unknown04947@proton.me,US
jhaightsnake@gmail.com,US
bodle431@gmail.com,US
alexandre.fernique@gmail.com,FR
beebe53049@gmail.com,US
wow990099@gmail.com,US
ledaxf730@gmail.com,US
btdfdsfs@tivo.camdvr.org,IT
fanch.coeffic@gmail.com,FR
leonard.d.anderson@gmail.com,US
emotionxldoll@gmail.com,US
maurice.dillon15@gmail.com,US
548robbor@gmail.com,US
yulianazenon30@gmail.com,US
pd223m@proton.me,US
camerondevuy@gmail.com,US
mclaneelvis@gmail.com,FR
luoxiaoyan111@gmail.com,FR
courtneymanzanares@gmail.com,US
rachelcheeks16@gmail.com,US
chucko1634@gmail.com,US
randomguy0128@gmail.com,US
thr0rim@outlook.fr,FR
brandnewday523@gmail.com,US
gamerm92@gmail.com,US
akjayoffixial@gmail.com,US
compuwiz0@gmail.com,US
andylovemaag@gmail.com,US
albertbrito509@gmail.com,US
xt25xtc@gmail.com,US
dragonzfang@protonmail.com,US
hincheyc@yahoo.com,US
neleahlevel4@gmail.com,US
danielcodee33@gmail.com,US
falconmubarak@gmail.com,FR
1687949513@qq.com,US
marccraw67@gmail.com,US
olegbokov94@gmail.com,US
skyvector0716@gmail.com,US
z.zero@tutanota.com,US
maximvelig24@gmail.com,FR
drgv7600@gmail.com,US
hypersonic999@yahoo.com,US
mokureen@tutamail.com,IT
enigmaenvi@gmail.com,US
otheraltboy@gmail.com,US
michelle022282@gmail.com,US
dzirt100@gmail.com,FR
duilio.escobedo@inboxorigin.com,US
fcollins931@gmail.com,US
tiredhyena7@gmail.com,US
itsbry.420@yahoo.com,US
jon.zan.05.12@gmail.com,US
version3saul@yahoo.com,US
quentincorvin183@gmail.com,US
maxwelltamez@gmail.com,US
sonaminc@163.com,US
hainehergie@gmail.com,FR
nuvolanera0000@gmail.com,IT
dubersteinrandy@gmail.com,US
rico300081@gmail.com,US
damianbishop10@gmail.com,US
s.k.j.lawrence@gmail.com,US
h3ntail0rd5@gmail.com,US
talonofkhan@gmail.com,US
paul.dextres@gmail.com,FR
vrefsda@tshirtsavvy.com,US
ehallford01@gmail.com,US
rebels_yaks_7z@icloud.com,US
solorianskye222@gmail.com,US
j.york3@yahoo.com,US
willandbecker@gmail.com,US
willowmira01@gmail.com,US
yeetitsvenny@gmail.com,US
karmaic.backlash@gmail.com,US
shadowking65000@gmail.com,FR
kenzielouconrad@gmail.com,US
mhough205@icloud.com,US
picseng65@gmail.com,US
0bendover@proton.me,US
haletotheman@gmail.com,US
dniebaum@hotmail.com,US
squash860@gmail.com,US
jacksullivan1996@yahoo.com,US
aks290588@gmail.com,FR
846727424@qq.com,US
nawaldner@gmail.com,US
zhen1356@rambler.ru,US
jacobmartin9696@gmail.com,US
nexxisvain@gmail.com,US
patrick.eisenach@gmail.com,US
ginawanderer@hotmail.com,US
nowitzked@gmail.com,US
fyi4umt@proton.me,US
bakedbagle@gmail.com,US
arvinfidarsecond@gmail.com,FR
jjscearcecoolbruh01@gmail.com,US
djo98@hotmail.com,US
ashleyperez12376@gmail.com,US
dakotaveatc@gmail.com,US
voidwj8766@gmail.com,US
chiqqqqeee@gmail.com,FR
cjam076@gmail.com,FR
muffinnotes15@icloud.com,US
zweazi@gmail.com,FR
haya78667@gmail.com,FR
samveldrakon2@gmail.com,FR
1726751085@qq.com,US
takeanappauwu@gmail.com,US
sick.haruspex@gmail.com,US
blasjgarcia402@gmail.com,US
kylespencerallen@gmail.com,US
distriftw@gmail.com,US
raegann.marshall@gmail.com,US
scottdphillips718@gmail.com,US
johnprusia410@gmail.com,US
tanofulcrum77@gmail.com,US
redkingrory1@gmail.com,US
naruto25321@gmail.com,US
kernowking2112@gmail.com,US
timothy.rae.martin@gmail.com,US
baileymdevore98@gmail.com,US
elk_tsukasa_232@yahoo.com,US
mr.zachparker@gmail.com,US
smellyloser3625@gmail.com,US
ontheroadwtf@gmail.com,IT
spicychat@cliff.net,US
jonresnowdon@gmail.com,US
anonymousstudent50@yahoo.com,US
slifer1995101@gmail.com,US
fakee11775@gmail.com,US
lehiroller@gmail.com,US
dayanastasia6@gmail.com,US
khaoticbloodlines@gmail.com,US
mtbaker993@gmail.com,US
sushirolled2499@gmail.com,US
fireyone23@hotmail.com,US
monwez.gomez@gmail.com,US
ranielram23@gmail.com,US
centrad42@gmail.com,US
deneautucker@gmail.com,US
melodyagilbert9@gmail.com,US
tomas6789@hotmail.com,IT
andrejkonstantinov51848@gmail.com,FR
bstebner1@pvlearners.net,US
cachoocoocoo6@gmail.com,US
thebes5@yahoo.com,US
forscamsandmore@proton.me,US
azeugin2442@gmail.com,US
arshadowreper@gmail.com,US
kennyhanson25@gmail.com,US
lilacphantom132@gmail.com,US
marco1888russell@hotmail.com,FR
dvvzghwk@sharklasers.com,US
whitfordjohn982@gmail.com,US
barbatos329@gmail.com,US
endive.kinsmen0x@icloud.com,US
badassbigfoot@aol.com,US
xaryx25@gmail.com,US
sharpashton@gmail.com,US
bigman52517@gmail.com,US
herb8391@gmail.com,US
dhmpj002@gmail.com,US
duobuqin@gmail.com,US
jonaswepeel5@yahoo.com,US
pbyojzzv39591@outlook.com,FR
loic.valadeau@gmail.com,FR
pres7015@gmail.com,US
darlinglady@gmail.com,US
mycron789@gmail.com,US
crazyfangami2000@gmail.com,US
taylorjordan1234@yahoo.com,US
emartinez32342@gmail.com,US
cheque.random69@gmail.com,US
artem.pavlovichap.06@gmail.com,FR
rp929973@gmail.com,US
winkorus@yahoo.com,US
mschmidt211@gmail.com,US
valentin.bedenes@gmail.com,IT
daneburnworth@gmail.com,US
olivecharp@hotmail.fr,FR
animalcop@live.com,US
velieroimponente06@gmail.com,IT
nellokurok@gmail.com,IT
syther78g40@gmail.com,US
vic0692@gmail.com,US
armanilittle5498@gmail.com,US
djkqgl@xevorin.com,US
donofthedreads@yahoo.com,US
matteodichiara9393@gmail.com,IT
steeven.sawn@gmail.com,FR
willtwakulla99@gmail.com,US
jh.crazy06@icloud.com,US
toon612link@gmail.com,US
mycolawn@gmail.com,US
erik.shelton92@gmail.com,US
isaiahjackson772@gmail.com,US
ram001400@gmail.com,US
sir_laughalot@mac.com,US
lpspawstv24@gmail.com,US
everettstrong1@gmail.com,US
frannoriega6@gmail.com,US
liucen.9288@gmail.com,US
cheesenickalt@gmail.com,US
emilyfollis50@gmail.com,US
anthony.ubach97@gmail.com,FR
lecrafteur94@gmail.com,FR
daijoubu420@gmail.com,US
sidgotnoluck@gmail.com,US
bobbybob1212121212@gmail.com,US
marukisenpai1@gmail.com,US
armrest-54-furious@icloud.com,IT
bigman.2222345@gmail.com,US
mr.froggie04@gmail.com,US
mdj383@hotmail.com,US
stnichols7007@gmail.com,US
joctpa@tcxfdc.com,US
thephotnsarecoming64829197@gmail.com,US
krewm937@gmail.com,US
rmkimx@gmail.com,US
nilsouandre@gmail.com,FR
cballtrip@outlook.com,US
lauraryonmason@gmail.com,US
pryorshelby23@gmail.com,US
ilovetoflytheplane@gmail.com,US
ttcat99@gmail.com,US
razjr86@gmail.com,US
chrisflick1989@gmail.com,US
khystay2lit@gmail.com,US
jusrod05@gmail.com,US
sdgo.railguncat@gmail.com,US
mowensp1112@yahoo.com,US
x_treme77@msn.com,US
animedemon22@gmail.com,US
zoegaddisii@gmail.com,US
paulinasolis2020@gmail.com,US
athenaokita@gmail.com,US
charlesfloyd77@gmail.com,US
temurmirac939@gmail.com,US
sampsonlexie862@gmail.com,US
aheisvelt@gmail.com,US
camus0304@163.com,US
oldmandro@gmail.com,US
zjahlqnjpgn@outlook.com,FR
molo1molochko@mail.ru,US
foreverandstop@gmail.com,US
migmogbligblog@gmail.com,US
unlinker460@mailfence.com,US
abigayleblau@gmail.com,US
azarov.serezha@gmail.com,US
zarovich83@protonmail.com,US
angelcolindres18@gmail.com,US
malakaiisboss@gmail.com,US
poopoopeepee744@gmail.com,US
thazelette@gmail.com,US
sethparfitt66@gmail.com,US
natalaarovaa9423@gmail.com,US
monkeyluffyhat12@gmail.com,US
soraodakaze@gmail.com,US
melissacarm987@gmail.com,US
razze007.rj@gmail.com,US
bobbrrowm@gmail.com,US
addie102703@gmail.com,US
brandenwallenquest427@gmail.com,US
lawrencefengnsfw@gmail.com,US
inflacario@gmail.com,US
kagomecherry@gmail.com,US
wormywormythewormy@gmail.com,US
ultibg123@gmail.com,FR
jd642924@gmail.com,US
stephensteir@gmail.com,US
wolam99@hotmail.com,US
eric.c.ramsower@gmail.com,US
thelurgepot@proton.me,US
pancakehyena@outlook.com,US
nikochu2004@gmail.com,US
landrytekakwitha@gmail.com,US
yackin47@gmail.com,FR
shadow760613@gmail.com,FR
bp1215.bp@gmail.com,US
brittanyaldrich13@gmail.com,US
matthewclarkf@gmail.com,US
ogerkeviin@gmail.com,FR
zacrsalt@gmail.com,US
ptfacebook90@gmail.com,US
el.wife031@simplelogin.com,US
lucierdono@gmail.com,FR
diocatania@gmail.com,US
suraj.selector@gmail.com,US
areliz.0715@gmail.com,US
bjorn_aamodt@hotmail.com,US
swm618@watsl.com,US
iamthelogo@gmail.com,US
msethorne03@gmail.com,US
johns.journey69@gmail.com,US
dustnc@hotmail.com,US
thelendm@gmail.com,US
atvm1633@gmail.com,US
surankingbomo@gmail.com,US
psybrendan@gmail.com,FR
nokx04@gmail.com,FR
whydoinedto@gmail.com,US
souljohnson7011@gmail.com,US
mataclac0@gmail.com,FR
shelter_anxiety0h@icloud.com,IT
fawkyouapple@icloud.com,US
dwdmoreira02@gmail.com,US
andreapasquali202@gmail.com,IT
watsgamesyt@gmail.com,FR
idem.as.heck@gmail.com,US
josephbay79@gmail.com,US
bobjones247727@gmail.com,US
louistexier3012@gmail.com,FR
killeraaron462@gmail.com,US
dedemat4724@hotmail.com,FR
elconfederado69@hotmail.com,US
feofanovartemiy@gmail.com,US
granstrom.ethan@gmail.com,US
roula.kipps@gmail.com,US
nameless.b87@gmail.com,US
reflex262@gmail.com,FR
ilovenoodles2006@gmail.com,US
aowilcher@hotmail.com,US
ieatdirt342@gmail.com,US
colt7040@gmail.com,US
gcamilacruz2009@gmail.com,US
artemii_gu@mail.ru,US
olliejack1104@gmail.com,US
damien.crudenaire@gmail.com,FR
antonescutiberiu1@gmail.com,US
st733271@gmail.com,US
yazagaming1@gmail.com,US
zxy2214@proton.me,US
nightscream14@gmail.com,US
deathrow0599@gmail.com,US
duanegaines1969@icloud.com,US
kaiserwilly1859x1997@gmail.com,US
heavysam127@gmail.com,US
illuvatar666@proton.me,FR
farautthomas2345@gmail.com,FR
jacopocavaliere25@gmail.com,IT
kylejj789@gmail.com,US
hotpink.hydrangeas@gmail.com,IT
lusmatk@gmail.com,US
alkyr88@gmail.com,US
conjam94@yahoo.com,US
alexislenee@gmail.com,US
fussedhyena@outlook.com,US
keithshaun2@gmail.com,US
victoriajcostwell@gmail.com,US
kjschaub@gmail.com,US
lukesj2011@outlook.com,US
loganvisserfilms@gmail.com,US
chrishvaughn@proton.me,US
suckmycloaca01@gmail.com,US
cmoser2022@gmail.com,US
axolotlzrqt@gmail.com,FR
blakemaraqa@gmail.com,US
fourel87@gmail.com,FR
csrohanm@gmail.com,US
discreetlyglorified@gmail.com,US
burgessdylan875@gmail.com,US
tipsy0hyena@gmail.com,US
justforrandomstuff1312@gmail.com,FR
bassam1001az@gmail.com,US
catapano11@gmail.com,IT
celine.hochart68@gmail.com,FR
simshauser.ryan@gmail.com,US
martin2691@gmx.de,IT
dongjiawen26@gmail.com,IT
yoghothsonnog1@gmail.com,US
emailforclass22@gmail.com,US
zdiamond888@gmail.com,US
lonewerewolf216@gmail.com,US
cmarcus83@hotmail.com,US
josespindola17@gmail.com,US
harlequinn.slain@gmail.com,US
calmwolf91645@gmail.com,US
cjs10605@icloud.com,US
mathis.delie@gmail.com,FR
squirrel1991@proton.me,US
86string.vertex@icloud.com,US
kylesokoolbruh@gmail.com,US
lollord0906@gmail.com,US
davnedj@gmail.com,FR
andrew.boi1996@yahoo.com,US
georgy.ulamov@gmail.com,FR
hurleyjawsh@gmail.com,US
megamanguy1985@gmail.com,US
mikeymetro8@gmail.com,US
unckata@gmail.com,US
gagebrannock812@gmail.com,US
quirkypal@yahoo.com,US
t.rodrigues@gmx.com,US
ian682788@gmail.com,US
savvyleemartinez@gmail.com,US
93yammaster@gmail.com,US
sheol.sith@gmail.com,FR
megamaster592@gmail.com,US
kitesh.lamech@gmail.com,US
brandangossard@yahoo.com,US
rollinwolfjr@gmail.com,US
chancet1234@gmail.com,US
v0litilexplosivez@gmail.com,US
emrakul8282@icloud.com,US
hunter.skidmore4@gmail.com,US
dirienzoaj@gmail.com,US
ben@texaspa.com,US
deadinred5201@gmail.com,US
ncornett04@gmail.com,US
ling098765w@gmail.com,US
michaelcruse19@gmail.com,US
sierra.r.gonwil@gmail.com,US
kaydenbeattie02@gmail.com,US
damienbaltzer101@gmail.com,US
kollaocig@gmail.com,US
baldrrunarson@gmail.com,IT
alphahalcyon46@gmail.com,US
luna2013sumrak3839@gmail.com,US
ilyasafonov736@gmail.com,FR
zr7973@gmail.com,US
fostererica455@gmail.com,US
harrypottertest74@gmail.com,FR
thomaskeenan453@gmail.com,US
dedaf323@gmail.com,IT
michaelwr2023@gmail.com,US
violasm96@protonmail.com,US
brodyobrien18@gmail.com,US
billingsleyjacob93@gmail.com,US
connormaylan@gmail.com,US
bobmasterhfy@gmail.com,US
soudonthaveto@gmail.com,FR
wdunning1234@gmail.com,US
emtvaaj@hotmail.com,US
oldtiger19@gmail.com,US
foolishtam@gmail.com,US
willtaylor1966@gmail.com,US
sparklegamerxd@hotmail.com,US
joinarneshshukla@gmail.com,US
nanno.ncy@gmail.com,FR
elitemuscleservices@gmail.com,US
rinamida693@gmail.com,US
alainessai@laposte.net,FR
tauzinboy@yahoo.com,US
spamburner101@gmail.com,US
katenkashvec79@gmail.com,FR
johngotitall134@gmail.com,US
onstridedata@gmail.com,US
jsncmmngs@gmail.com,US
jbakos@att.net,US
ihdarkar03@gmail.com,US
serenitygaines@icloud.com,US
koi_vang91927@hotmail.com,US
noahvanzwanenburg@gmail.com,US
landofwaste02@gmail.com,US
aleahamkelly@gmail.com,US
davidlutes777@gmail.com,US
johnny_rocket10@yahoo.com,US
katepenn42@gmail.com,US
darkestpassenger179@gmail.com,US
j54421069@gmail.com,US
jimbillv2@gmail.com,US
kellymccuinn@gmail.com,US
blakthat12@gmail.com,US
klimovartem258@gmail.com,US
richiethornton15@yahoo.com,US
duranant07@gmail.com,FR
studiosansole@gmail.com,US
amariruffin59@gmail.com,US
danieluribe11282002@gmail.com,US
simosanto97@gmail.com,IT
joeannillo@aol.com,US
dgrey2012@hotmail.com,US
corgis_hedger.4i@icloud.com,US
benthoward01@gmail.com,US
alexis.sturm05@gmail.com,US
jesse.pelletier.1990@gmail.com,US
malloyzancausey@gmail.com,US
kdawgrex27@gmail.com,US
roundtatouille@orange.fr,FR
nakailu14@gmail.com,US
callieglenn123@gmail.com,US
wylenn25@gmail.com,US
billycarroll410@gmail.com,US
punklife456@yahoo.com,US
rougenewblood@hotmail.com,US
muhammadkhangr88@gmail.com,IT
jontemashima@gmail.com,US
jyleswilliams1@hotmail.com,US
47plate-phonon@icloud.com,US
asherbrown.service@gmail.com,US
jgtufgf55@gmail.com,US
bkm1496@gmail.com,US
yt.polap@gmail.com,FR
aurore.hideko@gmail.com,FR
peronnet.raphael@gmail.com,FR
almafoxmc@gmail.com,US
reaperknight747@gmail.com,US
jakewilson090990@gmail.com,US
powers.zackrey@gmail.com,US
brian@in16mm.com,US
schutzdavidmichael@gmail.com,US
thecakeisaliee@gmail.com,US
kaboompewpew@googlemail.com,FR
papstan02@gmail.com,US
scannydanlon@gmail.com,US
rubencotagrijalva@gmail.com,US
queenkristian718@gmail.com,US
shafer.matt@yahoo.com,US
serzhbelov9@gmail.com,FR
romanzzz145@gmail.com,FR
grizzlybearjesus@gmail.com,US
noelvfaun@gmail.com,US
isaiah.a.m.schott@gmail.com,US
bgr1960@gmail.com,US
piergiandome@gmail.com,IT
anrealfrol@gmail.com,US
ndima0003@gmail.com,US
haider123ali110@gmail.com,FR
klukasik1987@gmail.com,US
ruvg5494@gmail.com,US
mary990126@sina.com,FR
brandon.corleone@yahoo.com,US
fatty.sweets@yahoo.com,US
duclosrecruitment@gmail.com,US
princedarkfrost@gmail.com,US
randomstuff3354@gmail.com,US
sebastien.davis@gmail.com,FR
levochkin01@gmail.com,FR
teo.usamentiagac@gmail.com,US
ajuice0@gmail.com,US
cory.riner@gmail.com,US
somethingyesaaaaaa@gmail.com,US
gman814@gmail.com,US
profideas@yahoo.com,US
bonalk8@gmail.com,FR
cassolfranci@gmail.com,IT
sspedturtle@gmail.com,US
secrettweet646@gmail.com,US
scoob.308644@gmail.com,US
landonarex@icloud.com,US
mr.artemkovalchuk@mail.ru,US
g42327890@gmail.com,US
remiyoaiai@gmail.com,US
haggardconnor246@gmail.com,US
laskowskialec@gmail.com,US
levialister@gmail.com,US
wittydesigns2020@gmail.com,US
maquin011010@gmail.com,IT
aurelien.canu78@gmail.com,FR
hannah14ruebush@gmail.com,US
odelomll@gmail.com,IT
grasswaiting@gmail.com,US
woahguy123456@gmail.com,US
eastend.barcla@gmail.com,US
coolguyyousuck@gmail.com,US
mysterica1969@gmail.com,US
novelistsilipz@gmail.com,US
ichinose.kakuno@gmail.com,IT
fredvon98@gmail.com,US
fern.taylor2023@gmail.com,US
leonbutadopted@gmail.com,US
keuger900@gmail.com,FR
forevroxxl@gmail.com,FR
magysterio@yahoo.fr,FR
brettski333@gmail.com,US
smiith3210@proton.me,US
totalcause64@gmail.com,US
joshkraynak1@gmail.com,US
joeshmo291@outlook.com,US
rayne9052@gmail.com,US
don_melissa.betty@yahoo.com,US
dannyblaze53x@yahoo.com,US
iragingerpower@gmail.com,US
beansonfreakingtoast@gmail.com,US
cuddlydinoe03@gmail.com,US
texastential@hotmail.com,US
guzmanethan17@yahoo.com,US
amyqbilger@gmail.com,US
guccibeans3@gmail.com,US
earaber00@gmail.com,US
lena.bitty@gmail.com,US
redonce620@gmail.com,US
cambow100100@gmail.com,US
seananners2334@gmail.com,US
qwertyuiopasw0913@gmail.com,US
cim5057@gmail.com,US
anonymoussueb37@gmail.com,US
joeybernard0725@yahoo.com,US
carehound001@gmail.com,US
kafneran@gmail.com,US
connoru6@icloud.com,US
infamy1243@gmail.com,FR
nolaand6arethebest54@icloud.com,US
p66099598@gmail.com,US
animeadnan435@gmail.com,IT
malinthegreat@gmail.com,US
artisticharmonay@gmail.com,US
misha.utrobi@gmail.com,US
naperson244@gmail.com,US
erenbazin@gmail.com,FR
daniellooartist@gmail.com,US
mcrager90@gmail.com,US
detrix9895@gmail.com,US
yboxmusicdude@gmail.com,US
j.k.sisk96@gmail.com,US
15879379566@163.com,US
carterseth770@gmail.com,US
semen290429@gmail.com,FR
mtholzman@gmail.com,US
airegin416@gmail.com,US
skizzymcgee86@gmail.com,US
pandavibxs@gmail.com,US
amir.fimeu@yahoo.com,FR
geoffreybobin@gmail.com,FR
bradley.james.white.1989@gmail.com,US
erica.williams1990@yahoo.com,US
aidenbeason@gmail.com,US
sdmurry25@gmail.com,US
seles8642@gmail.com,US
dpace38@yahoo.com,US
gtitanic93@gmail.com,US
rm118@lhconsultant.gr,IT
venkatjazz172@gmail.com,FR
sk8trboii27@yahoo.com,US
zhugeliang1763@gmail.com,US
duardoarturo@gmail.com,US
paynejoseph26@gmail.com,US
crinklewolf1488@gmail.com,US
paulienickel2@gmail.com,US
takemetothegrave@gmail.com,US
zellabee33@icloud.com,US
ry863@icloud.com,US
tipsy7hyena@gmail.com,US
sgoon69420@gmail.com,US
gecnsinuvci@proton.me,US
beketoffdan@gmail.com,US
willywonkaabdl@gmail.com,FR
zeldahippie@gmail.com,US
theoissilentnow@gmail.com,US
rashaansingleton78@gmail.com,US
zakri.zahar@gmail.com,US
warmaster526@gmail.com,FR
perisolo999@gmail.com,US
cjbro2000@gmail.com,US
robertthare@gmail.com,US
my_secret123@yahoo.com,US
dpornmails@gmail.com,US
richmags10@gmail.com,IT
hmritchie02@gmail.com,US
amerlyn82@gmail.com,US
obit3shar@gmail.com,US
jharmonscorp@gmail.com,US
eismanandrew@gmail.com,US
premesales1994@gmail.com,US
charcog18@gmail.com,US
arseniy.alekseev.888@gmail.com,FR
dgraves938@gmail.com,IT
1am0net0think@gmail.com,US
iamninja2008@gmail.com,US
steakbeam52@gmail.com,US
jjhdz13@icloud.com,US
kshiranagi@gmail.com,US
foxyznight97@gmail.com,US
noobby666@protonmail.com,US
johnsmithnerd24@gmail.com,US
chlorinex09@gmail.com,US
benlamasofiane09@gmail.com,FR
james552735@gmail.com,US
yoohoo32220@outlook.com,US
doublea264@live.com,US
truebluenews92@gmail.com,US
scarletintensity@gmail.com,US
monkey96101204@gmail.com,US
xxzoeycrossxx@gmail.com,US
cwalker756@icloud.com,US
vincent0158@gmail.com,US
xenox76@hotmail.com,US
dario.sundrica@gmail.com,US
totalyouth4@gmail.com,US
haileygreat01@gmail.com,US
fabyhil@hotmail.com,US
krazyk33v0@gmail.com,US
arousedrobot@gmail.com,US
bringlookhook@gmail.com,FR
luiscolocachs@gmail.com,US
gokuownz192@gmail.com,US
xdmoonthief@gmail.com,US
bugginayo@gmail.com,US
dp540640@gmail.com,US
kanna.petgaz@gmail.com,FR
teslamozart@gmail.com,US
grantreesor2@gmail.com,US
lpaige263@gmail.com,US
tridentofneptune@proton.me,IT
swan.tommasinipro@gmail.com,FR
pugsanddrugslel@gmail.com,US
blaha80492@gmail.com,US
markona329@gmail.com,US
mirophega@gmail.com,US
i.died.two.years.ago9712@gmail.com,FR
callaballa@libero.it,IT
zachwilerson22@gmail.com,US
extemporamusic@gmail.com,FR
fonsecadamien8@gmail.com,FR
halodude937699@gmail.com,US
koklord79@gmail.com,FR
nomadgh1863@gmail.com,US
antder323@gmail.com,US
327790898@qq.com,US
gxing98@126.com,US
decluscator@gmail.com,FR
waynebishop0517@gmail.com,US
jacobbaker815@gmail.com,US
mordenskarg2@gmail.com,FR
mcpiedaddy@proton.me,US
likeabraham37@gmail.com,US
mesiyahpittman2007@gmail.com,US
johnnyjoespam@gmail.com,US
brennanoshea671@gmail.com,US
coyotecoolidge@gmail.com,US
gloryfromheaven@icloud.com,US
neilacough@icloud.com,US
jacob.crouch9999@gmail.com,US
blackmesasurviver@yahoo.com,US
franztang594@gmail.com,US
beansickle@yahoo.com,US
slysavagelord27@gmail.com,US
radioactivegaming.xbox@gmail.com,US
zacaryvandeman@gmail.com,US
youwillletmein123@gmail.com,US
imbatman1979@myyahoo.com,US
joshbrenner1919@gmail.com,US
rubengnzlzjr@icloud.com,US
luca94lr@icloud.com,IT
robertsteel47@myyahoo.com,US
drgnrdr83@aol.com,US
jira.kauboui@gmail.com,US
commanderpeter1226@gmail.com,US
carson1345@hotmail.com,US
psychorigby@gmail.com,US
camihall0317@gmail.com,US
jowoelwood@gmail.com,US
slayerofnight33@gmail.com,US
brian.z.forbes@gmail.com,US
allfrench118@gmail.com,US
jayzvidz69@gmail.com,US
garci358348@yahoo.com,US
ianjedd00@gmail.com,US
luca.rossi.122345@gmail.com,IT
jacksonvilli@proton.me,US
durka669@gmail.com,US
johntimmerman97@gmail.com,US
doggosenpai09@gmail.com,US
geg2fox@gmail.com,US
xsnightmare@gmail.com,US
labrynsk@yahoo.com,US
myadevance@icloud.com,US
kboelter75@gmail.com,US
llovegood992@gmail.com,US
jasonbouc@hotmail.com,US
joshclab67@gmail.com,US
joshhouse43@gmail.com,US
evanyork910@gmail.com,US
newtonnoah714@gmail.com,US
autipep@gmail.com,FR
cgary6824@gmail.com,US
anhughe1994@gmail.com,US
nugget06037@gmail.com,US
karenvillegas56@gmail.com,US
serafinigiancarlo57@gmail.com,IT
humphriesjacob@gmail.com,US
brucetgetu@gmail.com,US
houstonsumner1@gmail.com,US
mahoneyjacob005@gmail.com,US
emssysxo@gmail.com,US
lytrodark@protonmail.com,US
gyrene2004@icloud.com,US
mahgerditsplanda@gmail.com,US
rileyhill830@gmail.com,US
jercarter11@gmail.com,US
bnunya713@gmail.com,US
codyreinhardt914@yahoo.com,US
debby_omer67@hotmail.com,US
sebaomar28@gmail.com,US
orbdrin.se@gmail.com,US
nishsharma332@gmail.com,US
notinuseseven404@gmail.com,US
18322599046@163.com,US
lloydst2020@gmail.com,US
watashidake.ts@gmail.com,US
chuthmacother@gmail.com,US
theultrafighter42@gmail.com,US
bradleymccloud@gmail.com,US
sketchmaker283@gmail.com,US
justmessingaround696@gmail.com,US
ragegold23@gmail.com,US
fortu10.08.22@gmail.com,IT
augustc.2010@icloud.com,US
hindifarai@gmail.com,FR
corymmalone@gmail.com,US
odarksun@aol.com,US
badusaf@gmail.com,US
michelnardoux62@gmail.com,FR
spicy@stayhome.li,US
uchimaki.honey@gmail.com,US
xevionmatrix@gmail.com,US
maxmarshall97@icloud.com,US
ilaefremov9492@gmail.com,FR
swagger-30.gig@icloud.com,US
residentevilfan120@gmail.com,US
bateskids2008@gmail.com,US
riccardospina401@gmail.com,IT
keitusjenkins@gmail.com,US
53nt1n3lbird@gmail.com,US
mitchell3lb@gmail.com,US
officialdubkal@gmail.com,US
saraisthewin@gmail.com,US
a.l.darbul@gmail.com,US
darthharmon81@gmail.com,US
trooperet48@gmail.com,US
gooberman2313@gmail.com,US
tstaples66.ts@gmail.com,US
francescofama@yahoo.com,IT
sage.augustus.bray@gmail.com,US
catchingj92@gmail.com,US
sirlettx@gmail.com,US
crazymikou@hotmail.fr,FR
vatarpit@proton.me,US
mithras127@gmail.com,US
devastor67cu@gmail.com,FR
kyle.tolle2@gmail.com,US
spambionicles77@gmail.com,US
erissandra9@gmail.com,IT
wolffanou@gmail.com,FR
jk1200@myyahoo.com,US
are.de.pedaler@gmail.com,FR
potter.sophie@list.ru,US
loganchaly109@gmail.com,US
anilresat64@gmail.com,FR
synapserna@gmail.com,US
xirjohnxir@gmail.com,US
kevin.castaneda@icloud.com,US
pattonrulz15@gmail.com,US
man.yummy55@gmail.com,US
reemtooofficial@gmail.com,US
lionwhispers@orange.fr,FR
lulusbaby88@gmail.com,US
frostyfx90@gmail.com,US
rileypresley.us@hotmail.com,US
artamonovmishanya69@gmail.com,US
kimovteodor2@gmail.com,IT
xscarwilde000@icloud.com,FR
atweed2007@gmail.com,US
jman_stone@yahoo.com,US
maslas202@gmail.com,IT
chyoderson@mail.com,US
dnnsdunca@gmail.com,US
playtimeslush@gmail.com,US
allisonboggess61@gmail.com,US
jonathan_olivero@yahoo.com,US
bppvparnell@gmail.com,US
tjbiff@gmail.com,US
lolreface@gmail.com,US
israphelparagon@gmail.com,US
mannepankaka@hotmail.com,US
lindsey.markus5@gmail.com,US
sema.tavda@gmail.com,US
calebmn12@gmail.com,US
michaelcc6975@gmail.com,US
sadist-sama@proton.me,US
2fakesamy@gmail.com,FR
netchenawoealda@gmail.com,FR
jacobbell772@gmail.com,US
throwawayforreddit9733@gmail.com,US
ibcruz951@gmail.com,US
sarj1992@hotmail.com,US
nieshuai158923@163.com,FR
dopeyhyena@outlook.com,US
asgor221@gmail.com,US
dbarbutes97@gmail.com,US
rlvalesky@gmail.com,US
jacksfakemail23@gmail.com,US
sdavis3223@hotmail.com,US
eggwardo0808@gmail.com,US
muling1@aol.com,US
greenpatrick28@gmail.com,US
warezarefin@gmail.com,US
derekdye007@gmail.com,US
xinyuediao0@gmail.com,US
princeofpunk22@gmail.com,US
irelandcat4@gmail.com,US
jayquake@proton.me,US
kungfupandafan1999@gmail.com,US
einefaust9@gmail.com,US
theterp232@yahoo.com,US
utah.kid2@hotmail.com,US
jackettino@me.com,IT
professormeatphd@gmail.com,US
chadcic952@gmail.com,US
mavfreak23@gmail.com,US
bigdoskit@gmail.com,US
erin.matthews91@gmail.com,US
hikoburner@gmail.com,US
sergio.strano.013@gmail.com,IT
aayanawilliams@yahoo.com,US
artsanso.project@gmail.com,FR
kajimcwuskers@gmail.com,US
pseudohuman@gmail.com,US
joey89386@gmail.com,US
scuffedamerican69@gmail.com,US
psychoweaponx@gmail.com,US
leov96@gmail.com,US
g8rusmc1976@gmail.com,US
julissatapia.njmua@gmail.com,US
j9409743@gmail.com,US
jingkangxie@gmail.com,US
colsonclevelle3@gmail.com,US
jeremiahrange999@gmail.com,US
hangingwayne@yahoo.com,US
peacetoall1992@gmail.com,US
jono05351@gmail.com,US
berniezuniga@yahoo.com,US
damien78500@hotmail.fr,FR
dracam55@gmail.com,US
maxisam1997@gmail.com,US
justdoit3912@gmail.com,US
minorkidsdadtrucker@gmail.com,US
dima.jurkov10@gmail.com,US
asenter1@icloud.com,US
adriencartre@gmail.com,US
lordkalastryder@gmail.com,US
atmasonry5@gmail.com,US
mrsjimfrayne@gmail.com,US
foggyoct@gmail.com,US
major_d96@yahoo.com,US
weareilliquid@gmail.com,US
hoffml13@gmail.com,US
notmine1459@gmail.com,US
popularmmosbrosnose1@gmail.com,US
misterrester@gmail.com,US
tommytaylor24@yahoo.com,US
d.smith11013@yahoo.com,US
chase2cubes@gmail.com,US
tdneal13@gmail.com,US
emilybayne03@gmail.com,US
zekeisboss1234@gmail.com,US
morethenpc@gmail.com,IT
ausanderson09@proton.me,US
viktor1994lev@gmail.com,US
robopandaduck@gmail.com,US
meeshacoleman890@gmail.com,US
dj2161@gmail.com,US
baetgeadriana@gmail.com,US
josealeman0908@gmail.com,US
davidbpeterson@gmail.com,US
quettekappehu-5455@yopmail.com,US
honkeykong419@gmail.com,US
danviduangphouxay@gmail.com,US
familyshower130928@gmail.com,US
youngbill@gmail.com,US
devsalamander@gmail.com,US
doodlethehunter@gmail.com,US
kyranreid@yahoo.com,US
droreo@yahoo.com,US
nethashia2@gmail.com,US
burnerdick10@gmail.com,US
cjsoul626@gmail.com,US
callawaxr1112@gmail.com,US
antcallejas31@gmail.com,US
peeweebunyan@gmail.com,US
chandler.baker@yahoo.com,US
citizenwray@gmail.com,US
bostonrensox@gmail.com,US
luigi.sieltepontina@gmail.com,IT
cparish@familyofgod.net,US
cyona14@gmail.com,US
emelyvillarreal102@gmail.com,US
dpsmusicbusiness@gmail.com,US
elenagrenadeur457@gmail.com,US
tobiasrfunke@gmail.com,US
guillou.gwanaelle@gmail.com,FR
azraelnulljones@gmail.com,US
milladushinskaya@gmail.com,IT
javeyonhaynes50@gmail.com,US
tranminhdun9.2905@gmail.com,IT
andrea.a04@outlook.com,IT
a.strut467@passinbox.com,US
alice1231lin@outlook.com,US
mustangracing1258@gmail.com,US
daglecaleb@gmail.com,US
anonwave342@gmail.com,US
maydeathreign@gmail.com,US
moisesurbina22@gmail.com,US
hunterwarner1@gmail.com,US
keylhenityz@gmail.com,FR
thegamer14920@gmail.com,FR
93versions@gmail.com,US
vizart242@gmail.com,US
elventyseven@protonmail.com,US
tristinselby115@gmail.com,US
shawn781loup@gmail.com,FR
maxm2417@gmail.com,US
enormo89@yahoo.com,US
tuzoanime3@gmail.com,US
vancourtcharles2@gmail.com,US
rakkoris@gmail.com,US
potatomademaster@gmail.com,US
gmenvusa93@gmail.com,FR
alyssa_nicole_21@hotmail.com,US
matthewdmoore312@gmail.com,US
evandel13862@icloud.com,US
josh.pathisseril@gmail.com,US
cjball29@gmail.com,US
gggay4294@gmail.com,IT
orobousakagi@gmail.com,US
blriley@icloud.com,US
bryan.paulus57@gmail.com,FR
chris.mrtnz4321@gmail.com,US
nicolasfouquet07@gmail.com,FR
nadia.duncan303@gmail.com,US
simscar78@yahoo.it,US
torianajenson@gmail.com,US
echoingcanopy@proton.me,US
ijoseaccs@gmail.com,US
roguerats28@yahoo.com,US
abell_jn@yahoo.com,US
taylorjb1212@yahoo.com,US
yanone500@gmail.com,US
dan.the.seeker@protonmail.com,IT
womble_of_wimble@protonmail.com,US
24blueboy42@gmail.com,US
anora2024@yahoo.com,IT
danielaescamilla60@gmail.com,US
airborn007@mail.ru,US
dtd917979@gmail.com,US
lexx_bessonoff@mail.ru,US
477560241@qq.com,US
utefan3488@gmail.com,US
u2sbassist@aim.com,US
rowdicus@gmail.com,US
nebucy@gmail.com,US
soupyhyena@gmail.com,US
williamsdevon279@gmail.com,US
jacksay97@yahoo.com,US
coppercot123@gmail.com,US
airofkhaos@gmail.com,US
zone86@hotmail.com,US
sourcheese93@gmail.com,US
tigersrule05@gmail.com,US
coltonherrin58@gmail.com,US
m9hei@mail.ru,FR
jloner137@gmail.com,US
cccheesesteak@gmail.com,US
apahmiyer25@gmail.com,US
richardsbrandon484@gmail.com,US
laylababyabc123@gmail.com,US
thecourier4747@gmail.com,US
caiks0613@gmail.com,US
bigmacaf47@gmail.com,US
penguinbob321@gmail.com,US
taylorraye1247@gmail.com,US
trevhrab35@gmail.com,US
1173689282@qq.com,FR
jmoreno120402@gmail.com,US
seadgrate@gmail.com,US
cutebottom101@gmail.com,US
skunkyjewel78@gmail.com,US
ancientenot@gmail.com,US
wskookum@gmail.com,US
agangelicchio@gmail.com,US
engkuadam02@gmail.com,IT
dis.am2203@gmail.com,FR
jaxsoulvideos@gmail.com,US
rh5282203@gmail.com,US
avorakkara@gmail.com,US
amarkim2@gmail.com,US
nm4480@gmail.com,US
turnquistnoah@gmail.com,US
bad0hyena@gmail.com,US
i17072011@yandex.ru,FR
aboody.kurdi@outlook.com,FR
adallman44@gmail.com,US
ironman5467890@gmail.com,US
matthew.musall@icloud.com,US
jsmi_us@yahoo.com,US
anthony.odonnell009@gmail.com,FR
studdmb081124@gmail.com,US
spencerkopperud@gmail.com,US
kcroxford.ames@gmail.com,US
killingvillanel@gmail.com,FR
newlukeperry77@gmail.com,US
noahwaller19@gmail.com,US
bduymovic@gmail.com,US
lisahood876@gmail.com,US
u8071273102@gmail.com,IT
berumenerik3@gmail.com,US
flangflangsnorg@gmail.com,US
idkanameyet6@gmail.com,US
xolotl615@gmail.com,US
ericjlfencing@gmail.com,US
fanchteg@hotmail.com,FR
firekills78@hotmail.com,US
cksimpson777@gmail.com,US
fgbfrt@outlook.com,US
testing1589@atomicmail.io,US
ethanriddick31@gmail.com,US
ahardy608@gmail.com,US
criken158@gmail.com,US
cameron.chase3@yahoo.com,US
chartinsel005@gmail.com,FR
lecomptespodux@gmail.com,FR
anthonyerikramosjr@gmail.com,US
5p4rt4n5n1p3r@gmail.com,US
nevcooon@gmail.com,US
chadpowers8092@gmail.com,US
themainmate2000@gmail.com,US
rarijnders@gmail.com,US
benjamingholdway@gmail.com,US
shavers_jessica@icloud.com,US
mdkhs1@hotmail.com,US
neuseus@hotmail.fr,FR
igheartly000@gmail.com,US
joycemgilmore@gmail.com,US
delusional4629@gmail.com,US
maoclemclemclem@yahoo.com,IT
alexdavoy@yahoo.com,US
lgoudyicloud.com@gmail.com,US
gables-opuses-0i@icloud.com,US
gcoler9@gmail.com,US
fakerai222@gmail.com,US
francis.riou01@gmail.com,FR
carolinah997@gmail.com,US
prince500k@gmail.com,US
sherring79007@gmail.com,US
thepriceispsyche@gmail.com,US
laediblechicken@hotmail.com,US
dabarrolo@gmail.com,FR
amandakast17@gmail.com,US
stupid.joestar@gmail.com,US
djhahn1001@gmail.com,US
captaindanield@gmail.com,US
ern.nicolas@gmail.com,US
jo040199@icloud.com,FR
chrispeck879@gmail.com,US
sergey.gusarenko@icloud.com,FR
samu.dandria@gmail.com,IT
jw017169@gmail.com,US
stilmailys@gmail.com,FR
mbhotaling@gmail.com,US
outgoingandsilly@gmail.com,US
js.japan94@gmail.com,US
nstines@outlook.com,US
95rpmurray@gmail.com,US
acrimitory@gmail.com,US
joshgillespie5719@outlook.com,US
diezel.chuck@gmail.com,US
demondishonored@gmail.com,US
crackheadjoe13@gmail.com,US
watsondevlina@gmail.com,US
buttyagain@gmail.com,US
morgandyear18@outlook.com,US
cdawns17@gmail.com,US
kalynne.tackett@yahoo.com,US
seanspoliansky@gmail.com,US
glitchedturtle@gmail.com,US
tacotim231@aol.com,US
bobross1288@yahoo.com,US
rxfprod94@gmail.com,FR
moran12adam@gmail.com,US
dendenandspooky@gmail.com,US
annagracespiller@gmail.com,US
stephanieallen655@gmail.com,US
ihateslipthots@gmail.com,US
goh.ghoti@gmail.com,US
bigrynoz3@gmail.com,US
xcloch@gmail.com,US
dalton4uk06@gmail.com,US
dasitbruh@proton.me,US
yuruj.shilnikov.05@gmail.com,US
thenaniboi3.0@gmail.com,US
killmesanta1@gmail.com,US
randomempty@proton.me,US
yzguy2006@yahoo.com,US
thereallelsner@gmail.com,US
fege3196@gmail.com,FR
mcoonce345@gmail.com,US
mlb1337mlp@gmail.com,US
sayten3016@gmail.com,US
sharpiemontgomery@gmail.com,US
bad7hyena@gmail.com,US
sausagebisque666@gmail.com,US
derpydream@gmail.com,US
zeebolm23@gmail.com,US
e7throwaway.01@gmail.com,US
lucasforeman76@gmail.com,US
borgerjordan@yahoo.com,US
currinjacob@yahoo.com,US
markopoletti@gmail.com,IT
candysissybimbo33@gmail.com,FR
deadpool3142@yahoo.com,US
chickentracker@gmail.com,US
pmaccubbin.drafter@gmail.com,US
a.sypien458@gmail.com,US
marsfan89@gmail.com,US
replacerreplace001@gmail.com,US
dnvn722@icloud.com,US
nicklaschan2@gmail.com,FR
hongan.nguy3n@gmail.com,US
vittsantonicola2005@gmail.com,IT
kenwayconnor191@gmail.com,US
michaelkdavies2@outlook.com,US
fben30362@gmail.com,US
nathangibson049@gmail.com,US
aidanguetzo@gmail.com,US
hannahlikefauna@gmail.com,US
mrdarthblaze@gmail.com,US
camaro1990@icloud.com,US
robbieholmes2008@gmail.com,US
shaunablous@gmail.com,US
jdmq35@gmail.com,US
jperez429@student.wcjc.edu,US
aditya.jingle@gmail.com,US
rrrdku2@gmail.com,FR
dadzai563@gmail.com,US
jessicaytttv@gmail.com,US
magofeste@gmail.com,IT
fadermonkey@gmail.com,US
playablesprite@gmail.com,US
motleycrue2@icloud.com,US
kingjsenpaix4@gmail.com,US
malinthros@gmail.com,US
craftyjj182@gmail.com,US
49renteriadiego@gmail.com,US
sara.bernabei05@gmail.com,IT
84364946@qq.com,FR
tigracolas@gmail.com,FR
herbe1406@gmail.com,FR
ryder015321@gmail.com,US
kgrose.music@gmail.com,US
believeatl@aol.com,US
fredjimbob99@yahoo.com,US
riteshsonu132@gmail.com,FR
averyrobinette11@gmail.com,US
riccardoolivieri22@gmail.com,IT
sean.intexas@yahoo.com,US
basshunter1018@yahoo.com,US
jeremyfessard7@gmail.com,FR
tolsdorfjeffrey55@gmail.com,US
test18441022@gmail.com,US
sourmichael20@gmail.com,US
whiteout856@gmail.com,US
danicolekappy@icloud.com,US
jrtes7@gmail.com,US
wdufour105@gmail.com,FR
benjaminspear@gmail.com,US
michael.hutcheson11205@gmail.com,US
eecampbell@student.ysu.edu,US
alexisking81@gmail.com,US
willyjohnson1213@gmail.com,US
clayton.o.may@gmail.com,US
lesserdemon@gmail.com,US
nuncyco@gmail.com,FR
datboii3838@gmail.com,US
angelwatsonshane@gmail.com,US
xpayne1@gmail.com,US
tyler.nova.daniel@gmail.com,US
krowe.muninn@gmail.com,US
tastyhyena7@gmail.com,US
theredhouse.jk@gmail.com,IT
lvshadowg7@gmail.com,IT
privyparaphernalia@gmail.com,US
tucks.fleshed_0i@icloud.com,US
michaelthompson25861@outlook.com,US
jewelchatjewel@gmail.com,US
dkcolley@gmail.com,US
kuroeart@yahoo.com,US
alliee.claire@gmail.com,US
jjrox722@gmail.com,FR
attackonhetalia2018@gmail.com,US
impor.info14@gmail.com,US
donnakayleighgill@gmail.com,US
risingphoenix1103@gmail.com,US
alexandrialiristis18@gmail.com,US
jimmoreland2000@yahoo.com,US
marwangirgis@proton.me,US
bavintugeef@gmail.com,US
vova.l18096@icloud.com,US
jordynmccrary@icloud.com,US
p162102282@gmail.com,US
smichaelwylie@aol.com,US
bman.bahlmann@gmail.com,US
robjf0423@gmail.com,US
tomllovell@hotmail.com,US
mrrcheck2023@gmail.com,US
rwiles1985@yahoo.com,US
lurkhive@gmail.com,US
kain777381@gmail.com,US
anthonynibles@gmail.com,US
gmleito976@gmail.com,US
dorian.guerin@free.fr,FR
harnold8675309@gmail.com,US
ste6.maiorana@gmail.com,IT
jodiemassages@gmail.com,US
legitimusp@gmail.com,US
fmichael05@gmail.com,US
owlnshow@gmail.com,US
chance12492@gmail.com,US
626to707@gmail.com,US
ma8492094@gmail.com,US
jaydafleming21@gmail.com,US
willthechill101@gmail.com,US
sasugaoverlordainz@gmail.com,US
fikret.diego@gmail.com,FR
jazib.akmmb@gmail.com,US
duncanpearcie@gmail.com,IT
hryhrdon78@gmail.com,US
cringega@gmail.com,US
sueshiba@gmail.com,US
harned024@gmail.com,US
katieroberts714@icloud.com,US
rhiann.demorest07@gmail.com,US
laon5511@gmail.com,FR
dismandeath@gmail.com,US
justbcuzican@gmail.com,US
bryantryne814@gmail.com,US
asgard1618@gmail.com,US
bonhusk75@gmail.com,US
abdllover802@gmail.com,US
prox323@gmail.com,US
fadfadfad00@outlook.com,US
katarinakatkatastrophe@gmail.com,US
kidshahidd@gmail.com,US
smiddyodie@gmail.com,US
ronika98@hotmail.com,US
sc.void073@passmail.net,US
sweatermono@aol.com,US
july.inlove@yandex.ru,FR
zarkovroman80@gmail.com,FR
hollowartistan@gmail.com,US
phantombeatzx@gmail.com,US
gabrielribarbosa@gmail.com,US
arsten1@rambler.ru,US
jasonburlison@gmail.com,US
sniper_snake39880@yahoo.com,US
sutoroberitaiga@gmail.com,US
damontaebarner5@gmail.com,US
harristyler777@gmail.com,US
petrovskijruslan2@gmail.com,FR
cuentaparavariostito@protonmail.com,US
zeroframebmrp@gmail.com,US
wc10145223@gmail.com,US
bourpi03@gmail.com,FR
husamettincakici1453@gmail.com,US
doomk440@gmail.com,US
lakelanierboatshop1@gmail.com,US
myrddinwledig2000@gmail.com,US
frantzfarquherson@gmail.com,US
kotekmili1@gmail.com,IT
slav.kuzenckov@gmail.com,FR
shanktoooth811@gmail.com,US
alexis.craighill@icloud.com,US
redditjoe24@gmail.com,US
freyalimxiaowei@gmail.com,FR
arthurlduron714@gmail.com,US
derpatonium@gmail.com,US
dobrovolskiyivan20@gmail.com,US
jeremiahshearouse@gmail.com,US
ryan.stanley.n@gmail.com,US
recall4321@gmail.com,US
unknownusercredentials@gmail.com,US
bpack123@yahoo.com,US
maemaem4444@aol.com,US
karimsvatov@gmail.com,US
codulan@gmail.com,US
antoninibdp@gmail.com,IT
justinwsmith031415@gmail.com,US
wojmmirg1@gmail.com,FR
mistic547@gmail.com,US
paullang101@gmail.com,US
getokova29@gmail.com,FR
thedeathemerald6@gmail.com,US
mathism2323@gmail.com,US
lookforfuntimes@yahoo.com,US
chienstars@hotmail.fr,FR
anguyen130204@gmail.com,FR
sissysarahiq@gmail.com,US
youtub.2222730@gmail.com,FR
keg1235@gmail.com,US
pungent-dizzy.7x@icloud.com,US
gimmickality@gmail.com,US
christopheanton46@gmail.com,FR
dweissrock89@yahoo.com,US
antder32@gmail.com,US
wraithfam06@gmail.com,US
bgrebe01@gmail.com,US
deronc753@gmail.com,US
zachrvaughn@gmail.com,US
rwing411@gmail.com,US
velezhaninov@mail.ru,FR
inanitatem@gmail.com,US
moralesjohan0920@gmail.com,US
1playstylegames@gmail.com,US
gelgoogg@gmail.com,US
poubelleeugene7@gmail.com,FR
nc.chris2025@gmail.com,US
baileycorin01@gmail.com,US
lloydkaijai@gmail.com,FR
littlemantj34@gmail.com,US
addclayton12@gmail.com,US
orlovelger@gmail.com,FR
bagelgent@gmail.com,US
micah.j.phillips@gmail.com,US
r1vel19011@gmail.com,US
j.salinas86@yahoo.com,US
brantleycpr@gmail.com,US
sterbock2@gmail.com,US
dvk.inf@gmail.com,US
threerexes@gmail.com,US
xlulx369@gmail.com,FR
votedintegral@gmail.com,US
jin8008111@gmail.com,US
alexanderiarubio@gmail.com,US
sarasosebee8@gmail.com,US
jailhailpail9@gmail.com,US
melanincreationsllc@outlook.com,US
elnath.silah@gmx.fr,FR
hydelenz72@gmail.com,IT
palotroy5@gmail.com,US
joshua.nelsonb59@gmail.com,US
leonatchatiw@gmail.com,FR
pagangore1@gmail.com,US
hopsin032492@gmail.com,US
zachmiles15@gmail.com,US
khyana.t@yahoo.com,US
swgunter1994@gmail.com,US
ilya.casali@gmail.com,US
nickburkey89@gmail.com,US
erika@dyll.com,US
russi.riccardo@tiscali.it,IT
vic.g8544@yahoo.com,US
ieatassforbreakfastlunchdinner@gmail.com,US
rylangivens2007@gmail.com,US
averygiggeyyoung@gmail.com,US
homelessv8@gmail.com,US
willyandrew767@gmail.com,US
vkovanovav@gmail.com,US
ironsrock@gmail.com,US
holmesjnaga@gmail.com,US
sargon255@gmail.com,US
xbigxfridge@hotmail.com,US
brookeyudell@hotmail.com,US
furqan9123@gmail.com,US
donairesamantha4@gmail.com,US
vhm55e8jp@mozmail.com,IT
bwanger215@gmail.com,US
charles.oliver865@gmail.com,US
davidcoss67@gmail.com,US
spentcasing27@gmail.com,US
judyocp@hotmail.com,US
aiwenhade1994@gmail.com,US
mickaelajully@gmail.com,FR
smokesmoke4266@gmail.com,IT
jeff131029@gmail.com,IT
24coolersun@gmail.com,US
tricolove03@gmail.com,US
x.sir.edvard@gmail.com,US
germansommella@gmail.com,IT
talia.814lxy@gmail.com,US
roguecannon24@gmail.com,US
connorsimpson1102@icloud.com,US
gottabegamin345012@gmail.com,US
mdbiz8296@gmail.com,US
lanireb95@gmail.com,US
dogfoxday@gmail.com,FR
hrz1234567892@gmail.com,IT
bmfop32@yahoo.com,US
mtabor2011@gmail.com,US
animalcrazy.barker3@gmail.com,US
jengilliatt@gmail.com,US
lindseyjhopper1772@gmail.com,US
eook0974@gmail.com,US
k33400563@gmail.com,US
clawsonjames1@gmail.com,US
superziggyfirepaw@gmail.com,US
copperfield106@hotmail.com,US
sarahberg2005@outlook.com,US
medvedev.roman.1995@gmail.com,US
margasunshine@free.fr,FR
jeannexanax@gmail.com,FR
brandi.l.brock92@gmail.com,US
chrisstrong93@icloud.com,US
thebonebeaver2113@gmail.com,US
gsherk24@gmail.com,US
addie.koehl@icloud.com,US
nextday.stipend495@passmail.net,US
xehanort2099@gmail.com,US
huntersimpson01@yahoo.com,US
lynched006@yahoo.com,US
jaowsley090@gmail.com,US
vansgirl2014@icloud.com,US
devgar230@gmail.com,US
rickyrobot97@gmail.com,US
danielmacias30@ymail.com,US
papahaxman@gmail.com,US
ferrell.jerry09@gmail.com,US
zeriel182@gmail.com,IT
helloppeople1800@gmail.com,US
desertwrentcg@gmail.com,US
manuluke15nr2@gmail.com,FR
lavendermakeupartist@gmail.com,US
tl534890@gmail.com,US
larkstr44@gmail.com,US
elreytortuga@gmail.com,US
isaacmchan05@gmail.com,US
jdweisberg22@gmail.com,US
moonlightstarlet1@gmail.com,US
paulbcollege@gmail.com,US
seven777csq@gmail.com,US
ibeutler13@gmail.com,US
matthewtbarker@gmail.com,US
saren1010@centrum.cz,US
valaniz1227@gmail.com,US
kittenspoopsalot@gmail.com,US
leafytrait@gmail.com,US
wadecrick8@gmail.com,US
jasonfloyd311@gmail.com,US
baileymeg94@gmail.com,US
scttbrunelle@gmail.com,US
andreasbuccietta@gmail.com,IT
blainevoyles@gmail.com,US
leonlions902@gmail.com,US
cuffysneaks@gmail.com,US
mister.xxxrandom@gmail.com,FR
brooksbarker24@gmail.com,US
monkey961012@gmail.com,US
jaxontodoroff@gmail.com,US
kyli572@gmail.com,US
scareclaws@gmail.com,US
matrattkd@gmail.com,US
zdupla1234@gmail.com,US
rudygjr79@gmail.com,US
dragonmage182@gmail.com,US
artemlimon99999@gmail.com,FR
hepbloveshorses@gmail.com,US
toe27fu89@gmail.com,US
eboynic@gmail.com,US
andrey.kkmservice@gmail.com,FR
dnesterova506@gmail.com,FR
angelmonzon2002@gmail.com,US
suomingbaihu@aliyun.com,IT
kydenthebeast@gmail.com,US
momosan7185@gmail.com,US
kalebshamburg3@gmail.com,US
veronica.aubrey.anstey@gmail.com,US
loganhalstead4@gmail.com,US
baranovanto228@gmail.com,US
ivorespam22@gmail.com,US
syncerehale6@gmail.com,US
aw1412@proton.me,US
lezlyquijas0711@gmail.com,US
dljones995@gmail.com,US
mgaythorpe@gmail.com,US
nrm0086@yahoo.com,US
gregdoucette27@gmail.com,US
prepboyzack2012@yahoo.com,US
jmiller19002@gmail.com,US
everythingnightxriot@gmail.com,US
variantmac@gmail.com,US
fictionlor345@gmail.com,US
soki123344@gmail.com,US
sliddingtonlogin@gmail.com,US
degeneracy@sudomail.com,US
branden.earnshaw@gmail.com,US
onipkonazar@gmail.com,FR
rochebrandon411@gmail.com,US
thefippsy@gmail.com,US
bobbarker22028@gmail.com,US
hunter11221963@gmail.com,US
jackmelhuish10@gmail.com,US
isharpe0603@outlook.com,US
jawws3591@gmail.com,US
spamwich129@gmail.com,US
castanazo15@yahoo.com,US
pipponj82@gmail.com,IT
unusualwale@gmail.com,US
troyjr2000@icloud.com,US
kate.riley89@mail.ru,FR
ivygosnell@gmail.com,US
santikillerbt@gmail.com,US
new_day_now@mail.ru,IT
slavemartyintx@gmail.com,US
stikboy14@yahoo.com,US
fuzzum111@yahoo.com,US
majestic7riverbed3@proton.me,US
dyingtopleazu88@gmail.com,US
starswift99@gmail.com,US
stanley83400@gmail.com,FR
tedwrowley@gmail.com,US
kims.wyant@gmail.com,US
dreamsarenightmares@gmail.com,US
sekkusunakamura@gmail.com,IT
hsmiley405@gmail.com,US
dudgeon.upped_0y@icloud.com,FR
warrioraaron123@outlook.com,US
dimmyrags@gmail.com,US
oldman27560@gmail.com,US
minierjoe@yahoo.com,US
ahsmessageralexis@gmail.com,FR
kirill13450@gmail.com,FR
galaxyqueenerin@gmail.com,US
lunaisatwinkie@gmail.com,US
dawsonwalters101@icloud.com,US
lscott11289@gmail.com,US
enzo339122@gmail.com,IT
coppergone@gmail.com,US
galmech.veteris@gmail.com,US
sephyrdephyr@gmail.com,US
coreyreadd@gmail.com,US
christophercedeno98@gmail.com,US
maskim.222.333@gmail.com,US
josh.schey@gmail.com,US
cowboyfans0827@gmail.com,US
gotcha342014@gmail.com,US
neamous@yahoo.com,US
sylvaria@gmail.com,US
divanime07@gmail.com,US
zpfwthk@gmail.com,US
j.rodriguez080722@gmail.com,US
danielgiampa@yahoo.com,US
ggross7577@gmail.com,US
machgrand@gmail.com,US
un0wned43@gmail.com,US
bobinator1992@gmail.com,US
mememe123312@tutamail.com,US
sshcb@protonmail.com,US
cd182564@gmail.com,US
gamingfox4767@gmail.com,US
james.eming@gmail.com,FR
skswriting@gmail.com,US
rosahingsten@gmail.com,FR
bytesizekailani@gmail.com,US
jr.urbanbrowns@gmail.com,US
darthshelton@gmail.com,US
geocentricshawn@yahoo.com,US
andreamilone113@gmail.com,IT
marie.leclair66@gmail.com,US
utubforeal@gmail.com,US
emersynhawkins7@gmail.com,US
fen.diode8n@icloud.com,US
fanvegeta04@gmail.com,IT
codyhazel69@gmail.com,US
thisisathrowaway208@gmail.com,US
ryan.mg.horton@gmail.com,US
distraughthydra@gmail.com,US
marckxxxx@proton.me,FR
docphillips854@gmail.com,US
clboyd79@outlook.com,US
251289742@qq.com,FR
youngxr0dking@gmail.com,US
drgregvan@gmail.com,US
uptimesometimes@yahoo.com,US
trottercory011@gmail.com,US
j40389100@gmail.com,US
2629022957@charter.net,US
jferklic@gmail.com,US
ravercorpsguy@yahoo.com,US
morgls1331@gmail.com,US
wells.darien@gmail.com,US
reeda5496@gmail.com,US
mattkid216@gmail.com,US
klokotovadara@gmail.com,US
dsrtisle23@proton.me,US
tommyknocker@myyahoo.com,US
kellehkat@gmail.com,US
mr.science12345@gmail.com,US
freddy1400.com@gmail.com,US
tsachse99@gmail.com,US
zaria.j.whitaker@gmail.com,US
martinabigale3@gmail.com,US
lilyeggert2001@gmail.com,US
leemedema@gmail.com,US
am8883@icloud.com,FR
stevenspam1998@gmail.com,US
kubrick2160@gmail.com,US
rt6958@pm.me,US
fawezx8@gmail.com,FR
comassot@gmail.com,FR
costxfdesire@gmail.com,US
joe.bly23@gmail.com,US
reyvenxrus@gmail.com,US
adlucas2598@icloud.com,US
butler.shane91@gmail.com,US
serpentzson1@gmail.com,US
emigilmore16@gmail.com,US
karimoffdanila@gmail.com,US
masonsteelexd@gmail.com,US
vanyokxp@gmail.com,IT
bby-gee@outlook.com,US
insmouthlocal741@gmail.com,US
armstead.austin26@gmail.com,US
grafterimages@gmail.com,US
qhart666@gmail.com,US
imagin3ri@gmail.com,US
scttmwms@gmail.com,US
alexander_frost19@hotmail.com,US
bryondean@icloud.com,US
archeytheangel18@gmail.com,US
qq462398150@outlook.com,US
sergejfedunin503@gmail.com,FR
manuels.tr@gmail.com,US
jharvill03@gmail.com,US
raphael.azertyuio@gmail.com,FR
leehnash1@gmail.com,US
chubbinpaws@gmail.com,US
strangemeee@gmail.com,FR
t49235731@gmail.com,US
martijn_vans@hotmail.com,FR
azrael.battles@gmail.com,US
aswansoninaz@gmail.com,US
ricksanchezc137ita@gmail.com,IT
celestemg11@icloud.com,US
acevesale2002@icloud.com,US
vkulikova220@gmail.com,US
ozleeller@gmail.com,US
kdramaas352@gmail.com,US
thayder@yahoo.com,US
skylermcb2008@gmail.com,US
fruits_whalers.0j@icloud.com,US
cisco110012@outlook.com,US
trash2gdegeldt@gmail.com,FR
coldcoffe000@mail.ru,IT
theminecraftpvpers22@gmail.com,US
lalameleletti@gmail.com,US
mitchell.boone.hedstrom@gmail.com,US
2879364292@qq.com,US
danielgschmid@gmail.com,US
danieljcarmen97@gmail.com,US
singelaustin@gmail.com,US
ryan_kfoury@yahoo.com,US
lukouitecrunchyroll@gmail.com,FR
dnarvaez195@gmail.com,US
grandmapain@pm.me,US
avisblair78@icloud.com,US
ferpyinmyderp@gmail.com,US
thecastof3@gmail.com,US
819044436sun@gmail.com,US
magiccatlover3022@gmail.com,US
chibikat95@gmail.com,US
rudyaldape4@gmail.com,US
mwcook73@gmail.com,US
thunderbwind@gmail.com,IT
clyedeadult@outlook.fr,FR
redseb0320@gmail.com,US
enderalternative42@gmail.com,US
passionatecam12@gmail.com,US
preydate@gmail.com,US
midoriarsene241@gmail.com,US
delgadoalejandro9135@gmail.com,US
adamhaney88@gmail.com,US
iryniel@outlook.fr,FR
jibfu@yahoo.com,US
lohushka000777@yandex.ru,US
onlyfansacc1675@gmail.com,US
gtactical38@gmail.com,US
jj9792423@gmail.com,US
slau8469@protonmail.com,US
ericlee72@hotmail.com,US
cedricsolomon2011@gmail.com,US
lissx0341@gmail.com,US
sipesthomas988@gmail.com,US
momoxio194@gmail.com,US
aaron1234im@gmail.com,US
christianlandry456@gmail.com,US
eljohnson1992@gmail.com,US
zeke.kiel@pm.me,FR
kahlaniscool@gmail.com,US
thecreative120@gmail.com,US
dough159265@gmail.com,US
westclyde30@gmail.com,US
darien.d.hays@gmail.com,US
morrismicah439@gmail.com,US
quayledamien@yahoo.com,US
yummycat3142@gmail.com,US
purplestarship@proton.me,FR
ai.experiment.99@proton.me,US
mark.konecy@icloud.com,US
wallsjamari027@gmail.com,US
bloodstruckmoon@gmail.com,US
tyhampton1011212@gmail.com,US
danielpopp@hotmail.de,FR
shnaydrrsl@gmail.com,FR
johanrichard69@proton.me,US
nakodasnow2@gmail.com,US
ggdanijos@gmail.com,FR
stergarcole41@gmail.com,US
k62812275@gmail.com,US
dcvermil@yahoo.com,US
bennytheplaza@gmail.com,US
alexiomarco11@gmail.com,US
marymognet@yahoo.com,US
piccirillorobertt@yahoo.com,US
teamfortressman@hotmail.fr,FR
devin.stinson583@gmail.com,US
haruparu893@gmail.com,US
walterp73.shopping@gmail.com,US
nicolas.buresta@gmail.com,FR
bpmdub13@gmail.com,US
tunan5215@gmail.com,FR
justanotherps3@gmail.com,US
succubustears125@gmail.com,US
rt2783759@gmail.com,US
khiarox3@gmail.com,US
tink31098@gmail.com,US
bl-ackmeta-l@hotmail.com,US
ughdiscord4@gmail.com,US
hwyatt99@icloud.com,US
charmaderroman@gmail.com,US
gamergeek79@gmail.com,US
canaanoah@gmail.com,FR
azoozalhumidi1@gmail.com,US
jterry2456@gmail.com,US
mohamed.belkhir0@gmail.com,FR
willsouthern3@gmail.com,US
justanotherfurryfellow@gmail.com,US
buggyboy314@gmail.com,US
timlinc13@gmail.com,US
jchristianmorris1995@gmail.com,US
arse.bro0801@gmail.com,US
anastya097@gmail.com,US
richinsmadelin@gmail.com,US
jwolfe74@proton.me,US
pristinelawnsco@gmail.com,US
morganzenick96@gmail.com,US
icoolz@icloud.com,US
austinmathis407@gmail.com,US
nfetters2001@gmail.com,US
thedukes21st@gmail.com,US
mcgrewcd@hotmail.com,US
plumbers.krak@gmail.com,US
jcarpenter2018@gmail.com,US
newmanp4321@gmail.com,US
todd.george808@protonmail.com,US
tomminsinger@yahoo.com,US
desmondh91@yahoo.com,US
carrielayne13@gmail.com,US
lg_gothior@hotmail.com,US
adrienaaron29@gmail.com,US
luckyneko425@gmail.com,US
s8nist603@gmail.com,US
villeval.loic@wanadoo.fr,FR
eawm314@gmail.com,US
claytongh2@icloud.com,US
samuelopdycke@gmail.com,US
mike_brisco@icloud.com,US
randonmandon@gmail.com,US
remytherockstar@gmail.com,US
au75fh6t@gmail.com,US
brandonosuna2008@gmail.com,US
eliasbensaid2@gmail.com,FR
moremorepain@gmail.com,US
anna331995@gmail.com,US
lev.belov.10@inbox.ru,US
camper497497@gmail.com,US
cassiedinglechalk@gmail.com,US
spoopytcg@gmail.com,US
jamaicangoddess24@icloud.com,US
thighlander534@gmail.com,US
porngod333@gmail.com,US
baileybolton876@gmail.com,US
peterschdjepi@gmail.com,FR
firebirdqj@yahoo.com,US
deathshmoke@gmail.com,US
peytondolson19@gmail.com,US
mikecook2406@gmail.com,US
sethrking143@yahoo.com,US
howardhamlin1216@gmail.com,US
cjkingsley23@gmail.com,US
ashleigh.coon2001@gmail.com,US
carlyhenderson60@gmail.com,US
swaggybrian2005@gmail.com,US
lolaralica@gmail.com,US
hawkins44121@hotmail.com,US
hostilegentewok@gmail.com,US
ely_volley@hotmail.it,IT
rachelw09@yahoo.com,US
tavernhyena@gmail.com,US
xaielturner03@gmail.com,US
gunnark06@gmail.com,US
ipodced10@gmail.com,US
dansontran1998@hotmail.com,US
andrewztaylor18@gmail.com,US
asdaxcomin@gmail.com,FR
jono1185woolsey@gmail.com,US
ashjacksonfall@gmail.com,US
mfalke00@hotmail.com,US
downs.jonathon@gmail.com,US
greysonjayson654@gmail.com,US
skylaryale12@gmail.com,US
mysteryj3215@gmail.com,US
gdgreyndarkness@gmail.com,FR
valeskivespivak@gmail.com,US
zegan4eversims4@gmail.com,US
jcorkern123@gmail.com,US
piers_pasture.8x@icloud.com,US
itstooslow@gmail.com,US
jbiswas2024@gmail.com,US
temiauara2001@gmail.com,US
mylittlecorgi@gmail.com,US
alewi475@gmail.com,US
hbaskin2019@gmail.com,US
didi88260@gmail.com,FR
smuggler2860@hotmail.com,US
shadowofaflame.01665@gmail.com,US
jimseal32@gmail.com,US
saturnspacey12@gmail.com,US
02-canal.bogies@icloud.com,US
pawsomem@gmail.com,US
mightyfx@mac.com,US
ninjadogphd@outlook.com,US
philipadubose@gmail.com,US
tamartin636@gmail.com,US
cpo1013@icloud.com,US
bennysosa2@gmail.com,US
ianxkennedy909@gmail.com,US
clarknc20@gmail.com,US
novacuck@outlook.com,US
elijahx.man101@gmail.com,US
foxy-1996@list.ru,FR
heckingmorons@gmail.com,US
calebmuster.004@gmail.com,US
rorihun6900@gmail.com,US
jramon627hotmail@gmail.com,US
whatsup6975@outlook.com,FR
brchbr7@gmail.com,US
zschooley2005@gmail.com,US
grondo67@proton.me,US
cobyarnold1993@gmail.com,US
cxe2357@gmail.com,US
fooor185@gmail.com,US
gooddm72@gmail.com,FR
jschmuck741@gmail.com,US
hammer.katieis@gmail.com,US
phoehhhpoubelle@gmail.com,FR
panda60400@outlook.fr,FR
aip@itsmasked.com,US
dragonclan91@yahoo.com,US
moneytospendpa@gmail.com,US
hicks.diana96@gmail.com,US
420bacontricorn@gmail.com,US
redbishop221@gmail.com,US
kalakitsune@gmail.com,US
charleskuehn@outlook.com,US
gamertrey05@gmail.com,US
19goodnight.austin@gmail.com,US
ericjohns03@gmail.com,US
deannafigs1993@gmail.com,US
zacheryamacher@gmail.com,US
john88mhm@gmail.com,US
jasmine.daniels5299@gmail.com,US
alexanderpearce664@gmail.com,US
wedgie.jamie@gmail.com,US
jedijack07@icloud.com,US
tglamb08@gmail.com,US
asmeyrick@gmail.com,US
asamanoabonce@gmail.com,US
satoragojo2@gmail.com,US
inked_gearhead@protonmail.com,US
bugaboo82599@yahoo.com,US
the.lallier.family@gmail.com,US
richard.prewitt5@comcast.net,US
gmederos93@outlook.com,US
mcnabb.timothy@yahoo.com,US
omerberbic8@gmail.com,IT
enzo-diable@hotmail.fr,FR
slavishincle@gmail.com,US
tanya_lee05@yahoo.com,US
mahaffey19@gmail.com,US
onalotw@gmail.com,US
hisnicoliette@gmail.com,US
caylacagg@icloud.com,US
blargomaflargon@gmail.com,US
deviltrigger3@gmail.com,US
j.alexcunningham1@gmail.com,US
caitlinpmn@gmail.com,US
rasheedgrant2010@gmail.com,US
rottenragnar@gmail.com,US
isr5902@gmail.com,US
everlaster9171@gmail.com,US
c.gilbert190@gmail.com,US
staleningrad+spicychatai@gmail.com,US
randomnuamenumber78@gmail.com,US
anthony.barreau.ab@gmail.com,FR
braxtonian21@gmail.com,US
simonbarbar213@gmail.com,US
benjamin.roth24@gmail.com,US
pizanoalvarito@gmail.com,US
officerthompson113@gmail.com,US
jamalpounzha@gmail.com,US
rebondysan@gmail.com,IT
izakgrigsby@gmail.com,US
paskevak@yahoo.com,US
ccel2830@gmail.com,US
jamesdean34345@yahoo.com,US
amiyah2806@gmail.com,US
thebigpack84@gmail.com,US
lyceeecf@gmail.com,FR
lunariforeal@gmail.com,FR
joeyccblue@gmail.com,US
wybieultra@gmail.com,US
jirminy@gmail.com,US
orally_bicurious4u@proton.me,US
billysinkyeah@gmail.com,US
stephen.m.chase01@gmail.com,US
babbybacca@gmail.com,US
thet15517@gmail.com,US
jacobaceituna@gmail.com,US
ta0229181@gmail.com,US
wack8613@gmail.com,US
honeybabe099@gmail.com,US
thebeastm232@gmail.com,US
cochranleah2@gmail.com,US
johannes.zann@gmail.com,US
liusj5505@gmail.com,US
plant.goldfinch4591@maildrop.cc,US
thelongcon1996@gmail.com,US
jgarcia2142001@gmail.com,US
velvettevampire@gmail.com,US
anthonyastuccio2@gmail.com,US
nathanfnxphifer@gmail.com,US
jlaugers@gmail.com,FR
xxthewanderer32xx@gmail.com,US
brozzo94@yahoo.com,US
dinacoroeva@gmail.com,US
mangel3065@gmail.com,US
alessandro.movistardf@gmail.com,IT
elliotnola4life@gmail.com,US
lezgo.wynaut@gmail.com,FR
cold51_advised@icloud.com,US
markitadbrown@gmail.com,US
benedictdattolo06@gmail.com,US
sophieelliott07@gmail.com,US
matth.boone@gmail.com,FR
meloniiyd@gmail.com,US
xentec74@gmail.com,US
jonesaucaly@gmail.com,US
joel.martinez34@hotmail.fr,FR
rimar9125x@gmail.com,IT
jlenning75@gmail.com,US
tamir26pega@gmail.com,IT
ebroeker20@gmail.com,US
brendancanfield@yahoo.com,US
myriamhornstein@yahoo.com,US
ethical_spangly_4l@icloud.com,US
iduunhaveone@gmail.com,FR
sv1234@atomicmail.io,US
14earth@gmail.com,US
deathhuman40@gmail.com,US
curtjones848484@gmail.com,US
aj2564049@gmail.com,US
hide12out@hotmail.com,US
jacx7247@gmail.com,US
stefano@carlucci.ge.it,IT
janesmccool50@gmail.com,US
reedcyclebin@gmail.com,FR
damiant.herd@gmail.com,US
harper.dotson@gmail.com,US
noelnoemie7@gmail.com,FR
gameprojoez@hotmail.com,US
zarlyshark@yahoo.com,US
calvinmee0@gmail.com,US
jannyc478@gmail.com,US
coquettishcxt@gmail.com,US
syndicatejr989@gmail.com,US
atlantis101.03@gmail.com,US
bigboybecky@gmail.com,US
kre8iv42170@gmail.com,US
hpslytheringirl2008@gmail.com,US
profoundsadness@hotmail.com,US
ronort.xman@gmail.com,FR
system@lazuli.network,US
pubgahil01@gmail.com,US
thelegiftshop@gmail.com,US
aavila041400@gmail.com,US
living.confucius@gmail.com,US
a224robinson@gmail.com,US
cowdummy1456@gmail.com,US
kovasjmio@outlook.com,US
lostallmyfeelings333@gmail.com,US
maxoudumas@gmail.com,FR
simonov2005@icloud.com,US
doriihad@myyahoo.com,US
masterdragon.et@gmail.com,US
febreezeweeb@gmail.com,US
eac4727@gmail.com,US
lsdecort00@gmail.com,US
xsteadythehandx@gmail.com,US
ownagewolf24@gmail.com,US
fierylegion@gmail.com,US
zzz.charlesslut.zzz@gmail.com,US
anitabottner@icloud.com,US
kodex459@gmail.com,US
frankofrankofranko35@gmail.com,US
jamesishere1231@gmail.com,US
jt774090@gmail.com,US
sean.heald320@gmail.com,US
jaykayth25@proton.me,US
loganarter7@gmail.com,US
shyamwilliams173@gmail.com,US
austin_cole2@yahoo.com,US
mar.mohrs@googlemail.com,US
rnevermoore96@gmail.com,US
antoinelyles15@gmail.com,US
steviebinlv@yahoo.com,US
cupcupcuppycake00@gmail.com,US
gregorymccabe1@gmail.com,US
davgriggs1@yahoo.com,US
mdbj61207@gmail.com,US
suchrandomthingz@gmail.com,FR
ourlovegod@gmail.com,US
maeuns8@gmail.com,US
docafterdark@outlook.com,US
williampouin9@gmail.com,US
ctaylor08012007@gmail.com,US
nesuchiha16@gmail.com,US
gamesdriver54@gmail.com,US
jjjjboom@gmail.com,US
sarahjewel98@gmail.com,US
alezandrluckett@gmail.com,US
michaelchulders@gmail.com,US
goffjoel96@gmail.com,US
jaloni.white325@gmail.com,US
jungkooks.shay@gmail.com,US
danielle.patron1319@gmail.com,US
campbellmt12@gmail.com,US
erinkohout0@gmail.com,US
dndavis6231@gmail.com,US
tavernhyena@outlook.com,US
jujujulz99@gmail.com,US
em.lapree@gmail.com,FR
reeciepoweraz@gmail.com,US
amgourley12@gmail.com,US
morganemorris02@gmail.com,US
colorgod99@icloud.com,US
lancebaker1993@yahoo.com,US
gosint1776@gmail.com,US
serge@fefem.com,FR
lis.was.here808@gmail.com,US
padgett.sarah.e@gmail.com,US
eddftp2@gmail.com,US
moonmanpractice@gmail.com,US
ariel.umanzor22@gmail.com,US
iceman22gohan@gmail.com,US
lucastrdl9@gmail.com,FR
pablo_rlopez2015@hotmail.com,US
boogies-catnaps-2k@icloud.com,US
junqingqiao@gmail.com,US
hstacksw@gmail.com,US
swimguy2003@icloud.com,US
wildeman1007@hotmail.com,US
sasalalla40@gmail.com,FR
thegirlstalksh.t@gmail.com,US
matthew.hughey10@gmail.com,US
isaiahsharon145@gmail.com,US
demarco.alfonso@outlook.it,IT
lapox97@gmail.com,IT
bhenry962@gmail.com,US
ravenhaley80@yahoo.com,US
sabuckavoron@gmail.com,FR
lparkey88@gmail.com,US
serpentone639@gmail.com,US
thorbjoernmeyer@me.com,US
timberwolf130@gmail.com,US
ivoryrose@gmail.com,US
alora8968@gmail.com,US
boostedxl@icloud.com,US
filippotorti33@gmail.com,IT
the.pink.pimpernel@gmail.com,US
smackbishup77@gmail.com,US
jpjessie25@gmail.com,US
mr.painlover@mail.ru,FR
chanwarnick@gmail.com,US
ma29mazz@gmail.com,US
danieldanforth2004@gmail.com,US
ore.pups.0h@icloud.com,US
gaige_kachel@yahoo.com,US
duff0307@gmail.com,FR
hostiletaurus@gmail.com,US
lesleymain0@gmail.com,IT
collegecouple21@gmail.com,US
thelizsearl@gmail.com,US
jhale215@icloud.com,US
nixcani98@gmail.com,US
jesse.r.saunders@gmail.com,US
rykerclan2000@gmail.com,US
olympuschoky98@gmail.com,US
goblegenisea@gmail.com,US
goobin30@gmail.com,US
identifytheft98@gmail.com,US
areb0806@gmail.com,US
renreya47@gmail.com,US
rambaud.mathieu@gmail.com,FR
metalnoa92@gmail.com,FR
fab173349@gmail.com,FR
masterfulsmiley@yahoo.com,US
millerallyson4127@gmail.com,US
xxxhebrewduckxxx@gmail.com,US
rollon.poinsot@wanadoo.fr,FR
whoiam943@gmail.com,IT
fivetacoalex@gmail.com,US
ljmcq123@gmail.com,US
dazuko@yahoo.com,US
ca60852012@gmail.com,US
b.blake695@gmail.com,US
prevattmluke@gmail.com,US
drprofessorpanda@gmail.com,US
jesselane3410@gmail.com,US
avengerkid11@gmail.com,US
sapienzaconticelloantonio@gmail.com,IT
tyler.j.kalb33@gmail.com,US
shanekneely@gmail.com,US
bored7hyena@gmail.com,US
cody.eugene.passmore@gmail.com,US
johnamandaradford@gmail.com,US
bradberryethan@aol.com,US
lildragonkyo@gmail.com,US
sashasakov07@gmail.com,FR
gruzdkirill1@gmail.com,FR
streiker60400@gmail.com,FR
theron0226@gmail.com,US
christieseigrist@gmail.com,US
chelaurenh@gmail.com,US
sunset.everest.03@gmail.com,US
halohatter@outlook.com,US
mr.remyj@gmail.com,US
samgrannan2@gmail.com,US
lilsnip@libero.it,IT
matthewdelizza@icloud.com,US
mckaeculbertson5@gmail.com,US
chelkote@gmail.com,US
crewchief001@gmail.com,US
bucsquad@gmail.com,US
sursouthsul@gmail.com,US
09dcb09@gmail.com,US
kyle.jhonson@email.com,US
probablydecentgaming@gmail.com,US
atx104795@gmail.com,US
hciao8312@gmail.com,IT
patrickselmon73@gmail.com,US
t.hall2525@yahoo.com,US
fifthfreedom@gmail.com,US
beka.leigh@live.com,US
281401@proton.me,US
darkztom777@gmail.com,US
edsabro@yahoo.com,US
lunasilver35@yahoo.com,US
aavdeev1998@gmail.com,US
straun92@gmail.com,US
ssj4gogeta1@yahoo.com,US
atothatj711@gmail.com,US
vladislavreznik525@gmail.com,US
isaacguerpoyone1234@gmail.com,US
turnmarsell905@gmail.com,US
imf13052003@mail.ru,FR
lazaire17@gmail.com,US
luissalazar9010@gmail.com,US
thiscoolguy646@gmail.com,US
hunterackerman92@gmail.com,US
gjane5218@gmail.com,US
d.gedin@gmail.com,FR
joeqmsserine@gmail.com,US
darkboy42@gmail.com,US
oofloloof12345678@gmail.com,US
alexander_eliseev@internet.ru,US
baltrenast@gmail.com,US
danehager@yahoo.com,US
biffjerky6969@gmail.com,US
gypsygirl239@gmail.com,US
theroughdiamond17@gmail.com,US
rbtheartisan@yahoo.com,US
prettyboikylerr@icloud.com,US
andersonjustin0121@gmail.com,US
jeremig3@gmail.com,US
allover_u2@hotmail.com,US
le3461410@gmail.com,US
edmond.higgins@gmail.com,US
l0f38000@gmail.com,FR
tanker54912@gmail.com,IT
negoroed2017@gmail.com,US
cjonesey01@gmail.com,US
elahiandrews@gmail.com,US
cory.hisel@yahoo.com,US
horn814@aol.com,US
zachjohnson8027@gmail.com,US
garrydelrey@gmail.com,US
pablolito93140@gmail.com,FR
man.utd.fan.87@gmail.com,US
ikondsr@gmail.com,US
darkknightv8.05@gmail.com,US
arktum21@gmail.com,FR
beezplayz@icloud.com,US
gdkime@gmail.com,US
moxnatimamint229@gmail.com,US
sillysal712@gmail.com,US
drewtrash14@gmail.com,US
matthewgrant110@gmail.com,US
ruizjoshua684@gmail.com,US
someone.fangirl15@gmail.com,US
splootsxcalicocakexcafe@gmail.com,US
licerodoz123@gmail.com,IT
julissa.mora561@gmail.com,US
nicholas.nash593@gmail.com,US
ashlzr002@gmail.com,US
lspdfrmod@gmail.com,US
gabe.ahernandez@gmail.com,US
kk11@hotmail.it,IT
l3gityolo1@gmail.com,US
kingvj1987@gmail.com,US
17rex71@gmail.com,US
austingoolsby2008@gmail.com,US
cyberran108@gmail.com,US
sylvain.belconde@gmail.com,FR
derekmeinershagen@gmail.com,US
petersonethan1234@gmail.com,US
anemail5670@gmail.com,US
globalannihilationgaming@gmail.com,US
jbohl217@gmail.com,US
jillmeow@outlook.com,US
simply.ahsan407@gmail.com,FR
kluiventomato@gmail.com,US
gonzaloetorres@live.com,US
48074834@qq.com,US
boundforadventure@icloud.com,US
otakuvs.weeb@gmail.com,US
thetarobinson228@gmail.com,US
dnl0233@outlook.com,US
golderstacie1@gmail.com,US
chelseakilpatrick05@yahoo.com,US
angra333@gmail.com,US
hjacobs.272@gmail.com,US
rexer10@bk.ru,FR
www.wisdom1@gmail.com,US
blazerzzz60@yahoo.com,US
jonathancont1985@gmail.com,US
tubules_eights_7e@icloud.com,US
mcelite931@gmail.com,US
taburetka228335@gmail.com,IT
babkinigor56@gmail.com,US
linkdennis39@gmail.com,US
mlnava1310@gmail.com,US
mackinswims@gmail.com,US
945798055@qq.com,US
lucifersylas@gmail.com,US
menew200@gmail.com,US
mkrizzer@gmail.com,FR
redtape202502@gmail.com,US
cam7gruszecki@gmail.com,US
hfoley793@gmail.com,US
skateboardkid13@protonmail.com,US
potatoes007@gmail.com,US
beamerboycam04@gmail.com,US
jtemple1617@gmail.com,US
b3spappy@gmail.com,US
773496209@qq.com,IT
brandonafairhurst@gmail.com,US
calebdaleslaughter@gmail.com,US
michelleallynewhite@gmail.com,US
itscynoon1@gmail.com,FR
messygirl89@gmail.com,US
jonnelson123456789@gmail.com,US
aarmstrong32@hotmail.com,US
voidsvelocity21@outlook.com,US
reaperdestroyer5@gmail.com,US
theindigodemon@gmail.com,US
axelaxelaxel98@gmail.com,IT
mtnmands86@yahoo.com,US
romain.larre@gmail.com,FR
mann_jen@live.com,US
tiramin228@gmail.com,US
nathancrowe420@gmail.com,US
adamtzuis@gmail.com,US
iroqouis2112@gmail.com,US
eglymollie5@gmail.com,US
dkosinov576@gmail.com,IT
thompsoncameron6433@gmail.com,US
cwtellkamp@gmail.com,US
silvio.milster@vodafone.de,FR
tomaxxamot@mail.com,US
thewhitewolf1018@gmail.com,US
jamesperrydarrell@gmail.com,US
benha7200@gmail.com,US
romanjiovany55@gmail.com,US
universalislogica@gmail.com,US
zenpedro.copet7@gmail.com,US
vyachwho@gmail.com,FR
lawsonjulesalt@gmail.com,US
darkninjakildu@gmail.com,US
mackenziemills7706@gmail.com,US
ftw.rose@gmail.com,US
rolandcorsair@gmail.com,US
steinmetz342@live.com,US
j03.lynn98@gmail.com,US
msetzer919@gmail.com,US
rrollins0802@gmail.com,US
kisa.pro17@protonmail.com,FR
matthias.greiller@gmail.com,FR
waysweettreats@gmail.com,US
mystery0986532@gmail.com,US
spankmehardwith@gmail.com,US
lee.felix.yongbok.skz.24@gmail.com,US
xyph1357@gmail.com,US
haskell004@gmail.com,US
tommasomaschio@gmail.com,IT
xzavierx02@gmail.com,US
lollolkoval@gmail.com,US
ya.nesin76@gmail.com,IT
quevis04@gmail.com,US
sunniyoshinori69@gmail.com,US
shivasamkumargovindan@gmail.com,US
heyynoww42069@protonmail.com,US
dreshard55@gmail.com,US
salithian@gmail.com,US
shabow101@gmail.com,US
osamahfahad2008@gmail.com,FR
ahlow.kevin@gmail.com,US
mepwn322@gmail.com,US
kimballronald@yahoo.com,US
wdfoss692@gmail.com,US
ktnj2001@gmail.com,FR
oldaniilsis@mail.ru,FR
dhdbjdjidvjshijfchkkfsbj@gmail.com,FR
avengers123b@proton.me,US
jcage99@proton.me,US
pavel.radchenko.95@gmail.com,US
keaton_baker@yahoo.com,US
mantovanilorenzo@protonmail.com,FR
iagibson195@gmail.com,US
chrissyhross@hotmail.com,US
mviniarski@gmail.com,US
danisigareev@gmail.com,US
dark2light.wwg1wga@gmail.com,US
raidenkern2@gmail.com,US
jafenzl@gmail.com,US
oargik@xevorin.com,US
jhaydel725@gmail.com,US
feliciaberry96@gmail.com,US
rking56@gmail.com,US
exoglyce@protonmail.com,US
kozerogalina@gmail.com,US
nabradia1115@gmail.com,US
gffcgccfvc@gmail.com,IT
kwpunkrockchic@gmail.com,US
nullterminus@protonmail.com,US
ashlee2560@gmail.com,US
soul_token@proton.me,US
nogobanza@gmail.com,US
kaylafaaiu@gmail.com,US
sadnessispain93@gmail.com,US
spagett696969@proton.me,US
wideruler77@proton.me,US
yvjdkeobdjxnsn@gmail.com,US
mysteryishere01@gmail.com,US
theannakeeler@gmail.com,US
codymurray.game@gmail.com,US
ivanlunin176@gmail.com,FR
medicmsh@proton.me,US
andrea.pasinos.03@gmail.com,US
alenpro94@gmail.com,FR
vaverecollin1@gmail.com,US
aidanthesnakeman@gmail.com,US
anthony.sil.3080@gmail.com,US
david_abrek0602@icloud.com,US
micaylajohnson108@icloud.com,US
zimuli690@gmail.com,FR
khoruzhevsavelij@gmail.com,US
livmsvedberg@gmail.com,IT
josherz94@gmail.com,US
deadmuskrat@gmail.com,US
fortheoccy@protonmail.com,US
isoroku@cox.net,US
629general@gmail.com,US
huntertpaiz@gmail.com,US
jd69240@outlook.com,US
torrent233qaq@gmail.com,FR
ayresahny06@gmail.com,US
foxfirewispyt@yandex.ru,US
nikita.tehnopark@gmail.com,US
soloviev.igor.g@gmail.com,US
jkeiser1934@gmail.com,US
danglelightsweat@yahoo.com,US
ivorycomet1363@gmail.com,US
xenkugames@gmail.com,US
bainazarovaiv@gmail.com,US
s62895724@gmail.com,US
bokoutenshi85@gmail.com,US
ivan717919@gmail.com,US
m.s.w.studios133@gmail.com,US
daruix@wp.pl,FR
2352592573a@gmail.com,US
warthog33@proton.me,US
cb.askav@protonmail.com,FR
jfilz027@gmail.com,US
3524msp153ian@protonmail.com,US
wruediger13@gmail.com,US
lizzy9911@proton.me,US
siriouzzz837@gmail.com,FR
kryukovasofia@gmail.com,US
nikona749@gmail.com,FR
elisfarm463kor@gmail.com,US
cirus085@gmail.com,US
hayden.kloss@gmail.com,US
floppyhorizon13@gmail.com,US
solego33@gmail.com,US
politican249@gmail.com,US
ouou6602@gmail.com,US
eve67802@gmail.com,US
rekkashard@yahoo.com,US
smithryan156@yahoo.com,US
kioshinash2007@gmail.com,US
szcsepan7@gmail.com,FR
killer7gh@mail.ru,US
stevenmonkey5769@gmail.com,US
jasonwademobleyjob@gmail.com,US
bnettie117@gmail.com,US
loyne7@protonmail.com,US
zan216master@gmail.com,US
areyn03@gmail.com,US
manafestica@gmail.com,US
bemoreshrill@gmail.com,US
movierichards@gmail.com,US
portuguesemanowar751@flounderfantasy.com,FR
dustinmrpacer@gmail.com,US
spicychat.ai.p6f8s@passmail.net,FR
000.reach000@passmail.com,US
cambrelynmiller@gmail.com,US
juliansirois@yahoo.com,US
minecrafterproa1@gmail.com,FR
prattzspam@gmail.com,US
danchaykovskiy@gmail.com,IT
greedybuddha1982@proton.me,US
vovarod67@gmail.com,FR
cryonicd@gmail.com,IT
shityyads@gmail.com,US
acosta.daniel3150@gmail.com,US
angaleerocks@gmail.com,US
aiguysigh@gmail.com,US
rusinator4@yandex.ru,IT
ruizscarter97@yahoo.com,US
imdrspookie@gmail.com,US
batevis91@gmail.com,US
yuraankh@gmail.com,US
wintage@protonmail.com,US
jack.joned@yahoo.com,US
killercoomer@protonmail.com,US
kiritog2117@gmail.com,US
nomoreclowning@protonmail.com,US
a123068952@yeah.net,US
weneedmoresouls@gmail.com,US
rocklow71@gmail.com,US
jacobywis@gmail.com,US
gnomishwither@gmail.com,US
kellygmcelveen@gmail.com,US
harletbum@gmail.com,US
jessie.rabbit1999@gmail.com,US
zoe85013@gmail.com,US
enderboyuk@gmail.com,US
awfulraccoon3@gmail.com,US
kennaf24@gmail.com,US
animerox121@yahoo.com,US
niowas74@gmail.com,US
vividreamsalot@gmail.com,US
jwaugh1994@aol.com,US
lrikthefox@gmail.com,US
pink_bows_and_lace@protonmail.com,US
angiehk07@icloud.com,US
ndnbucskin40@protonmail.com,US
n00088962@gmail.com,US
jaycir17@gmail.com,US
waaazzdrew@gmail.com,US
tylor.johnson3@outlook.com,US
fuzzy.aek.100@gmail.com,US
biskottia@mail.ru,US
nukacaps115@gmail.com,US
mikeyclement989@gmail.com,US
ivan_kolotushkin@bk.ru,US
riku-nara@hotmail.com,US
jagerfalkes@yandex.com,US
kolkuzy@yahoo.com,US
sheyennestouder8@gmail.com,US
michaelnetvoedelo@gmail.com,IT
batwing4208@gmail.com,US
adnshn47@gmail.com,US
nate4dayz@gmail.com,US
w1914508652@gmail.com,US
raeawolf@gmail.com,US
foreskinthief120@gmail.com,US
kz12z@proton.me,US
srseitz@live.com,US
asherchilds98@gmail.com,US
unproto@proton.me,FR
jljones1@eou.edu,US
henhjdhn@gmail.com,US
radek117@vp.pl,US
mckayla.bueltel2002@gmail.com,US
yowsa@protonmail.com,US
rtyghjcvbnn@gmail.com,US
olya.ysder@gmail.com,US
scotty81391@gmail.com,US
josephhjohnsonjr@gmail.com,US
cyclicy@gmail.com,US
connorholstad@gmail.com,US
customraid1r@gmail.com,US
cakibejker@gmail.com,US
sourpleasure92@gmail.com,US
notwillstrunk@gmail.com,US
shadowmod@protonmail.com,FR
stephfasano@gmail.com,US
assmoday6@gmail.com,US
stormgameschannel@gmail.com,FR
theecorgi64451@gmail.com,US
ttrallman@gmail.com,US
dongles-loonier.0b@icloud.com,US
misamisacrush@gmail.com,US
nnwiedel@gmail.com,US
kylecameron14@icloud.com,FR
akleshunt2@gmail.com,US
iiomarx071@gmail.com,US
kittysenpai03@gmail.com,US
tauaefaelijah@gmail.com,US
jayvengrimesrblx@gmail.com,US
aoeuaoue35@gmail.com,FR
ae.thompson2018@gmail.com,US
violentends23@proton.me,US
marcos.contreras88@gmail.com,US
dachawnoutlaw3@gmail.com,US
lakealeta9@gmail.com,US
ramirez222@protonmail.com,FR
q98747038@gmail.com,US
bbear68@outlook.com,US
imcurtail@gmail.com,US
love.emmakaye+sc@gmail.com,US
ki.raaa5739@gmail.com,US
orangesauceman@gmail.com,US
thatmoomsguy@gmail.com,US
vladislavatershina@gmail.com,US
mark55025@yahoo.com,US
curlyc24@icloud.com,US
billdaughtery@proton.me,US
pootismann721@gmail.com,US
tricia.schreieck97@icloud.com,US
invaderluigi3010@hotmail.com,US
markierlwhite@gmail.com,US
victorbartomeu69@gmail.com,US
pseudonymous.scribbles@protonmail.com,US
ohioarmyguy93@proton.me,US
imnothero1@mail.ru,FR
melasa1997@o2.pl,US
chorus.scene@gmail.com,US
ravenclarke100@gmail.com,US
coolpike55@gmail.com,US
misha.poltavtsev@mail.ru,US
john.carpenter7896@gmail.com,US
kuznetspizdets@gmail.com,US
kospote@gmail.com,US
joeyechos@gmail.com,US
ryan.jack21309@gmail.com,US
dark_demon1434@hotmail.com,US
bowlingchamp929@gmail.com,US
jamesmcelhannan@gmail.com,US
aniscreenstt@gmail.com,US
d4rkh3art1984@gmail.com,FR
kmburns924@gmail.com,US
horsey741@gmail.com,US
lurker.dump@gmail.com,US
khalidalittty@gmail.com,IT
iiceman336@gmail.com,US
vitalij.sizov2007@yandex.ru,US
jamesc82@protonmail.com,US
calcifiedmonolith@protonmail.com,US
nikolasgomez050@gmail.com,US
dokemp247@gmail.com,US
duckworthdarrien0@gmail.com,US
rohanfairuz26@gmail.com,US
hpfdgd@icloud.com,US
eneryak@proton.me,US
lycreavermillion@gmail.com,US
confrontation24601@gmail.com,US
jc.baker3242@gmail.com,US
ujacob683@gmail.com,US
desthepanther@gmail.com,US
binghsdingus@gmail.com,US
fenderjb55@hotmail.com,US
gamingducky727@gmail.com,US
pujkilo@gmail.com,US
katherine.kelseyswiss@gmail.com,FR
bloombrett91@gmail.com,US
gwgedwill@yahoo.com,US
rnewton1208@gmail.com,US
nice.blue@web.de,US
ilyaslicedol@gmail.com,FR
therealbigjulian@gmail.com,US
1106440327@qq.com,US
smichaelupp@gmail.com,US
jacobaaronyeager@gmail.com,US
maksimka_konstantinov_2002@mail.ru,US
swennyec62@gmail.com,US
wolfsfort@gmail.com,US
stufflikethat95@gmail.com,FR
gunshox@gmail.com,US
stas.verin@rambler.ru,US
subviolence@gmail.com,IT
dliatelefona123@gmail.com,FR
amblaeser775@gmail.com,US
babrown5813@gmail.com,US
mrthwillow@gmail.com,US
sunraku8073@gmail.com,US
willarose2019@gmail.com,US
sesticfaris@gmail.com,US
jimjim0287@protonmail.com,US
gladosfan13@gmail.com,US
laurenashley77@icloud.com,US
kittengirl1001@gmail.com,US
zhencksav@gmail.com,US
connorjosephwyer@gmail.com,US
lukebarton82@proton.me,US
vikhoangmods6@gmail.com,IT
testingrp10@proton.me,US
oxk299@watsl.com,US
gudenahitesh@gmail.com,FR
ale.mejines@gmail.com,US
dualber@proton.me,US
briansalasg123@gmail.com,US
thunderbutt2025@proton.me,US
gothicrr03@gmail.com,US
lark_d_night@protonmail.com,US
tempotempo444@gmail.com,US
collinsmithathome@gmail.com,US
aymnbashrahyl61@gmail.com,FR
eraserval@gmail.com,US
nikolasquirozmail@gmail.com,US
konmaster15@gmail.com,US
kamekakirbychang@gmail.com,US
stephen.buttaro@gmail.com,US
rosybarslut@gmail.com,US
emmadarling3333@gmail.com,US
aliceleesubject6@icloud.com,US
vd10987@protonmail.com,US
zimliakov@gmail.com,US
knighthenderson58@gmail.com,US
sloucher26@gmail.com,US
renjar.newbee@gmail.com,US
waiomuona@gmail.com,IT
r4missafarov@gmail.com,US
joereed2005jr@gmail.com,US
cholcjr@aol.com,US
pv9252142636@yandex.ru,US
ph3ar1@protonmail.com,US
hawaiianfunk@gmail.com,US
rpicinactim1@gmail.com,IT
hikitazarkov200@gmail.com,US
dzosuasun@gmail.com,US
pixelclash26@gmail.com,US
lordzzacs@gmail.com,US
kkx181821@163.com,US
lustfroilein@googlemail.com,US
ahmedkhuhro998@gmail.com,FR
rileighluv24@gmail.com,US
dokkaebialter@gmail.com,FR
andremaef2019@gmail.com,FR
williamkniery@icloud.com,US
balukai8423@gmail.com,US
johnjoss33@gmail.com,US
gabeballer0@gmail.com,US
k_ncerian@proton.me,US
nathansab717@gmail.com,US
sharizashan@gmail.com,US
avi.glitch@gmail.com,IT
turkey123gg@gmail.com,US
danichspartac@gmail.com,US
kanincote@gmail.com,US
obscured99@proton.me,US
emreozdemirer@gmail.com,FR
violatjd.3112@gmail.com,IT
haikyu.manu@proton.me,FR
verycreative42513@gmail.com,US
archibald1908@aol.com,US
synmao@gmail.com,US
jarloejarlego@gmail.con,US
revolation115@gmail.com,US
prismatic-flame@outlook.com,US
ebugli0508@yahoo.com,US
rachelsterling@sudomail.com,US
faizan.g.trading.construction@gmail.com,FR
kwohlander3020@yahoo.com,US
younceelisabeth@gmail.com,US
isaacweeks@icloud.com,US
bobby1997137@gmail.com,US
misskris1112@gmail.com,US
yolo9818@126.com,FR
lkdgae@xevorin.com,US
garrettbanks55@gmail.com,US
mrsacraftstudio@gmail.com,US
chelseylint@gmail.com,US
fkapplef@gmail.com,US
allsilvercats@gmail.com,US
zxzxwertg@gmail.com,US
cailejdarr0212@gmail.com,US
mkmoore1239@gmail.com,US
purerebeccaxo@gmail.com,US
aidenbutrick@gmail.com,US
calebandyj96@gmail.com,US
lancecoolie@proton.me,US
ryansullivan391@gmail.com,US
straydogswagger@gmail.com,US
de3245820@gmail.com,FR
kootor1881@gmail.com,FR
issacgallegos16@gmail.com,US
ulanderuland@protonmail.com,IT
jacksonthrow1@proton.me,US
piercedt59@gmail.com,US
detierra79@yahoo.com,US
mybithrowaways@gmail.com,US
hyenasurprise0@gmail.com,US
backyardiron@protonmail.com,US
thedoobious1@gmail.com,US
lil_red96@yahoo.com,US
bsussy12@outlook.com,US
lealtoral@gmail.com,US
sheepmilikin@gmail.com,US
kingvehral@gmail.com,US
oxvanillacherryxo@gmail.com,US
assassinscreedgamermaster@gmail.com,US
thatwriter1001@gmail.com,US
mortymoomoo81@gmail.com,US
tasdovenanl74@gmail.com,US
jmelilliyma@gmail.com,FR
esterporter06@gmail.com,US
monkey4262@icloud.com,US
dracovish117@gmail.com,US
slilleberg@yahoo.com,US
jbeardsley051287@protonmail.com,US
huxley.cross@icloud.com,US
grant.trashmail@gmail.com,US
cantr2519@gmail.com,US
drewzj@gmail.com,US
sufizakwan1977@gmail.com,US
dlatine@outlook.com,US
lewissarabeth@gmail.com,US
evdokiaz1712@gmail.com,IT
elvira.h.97@mail.ru,US
rikets2@gmail.com,US
gay76703@gmail.com,US
sebastianhomp10@gmail.com,IT
cudrucker1@gmail.com,US
frieszmatt9@gmail.com,US
a.stan94@mail.ru,FR
davin03@proton.me,US
gonzalezmaurice626@gmail.com,US
vladmkarenko8@gmail.com,US
christoph.nolan@pm.me,FR
donatelloseye@hotmail.com,FR
japnintendothing@gmail.com,US
griffithberserk6588@gmail.com,US
quequilly@gmail.com,US
analisamsilvas@gmail.com,US
kohlkrazy@gmail.com,US
daniel.haasus@gmail.com,FR
vpetrenko618@gmail.com,US
atlant7tt@gmail.com,US
mendoso94@gmail.com,US
gmgutierrez412@gmail.com,US
zaahircasadoprodilla321@gmail.com,US
tomblaker1111@gmail.com,US
awor.arop@icloud.com,US
lesgoyo12@gmail.com,US
kayla.dziad@gmail.com,US
4encovandr68@gmail.com,US
ciazionezukochan666@gmail.com,US
rangerrangercag@gmail.com,US
ww2man15@yahoo.com,US
casualhades@gmail.com,US
maksimgeragara@gmail.com,US
vorontsov.gorik0110@gmail.com,US
shyannahamilton@gmail.com,US
inagoski@gmail.com,US
josh20222002@proton.me,US
jacobmurphy5m@gmail.com,US
lopezomar10202@gmail.com,US
basilkitty77@gmail.com,US
vladimirvetcev@gmail.com,FR
lino.ale212@gmail.com,US
kimboop@comcast.net,US
weikleblake@gmail.com,US
flex5451@gmail.com,US
raylynvyxeria@gmail.com,US
xtremski@bigsky.net,US
christin.artini@gmail.com,FR
draconian13579@gmail.com,US
yasinarabi@gmail.com,US
1866raskolnikov@protonmail.ch,US
ionizedbear@gmail.com,US
gunnarft13@gmail.com,US
btgbsdfv@bin-ich.com,US
weihemark66@gmail.com,US
gurdomarmalade@gmail.com,US
mitchkmurphy22@gmail.com,US
wetheraldheather@gmail.com,US
johnalswager@gmail.com,US
mdshortpants@gmail.com,US
demonpixie88@gmail.com,US
chazec5502@outlook.com,US
ericmattingly2002@gmail.com,US
c_cress08@yahoo.com,US
ontologicalshift@gmail.com,US
lezlybjones@gmail.com,US
jolybell365@gmail.com,US
tyleroakeley78@gmail.com,US
generosity.personified@gmail.com,US
huhkli@yandex.ru,FR
skharder@hotmail.com,US
nathanhutabarat25@gmail.com,US
lordchanka28@gmail.com,US
christinatrep@gmail.com,US
mandy.roychter@gmail.com,US
andrejpantusov@gmail.com,US
myurasov9619@gmail.com,FR
thesamgarrett@icloud.com,US
ana.m.star@outlook.com,US
jordwilson493@gmail.com,US
froak190@gmail.com,US
nethertime55@gmail.com,US
kakron.kakron@gmail.com,US
sikome232@gmail.com,US
johnperisie@gmail.com,US
jay100609000@gmail.com,US
david.singhponce93@gmail.com,US
pbillie05alt@gmail.com,US
lwheeleredsus@gmail.com,US
hellborndemon@hotmail.com,US
rosariojudithrosario@gmail.com,US
ushakova.4liana@gmail.com,FR
cruizeric@gmail.com,US
promoter8219@gmail.com,US
deeznutz90001@gmail.com,US
namelastname112@proton.me,FR
thectd400@gmail.com,US
jcano6995@gmail.com,US
gage.reins34@gmail.com,US
picton.kelly@gmail.com,US
gilrievampire28@gmail.com,US
depresseddate@gmail.com,US
ianhenderson18@yahoo.com,US
trogdar12+pixel@gmail.com,US
kileygubbels22@gmail.com,US
abbybaker1007@gmail.com,US
karladaehnert@gmail.com,US
sfmillerhyde0528@gmail.com,US
ledgerwss@aol.com,US
che1672525@gmail.com,US
d9okrq8a@gmail.com,IT
bnemlich@hotmail.com,US
glitterfy9@gmail.com,US
maggiekromel@gmail.com,US
wolfdoge4@gmail.com,US
makcumyz@gmail.com,FR
lunarmoontaishou@gmail.com,US
macyvawi@icloud.com,US
shivs-28macron@icloud.com,US
jacksonteran7878@gmail.com,US
ehhhyaoi04@gmail.com,US
ahemingsr@gmail.com,US
ck.funtimes@proton.me,US
vaeg.rotz@gmail.com,US
clayy210@proton.me,US
easchummer13@gmail.com,US
lillyanna.nelson@gmail.com,US
artem.trak@gmail.com,FR
strayedwarriorvsgames@gmail.com,US
bayleyswimmer88@gmail.com,US
gaolrpc@proton.me,US
erik.wolfs@telenet.be,FR
nifeclanvv@gmail.com,US
bryanjung13@gmail.com,US
ravengirl2005@gmail.com,US
seepingskullrot@gmail.com,US
cb05mdh@icloud.com,US
vadim20040104@gmail.com,FR
yezi20090508@qq.com,US
craigfrankel@mac.com,US
michaelschultz498@gmail.com,US
panecho21@protonmail.com,US
vangch89@aol.com,US
scorchedscout776@gmail.com,US
gary.barnett726@googlemail.com,US
goldrpg@gmail.com,US
kadynwhitecrane@gmail.com,US
guillaume.santoni@proton.me,FR
thadbrown365@gmail.com,US
nomak84@protonmail.com,US
leeganto80@protonmail.com,FR
occhamus@gmail.com,US
misterbigman37@gmail.com,US
bruderz0101@gmail.com,US
stonedsnickers@gmail.com,FR
hina.pettitt@gmail.com,US
acupeter@gmail.com,US
pantyburritoo@gmail.com,IT
thegeotagbeaver@proton.me,IT
adaofmeyerville@gmail.com,US
nikita-mashukov@yandex.ru,US
kermitthefrogsleftfoot@gmail.com,US
jan.r.rosa@gmail.com,IT
angel18781@gmail.com,US
dra9onmat@gmail.com,IT
ministerofministry434@gmail.com,US
mikeajfisk@gmail.com,US
corey.anderson3377@gmail.com,US
liketoblaze@gmail.com,US
squishykimtaeyeon@gmail.com,US
sweetfary70@gmail.com,US
c172pilot97@gmail.com,US
thema05@proton.me,US
stevebronson699@yahoo.com,US
kalle.vihersaari@gmail.com,FR
trololo_sun@mail.ru,US
ciell.666@mail.ru,US
fifanoob098@gmail.com,US
3573354972@qq.com,US
lisamymommy@gmail.com,US
megrafer94@gmail.com,US
itsbribaby2323@gmail.com,US
lymedezez@gmail.com,US
nofzigerblake@gmail.com,US
alinavin@list.ru,FR
laylowforfruts@gmail.com,US
adunnavant22@gmail.com,US
civannclark@gmail.com,US
alemanzeke@gmail.com,US
ozzieenjoyer@gmail.com,US
curlyandboobearsnialler@gmail.com,US
rei112233@outlook.com,US
hirodel77@gmail.com,US
nightwolf907@hotmail.com,US
megankahle111@gmail.com,US
ibarrachocojr80@gmail.com,US
balieungh@gmail.com,US
tchod@proton.me,FR
theseriesac2008@gmail.com,US
tannergrant108@gmail.com,US
hangatoy123@gmail.com,US
lilyannenglish610@gmail.com,US
dyzzi.dj@gmail.com,US
kevin.michael.scott@gmail.com,US
midnighttop155@gmail.com,US
jacobsaunchegrow@gmail.com,US
tangentluvs@gmail.com,US
tiffany2000@tutanota.com,US
camdedkidlol2@gmail.com,US
polskikapsel@gmail.com,FR
radical.rin117@gmail.com,US
drawls-troves-2m@icloud.com,US
jerstin016@gmail.com,US
yaanone011@gmail.com,US
talhay2822@gmail.com,FR
flexzcerize@gmail.com,US
bubbarogers212@gmail.com,US
cralyunkim@gmail.com,IT
adelay.savary06@gmail.com,US
badboy1969@myyahoo.com,US
jeffersonbrownie91@gmail.com,US
teninchjoeee@proton.me,US
pokemonxyy232@gmail.com,US
furrypisser@gmail.com,US
facetimeme1@gmail.com,US
michael.ghan@outlook.com,US
awcnuxae@anonaddy.me,US
resinbunny@gmail.com,US
1991ryguy@gmail.com,US
noonabeshvosti56@gmail.com,FR
timkin.ev@gmail.com,FR
alaeawinters@gmail.com,US
davidhanevans@gmail.com,US
andresrocha15810@gmail.com,US
ceramicssf@gmail.com,US
jayws0411@gmail.com,US
bonjonjon3@gmail.com,US
angel.wings7@yahoo.com,US
ghostwithaname@gmail.com,US
phnor17@hotmail.com,US
celestesimon63@gmail.com,US
mgraves0601@gmail.com,US
crystalsinlao@ymail.com,US
jogrenhunter@gmail.com,US
knightartorias648@gmail.com,US
vevewv@proton.me,US
hayleytippettyt@gmail.com,US
ghp25717@gmail.com,FR
rudinkacat@gmail.com,FR
personwithaface12@gmail.com,US
mlodlord@gmail.com,US
tyr1wellness@gmail.com,US
monstrous.delights@gmail.com,US
ciampittidomenick@gmail.com,US
zaccbell@gmail.com,US
arakeal@proton.me,US
ajgonsalves1@gmail.com,US
3stix007@gmail.com,US
quentin.schneider@protonmail.com,FR
benmackillip@live.com,US
4junkmail7@gmail.com,FR
benschleider@outlook.com,US
crazysav40@gmail.com,US
k_2011@hotmail.ca,US
riffmeswe@gmail.com,US
jonlutzow12@gmail.com,US
seseleymeshell@gmail.com,US
katelycrystal@gmail.com,US
kosi08151@protonmail.com,US
sailorman845@yahoo.com,US
coasteranalysis@gmail.com,US
bobjohn5555@proton.me,US
kenwade1999@gmail.com,US
hydrospectical@gmail.com,US
derpflerp2@proton.me,US
jdkilljoy83@gmail.com,US
atchisonnathan@yahoo.com,US
nicoisalesbian@gmail.com,US
yapjitwu@gmail.com,FR
christiangeary@icloud.com,US
frododrooly@gmail.com,US
goddesszepp@yahoo.com,US
noutillus@yandex.ru,FR
lyenceysama@gmail.com,US
scjc261@proton.me,FR
noahtwillson@yahoo.com,US
b.is.tyler.62@gmail.com,US
emilyleone1124@gmail.com,US
romapanin1302@gmail.com,US
4b4tlh2dde@gmail.com,US
looterziggy@gmail.com,US
bigb14553@gmail.com,US
chrisdell2000@icloud.com,US
jasontirado99@gmail.com,US
utubejimin1997@gmail.com,US
bambisleep1988@gmail.com,US
onepekdu57@gmail.com,FR
skylox03@hotmail.com,US
3892992@gmail.com,US
tycoon-sensor.0r@icloud.com,US
nsayre0198@gmail.com,US
lulu940306@gmail.com,FR
gokugoak@gmail.com,US
tashirah3@gmail.com,US
cyrmats57@gmail.com,US
117catdad@proton.me,US
leighleighann521@gmail.com,US
tacohobo64@gmail.com,US
almafoxmc@yandex.ru,US
16663pain@gmail.com,FR
zerobungu@gmail.com,US
maxblegh@gmail.com,US
isacjackson05@gmail.com,US
brunswickmanny@gmail.com,US
darkkingmarduk@gmail.com,US
polarbaby95@live.com,US
gecksaur@gmail.com,US
everest.prime@gmail.com,US
megan.r.2014@gmail.com,US
iruleatxbox@gmail.com,US
greickman@yahoo.com,US
fahrazeev96@gmail.com,FR
risanchy42@gmail.com,US
unmastered42@gmail.com,US
azopr70452@hotmail.com,US
incursio666imvu@gmail.com,US
dukes781@protonmail.com,US
hanksmith1942@gmail.com,US
stalinildar@gmail.com,US
vampvenusxxx@gmail.com,US
crmvendetta@gmail.com,US
brokencontrollers12@gmail.com,US
swazeycrazey123@gmail.com,US
meganyea13@gmail.com,US
sasam8a@gmail.com,US
semcde4e@gmail.com,US
t-misc@tutanota.com,US
dmowczan@mac.com,US
logantlewis@proton.me,US
vova.golovizin124@gmail.com,US
aidanrinaman4@gmail.com,US
morn1725@proton.me,US
blanket200022@gmail.com,US
platinumpretzel1@gmail.com,US
latend@up.net,US
falletjohn@gmail.com,US
iamlauraann@gmail.com,US
memphissmayfire@protonmail.com,US
lebackup007@gmail.com,US
jazmynd2005@gmail.com,US
oliversearles@yahoo.com,US
uffda513@gmail.com,US
howdywowdy43@gmail.com,US
3591481504@qq.com,US
juiliogig@gmail.com,US
nicolacimigotto68@gmail.com,IT
elsaemilystyle@gmail.com,US
antigone160@gmail.com,US
himmothydmv@gmail.com,US
dakotakillian88@gmail.com,US
morganmarx74@gmail.com,FR
charlesshepherd528@gmail.com,US
beastlygamer21@gmail.com,US
jerichoswall2000@aol.com,US
jadalilyusa@gmail.com,US
jschmo1888@gmail.com,US
moonwatchermartinez@gmail.com,US
1403947507@qq.com,US
hexedmaniacs@outlook.com,US
rayrayvon59@gmail.com,US
miraswrz@o2.pl,US
d.morningstar9898@gmail.com,US
gunerdog29@gmail.com,US
licudan.kg96@gmail.com,US
ahmurinerf@gmail.com,US
tinamari0029@gmail.com,US
khabalox@gmail.com,US
pavelbaza00@gmail.com,US
asianvang@ymail.com,US
delmoralron@gmail.com,US
tmfwriting@gmail.com,US
rocky.turner@protonmail.com,US
madgb00@gmail.com,US
amasters90@gmail.com,US
literarylady95@gmail.com,US
sarahwschaefer@gmail.com,US
saracbv011@gmail.com,US
jasonjames446@protonmail.com,US
annkeo29@gmail.com,US
syrinnarayl@gmail.com,US
poparocks00@gmail.com,US
seaoflightmedia@gmail.com,US
mouzou4@proton.me,US
wyatt.lee01@icloud.com,US
carlossevine@gmail.com,US
yulia.755@yandex.ru,FR
tyduke@live.com,US
andreasenroger69@gmail.com,US
daysaleeturner@gmail.com,US
mcrose14@gmail.com,US
smurfkevin353@gmail.com,US
apeterson2k18@gmail.com,US
zoelinora@gmail.com,US
schurch2567@gmail.com,US
skitpoepgat1@hotmail.com,FR
codyj7155@gmail.com,US
rachel.clark1999@icloud.com,US
vhm009@yahoo.com,US
ashley93cortez@yahoo.com,US
drew_berry777b@hotmail.com,US
checkeredradiowave95@icloud.com,US
minshenniko@gmail.com,US
hithere.2243@proton.me,US
fweeter@proton.me,US
owens.bailey@icloud.com,US
joeachille@gmail.com,US
icehatarid@gmail.com,US
clasen1112@gmail.com,FR
kingweirdowolf@gmail.com,US
matkuhlig@gmail.com,US
youri.parasenko@yandex.ru,US
vanessa18luis1@gmail.com,US
alioth42@proton.me,US
florazof@yahoo.com,US
mr_pete70@web.de,FR
ndye838@gmail.com,US
sanekek.yanin@gmail.com,US
limogo4126@harkonin.com,IT
melinabuntova@yahoo.com,US
nlittle0515@hotmail.com,US
artdude96@gmail.com,US
kjsilveira021@gmail.com,US
56qwertyri@gmail.com,FR
christopherwhitman42@gmail.com,US
antontill03@gmail.com,FR
beck.joseph@comcast.net,US
redroses.queen17@gmail.com,US
vistsobaka@gmail.com,US
swearingen1118@gmail.com,US
montt7880@gmail.com,US
mycamo@protonmail.com,IT
odangostarmei@gmail.com,US
huthat520@gmail.com,US
jmctaggart777@gmail.com,US
jtagert@protonmail.com,US
fakedead137@gmail.com,FR
geargrinder94@gmail.com,US
davinwalsh019@gmail.com,US
talooopa@gmail.com,US
argentchocobo@gmail.com,US
df.hurrle@sbcglobal.net,US
bobbycat3@protonmail.com,US
ponract@gmail.com,US
eggdemizer@gmail.com,US
yeahbruhwassup@gmail.com,US
accepter_poney.7x@icloud.com,FR
ajaypalsimrat0001@gmail.com,US
sonder.j20@gmail.com,US
nexthegato@gmail.com,US
no9749002@gmail.com,IT
sdzyapp1e@gmail.com,US
gameguy809@gmail.com,US
puellanocturna@gmail.com,US
asqwert40@gmail.com,FR
tylersocean38@gmail.com,US
kingdagger09@gmail.com,US
jnight45807@gmail.com,US
dturner012125@gmail.com,US
mr.nobody@dr.com,FR
n.washburn2001@gmail.com,US
vladikkotkotov09@gmail.com,FR
jacoblmyers1@protonmail.com,US
allgoodinnagshood@aol.com,US
schnogg265@gmail.com,US
grim.ww3@gmail.com,US
geobrother8875@gmail.com,FR
fxcklol782@gmail.com,US
redxsherman@gmail.com,US
cuckiboy69@gmail.com,US
maxabp8@yahoo.com,US
mavellaneda94@gmail.com,US
pretenderance@gmail.com,US
brandtservices@gmail.com,US
jorelysmartinez6@gmail.com,US
vincentvegasjuicepulp@gmail.com,US
dougspam213@gmail.com,US
motodayztiger@gmail.com,US
theloststooge480@gmail.com,US
florels.kgt@gmail.com,US
poko13311@gmail.com,IT
mjk132421@proton.me,US
dr.condoris@gmail.com,US
rehanparacha00@gmail.com,FR
gpmario@aol.com,US
im.am.smorf@gmail.com,US
autumn.olley1501@gmail.com,US
icarusmorningstar636@gmail.com,US
figbean0@gmail.com,US
tumbmon123@gmail.com,US
xanth712@yahoo.com,US
anth6068@gmail.com,US
marklein722@gmail.com,US
anawoodlock10@gmail.com,US
toddh223@gmail.com,US
maximrov2001@gmail.com,US
longrange264@gmail.com,US
chrishaisan9@gmail.com,US
soriad00@gmail.com,US
shinku232@hotmail.com,US
amirian92@proton.me,US
cal32364@gmail.com,US
xaltyrshik1@gmail.com,US
darkroxana3@gmail.com,US
kdazzle86@hotmail.com,US
katia07xo@gmail.com,US
saralynch254@gmail.com,US
cassie.carlile22@gmail.com,US
bleepwolf@icloud.com,US
polisci1987@gmail.com,US
moonmxlice@gmail.com,US
martigan13@yahoo.com,US
roma.saleev21@gmail.com,IT
goober125673@gmail.com,US
astarogue@proton.me,FR
zipdrive54@proton.me,US
tiger84414@gmail.com,US
cubba@gmx.com,US
abraham0468@gmail.com,US
idi0tb0yp00p@gmail.com,US
anotherragingfeminist@gmail.com,US
great.love.immortal.venerable.314@gmail.com,US
kevinar17@icloud.com,US
speed888@tutanota.com,FR
mrs.squarepants143@gmail.com,US
aussiemek@gmail.com,US
ezcleps@gmail.com,US
ellyace00@gmail.com,US
henry.ai.7984@gmail.com,US
fdulych@gmail.com,US
makaistinsonnewton@gmail.com,US
nienien017@gmail.com,US
hailschaumberg17@gmail.com,US
bmicheals559@gmail.com,US
denghostik@gmail.com,US
kutlutopaloglu2@gmail.com,IT
24hurst1992@gmail.com,US
jlargo21@hotmail.com,US
romausb11@gmail.com,US
michael.miller2508@gmail.com,US
eaglestogg@gmail.com,US
sasha223356@gmail.com,FR
redfoxbreakout@gmail.com,US
boscomerhige@gmail.com,US
samcan714@gmail.com,US
avatarguardian@protonmail.com,US
alallaya.alallaya@gmail.com,FR
liamden88@gmail.com,US
benslayter8@gmail.com,US
jtalker123456789@aol.com,US
ttarell7@gmail.com,US
wubwub.1175@protonmail.com,US
ykt870359005@gmail.com,IT
lenandosxx@gmail.com,US
pandaxlove@yahoo.com,US
theednman@aol.com,US
applestorepay@gmail.com,US
victoria_lgarcia@hotmail.com,US
nrealwill@gmail.com,US
dbuelvfed@yahoo.com,US
hodsdon.n.nikki@gmail.com,US
sammmartin00@gmail.com,US
dingus69dongus@gmail.com,US
tinydana15@hotmail.com,US
dmorton9297@gmail.com,US
andrewchaplin0813@gmail.com,US
burtfinniedd@gmail.com,US
baumbambus658@gmail.com,FR
antikelvin60@gmail.com,US
limbada1111@proton.me,US
xizzyalvarez@gmail.com,US
nakiyalynch@gmail.com,US
ojennings63004@gmail.com,US
1111qazwsxedcrfvtgbyhnujmikolp@gmail.com,US
laurencedang05alt@gmail.com,US
erkul.berk27@gmail.com,IT
tjmoonwalk@gmail.com,IT
getzie17@yahoo.com,US
guitarguy1299@gmail.com,US
nahjitrrippin@gmail.com,US
keathleysister2@gmail.com,US
gmz33@protonmail.com,US
ryanpryan@outlook.com,US
shadowthehfang@gmail.com,US
ada.pringvood@gmail.com,US
margaritka.fed@mail.ru,US
mabasploom878@gmail.com,US
alshehrib523@gmail.com,IT
wireman.ulak4nov@mail.ru,IT
69-laborer.trite@icloud.com,US
utc757@gmail.com,FR
richie0415@hotmail.com,US
dragonslayer.ho@gmail.com,US
goill8786@gmail.com,US
sethmcmonigal@gmail.com,US
willoking861@gmail.com,US
gruzdkirill83@gmail.com,FR
jacobolunar626@gmail.com,US
l1libby4@gmail.com,US
oliviajert@gmail.com,US
amauemx_drk@msn.com,US
bjbrooskis@gmail.com,US
ponynyan666@gmail.com,US
cucumberslice88@gmail.com,US
nsiciliano52@gmail.com,US
iamgod456788@gmail.com,US
carl@carltodd.com,US
sandiegomedicbus@gmail.com,US
djbnev2nyc@gmail.com,US
iriyatesse@protonmail.com,US
anonymousgiving1024@gmail.com,US
ptutts.1995@gmail.com,US
ryanbar6@gmail.com,US
kellywelson092@gmail.com,US
cliftonshawshank@gmail.com,US
sirthelightskin@outlook.com,US
chedantete@gmail.com,US
garglakshya2020@gmail.com,FR
denverstyles@proton.me,US
billyroxxy7@gmail.com,US
getelman@list.ru,FR
jetmcfly4@gmail.com,US
tbeneraabe4@gmail.com,FR
enteryourgamertag@gmail.com,US
tina95630@yahoo.com,US
goatmelody@proton.me,US
harleyphx777@gmail.com,US
nicko564@hotmail.com,US
xhanuelx@gmail.com,US
radzhabaliaskhabov@gmail.com,US
worldphotography16@gmail.com,FR
joshualowman28@gmail.com,US
justaguyinblue@protonmail.com,US
suswalk00@gmail.com,US
underwater362@gmail.com,US
fortevingador2013@gmail.com,US
dmbthree@proton.me,US
rbk1600@gmail.com,US
jimmyggameshelp1@gmail.com,US
cdroid9@tuta.com,US
eveol1103@gmail.com,US
jdoe792469@gmail.com,US
tainalis.romero@yahoo.com,US
sicretshh@gmail.com,US
dramatic_fool@yahoo.com,US
nicolas.lombardo18@hotmail.com,IT
arringtonct@hotmail.com,US
lookismaddict2022@gmail.com,US
polivinboris79@gmail.com,FR
mcregar6@gmail.com,US
goreevsena@gmail.com,US
jameson13th04@gmail.com,US
tandvj@yahoo.com,US
alexiskw@protonmail.com,US
dougidge@gmail.com,US
korbage06@gmail.com,US
moorecharles415@gmail.com,US
rileypropst395@gmail.com,US
sagonara258@gmail.com,US
gpt_276@tuta.com,IT
omarratimothy7@gmail.com,US
funtamer8@gmail.com,FR
jacobolivier99@gmail.com,US
dwallon2@gmail.com,US
katiehunter2297@gmail.com,US
musicals221@gmail.com,US
cmcorley@hotmail.com,US
rudifrost255@gmail.com,US
final-delta@mail.ru,US
damienabney01@gmail.com,US
kupintemyc@gmail.com,US
laura_leigh_j@yahoo.com,US
kimdanbi0225@gmail.com,US
death_lord_02@yahoo.com,US
diane.arcana@gmail.com,US
baddibandit@gmail.com,US
pathwaytocoffee@gmail.com,US
paolosiotto19@gmail.com,IT
hi.cold.im.dad@gmail.com,US
houkezekiel93@gmail.com,US
jonathancesari@icloud.com,US
ddonz695624@gmail.com,US
mech92420@gmail.com,US
daleballs1019@gmail.com,US
vesnalay@gmail.com,US
anglez4eva@proton.me,US
splinterhewenli@gmail.com,FR
slavabod1@gmail.com,IT
dr.rocket4002@gmail.com,US
cuorseyterrence@gmail.com,US
ahodgdon207@gmail.com,US
blackbellabluff@gmail.com,US
nickonov.dan@yandex.ru,US
xechoxechox@gmail.com,US
mommy.lin.reiss@gmail.com,US
rallycup86@gmail.com,US
zonetan199xx@gmail.com,US
solidgold2006@gmail.com,US
jacksmith3002@yahoo.com,US
arhimed57404@gmail.com,FR
petite_dale6a@icloud.com,US
artur.pavani.96@gmail.com,IT
lazzysteve@gmail.com,US
aidenskolnik@yahoo.com,US
elijah.dallas@outlook.com,US
quicoatus@gmail.com,US
daniellegerman63@gmail.com,US
camillemontoya9@gmail.com,US
hmprocks@hotmail.com,US
bobbiepeele@gmail.com,US
abortme.pls24@gmail.com,US
ariberry05@icloud.com,US
danming112@gmail.com,US
aj.akers@yahoo.com,US
sakurachan97@mail.ru,US
darkphoenix1090@gmail.com,IT
notstealingarealname@gmail.com,US
battleiyonna@gmail.com,US
pwnnubz@gmail.com,US
chancehzs.ggg@gmail.com,US
gamzeenmakara@gmail.com,US
elizajoydearmas@gmail.com,US
razklowd@gmail.com,US
rileyw98@gmail.com,US
wayhongg@proton.me,US
cuhgojo@gmail.com,US
gutierrezmarco144@gmail.com,US
antonofapple94@yahoo.com,FR
victoriatrevino13@icloud.com,US
greybeards12345@gmail.com,US
mwahaha621@gmail.com,US
d88455370@gmail.com,US
olivier.lohezz@gmail.com,FR
agentvenom1801@gmail.com,US
mattskywalker101@gmail.com,US
fireyflynn3019@gmail.com,US
namxrata@gmail.com,FR
zackfansunited@gmail.com,US
arabbica7@gmail.com,US
sean.kirkland4@gmail.com,US
vladtchar@gmail.com,FR
annonymoususer857@gmail.com,FR
psaudrais220@gmail.com,FR
amberflamepfp@gmail.com,US
adam.vanguilder83@gmail.com,US
constitution464@gmail.com,US
jtewart21@gmail.com,US
scrappy.mister@gmail.com,US
avhade@yandex.com,US
tylercampbell0928@gmail.com,US
3dgameship@gmail.com,US
kmotz1987@hotmail.com,US
shogun20@yandex.ru,US
progains7@gmail.com,US
steelez305@gmail.com,US
kickpushkickpush01@gmail.com,US
danseabold04@yahoo.com,US
wqxga2880@outlook.fr,FR
cheesebiscuit1134@proton.me,US
sirsoul223@gmail.com,US
jacobrockwell37@gmail.com,US
hellheimer75@gmail.com,US
samstac007@gmail.com,US
jlmacadam@gmail.com,US
firehorse990@yahoo.com,US
warnock.samuel@gmail.com,US
cabbcabb07@gmail.com,US
depi.pebriono@gmail.com,US
maxxxaustin@gmail.com,US
florafaunafawning@proton.me,US
hank.a.powell@gmail.com,US
doomcat9999@gmail.com,US
hramovv99@gmail.com,US
imnotsuspicious@gmail.com,US
leyvanatalie41@gmail.com,US
immamodel6942069@gmail.com,US
sebec1000@yahoo.com,US
gsaber061@gmail.com,US
jcasterwill@gmail.com,US
snapahh43@proton.me,US
guillaume.bertrand11@gmail.com,FR
kaielijahc@gmail.com,US
sunfireracing19@gmail.com,US
michealbean2000@gmail.com,US
amnooneinparticular@gmail.com,US
carsoncamren81@gmail.com,US
chukchestan@gmail.com,US
aintonnocustershith@gmail.com,US
kirastar87@yahoo.com,US
alex.chernishew@gmail.com,FR
gamer.buiopesto@gmail.com,IT
mehill06@icloud.com,US
alejandrois9012@gmail.com,US
robodima48@gmail.com,US
mekiahmorigeau@gmail.com,US
paperfoxes33@gmail.com,US
dirkpitt2k18@gmail.com,US
christianvannguyen@icloud.com,US
g414119@gmail.com,US
jahrayam2032@gmail.com,US
navezgane.numoori@gmail.com,US
grant.zimmerman211@gmail.com,US
abb63917@gmail.com,US
mkelly2263@comcast.net,US
therealbrancase@gmail.com,US
spotlee76@gmail.com,US
rockythacker71@gmail.com,US
assblaster9000@myyahoo.com,US
thecharmingmagican@gmail.com,US
ladynagant14@gmail.com,US
tomkeaty123@proton.me,US
jampbell99@gmail.com,US
xxtollus@proton.me,US
hbboothe@gmail.com,US
mgregory1997@gmail.com,US
grisu61225@gmail.com,IT
loisishot@hotmail.com,US
df199695@web.de,IT
mcinquegrana749@gmail.com,IT
lrhunter92@gmail.com,US
sillmann09@protonmail.com,US
mjiego@protonmail.com,FR
themastergamer0102@gmail.com,US
stivo0121@gmail.com,IT
ryleemcpoland@gmail.com,US
seagull.raymundo@gmail.com,IT
narremmana@gmail.com,IT
nerdcore4ever@gmail.com,US
lasvegas1754@gmail.com,FR
jacob.houk1@gmail.com,US
jmnaumann95@gmail.com,US
pjsaracino@gmail.com,FR
chazryan32@gmail.com,US
sevierjaydon07@gmail.com,US
olivia.norris.jp@gmail.com,US
mastyz2021@hotmail.com,US
thomas.esser79@gmail.com,FR
finn@familie-sennack.de,US
stomonain@gmail.com,US
zach_reed54@yahoo.com,US
dp8583186@gmail.com,US
remypayeux11@gmail.com,FR
ipowhoy@live.com,US
calebd003@gmail.com,US
chriswatts317@gmail.com,US
blendingmymfinsides@gmail.com,US
dalgo.cofi@gmail.com,US
sultankalygulov22@gmail.com,US
noa.gerrat@gmail.com,FR
zwilliams93@gmail.com,US
wolf1337891@gmail.com,US
sgwehmeyer.rewards@gmail.com,US
eleyenr@gmail.com,US
analisa.smith89@gmail.com,US
beckym0722@icloud.com,US
floisiji@gmail.com,FR
alsy0928@gmail.com,FR
f_modin@hotmail.com,FR
sbob62009@gmail.com,US
j8004016@gmail.com,US
discordabyss1@gmail.com,IT
tas_92@outlook.com,US
erwanansel07@gmail.com,FR
chikenator000@gmail.com,FR
jessicaannlin9002@gmail.com,US
bennnn12345@gmail.com,US
jedi191994@aol.com,US
raspbebby@gmail.com,US
compclubcoh@gmail.com,FR
sissy.sexy.lexi@gmail.com,US
steverichardwilkins@gmail.com,US
simonezhuo@gmail.com,IT
karissabarnes@icloud.com,US
ipneon2@gmail.com,IT
malcar1992@gmail.com,US
onewheelkai@gmail.com,US
sanchez.johnnny@gmail.com,US
sensualsilvervixen@gmail.com,US
wizardfishty@gmail.com,US
brcmartin448@gmail.com,US
tpeesy@gmail.com,US
arthur.blaise.adams@gmail.com,US
nathanisaac627@gmail.com,US
timoteoflores808@gmail.com,US
heavymedalfreightliner13@gmail.com,US
kiddingace2471@gmail.com,US
bluexangel5756@gmail.com,US
korenie.omen849@passmail.net,US
kaib05229@gmail.com,US
mayapradini12@gmail.com,US
corbury1996@gmail.com,US
southparkguy20@gmail.com,US
kyle.roller@gmail.com,US
lovessports7880@gmail.com,US
joshbarnell@gmail.com,US
atlthewaterspirit@gmail.com,US
ashleydiamond2201@gmail.com,US
dziegler1@pm.me,US
blancbaudet@yahoo.com,FR
rezbits@proton.me,US
gunsmith.dan762@gmail.com,US
hamisgood33@yahoo.com,IT
femme_mystique84@hotmail.com,US
iskan828@gmail.com,US
tylerjina@gmail.com,US
ryufurinkazan13@gmail.com,US
bills8stuff@gmail.com,US
kea161999@gmail.com,US
samhenley06@gmail.com,US
littletownsoldier85@yahoo.com,US
jasminelium@gmail.com,US
vampirehunter36@gmail.com,US
lzalenski499@gmail.com,US
hyaluron@protonmail.com,IT
jerryjeffords9@gmail.com,US
koebimoonlight@gmail.com,US
reedgarrick@gmail.com,US
astionne@proton.me,IT
ericlam286@yahoo.com,US
dreamofpeaceandlove@gmail.com,US
dainonagetto@proton.me,US
juanrodriguezsanchez203@gmail.com,US
seanaguirre1@protonmail.com,US
aaliyahbauer3@gmail.com,US
georgelanky01@hotmail.com,US
omergute@gmail.com,US
idkhahaha420@gmail.com,US
adamjwieser@gmail.com,US
triumfer95@mail.ru,FR
lucas.elser@gmail.com,US
kristinafrisko@gmail.com,US
desmondstanford339@gmail.com,US
matthewwood19932@yahoo.com,US
gabrielmercutionelson@gmail.com,US
lightningblade3600@gmail.com,US
mathieu.ogos57@gmail.com,FR
jacky298chat@gmail.com,US
riddletisc@gmail.com,FR
khanfm23@gmail.com,US
termaynehudson@gmail.com,US
salex0753@gmail.com,FR
alisa.devidson@mail.ru,FR
kharixx18@gmail.com,US
dellvb17@gmail.com,US
noizy1@protonmail.com,FR
drako992233@gmail.com,US
gimmly10@proton.me,US
sopronov2276@gmail.com,FR
coolkid_2666@hotmail.com,US
anaya26272627@gmail.com,US
mr.keks45@gmail.com,US
far7ey7@gmail.com,US
ussarizona009@gmail.com,US
blueh3ar7@gmail.com,US
gizmodoesemail@gmail.com,US
fourrtanguy@gmail.com,FR
brumlebasse22@gmail.com,FR
tristan_winder@hotmail.com,US
mimkaaa121@mail.ru,FR
wpww98@gmail.com,US
dev.j.hoffman@gmail.com,US
holt.daniel.b@gmail.com,US
brightshaikirah@gmail.com,US
herr.asmodey@list.ru,US
alicevader66@gmail.com,US
books.anime.and.adhd@gmail.com,US
vova.palatka@mail.ru,FR
monzaebrianza2021@libero.it,IT
josip.pavlovic000@gmail.com,FR
q8nazi@gmail.com,FR
greg_13a@hotmail.com,IT
pierantonio80@gmail.com,FR
bbaines4444@gmail.com,US
0630jcw@gmail.com,US
holly.gbeck@gmail.com,US
letsstartfreaky6969@gmail.com,US
arlisstheprotogen315@gmail.com,US
ausiority@gmail.com,US
fatpockets_98@yahoo.com,US
jarfrogdude@outlook.com,US
safehouseservant123@gmail.com,US
drachir196409@proton.me,US
ashley.duncan212@gmail.com,US
durge1121@hotmail.com,US
iamcoffeeliang1991@gmail.com,IT
imarpit69@gmail.com,FR
tylerdownard89@gmail.com,US
genehummel@gmail.com,US
teploduvgosa@gmail.com,FR
sykratiss@gmail.com,US
fonzi24@icloud.com,US
rieussetbastien@gmail.com,FR
mmctagg@gmail.com,US
cthulhulives@gmail.com,US
jay.hernandez87@live.com,US
maxoukamas13@gmail.com,FR
st3thoscopes@gmail.com,US
paul.campbell05021989@gmail.com,US
brackishsea432@gmail.com,US
fencercat@gmail.com,FR
meangamer@gmail.com,US
mudmychip@gmail.com,US
funluv101@mailfence.com,US
billeh0208@gmail.com,US
bus216@aol.com,US
horseofcourse@protonmail.com,US
dhruvsingalusa@gmail.com,US
isaacalbarado486@gmail.com,US
dboggs8832@gmail.com,US
jensabtemail@gmail.com,US
polinalavruhina7@gmail.com,US
tilley_33@hotmail.com,US
johnnydamien@maildrop.cc,US
reapermar16@gmail.com,US
c.mcgregor12324@proton.me,US
matteoporzio02.riserva@gmail.com,IT
furrykid37@gmail.com,US
turtle@smalltownkid.com,US
mr.porebrik@gmail.com,FR
marxkai00@gmail.com,US
eladiomariba21@gmail.com,FR
fablehaven51@gmail.com,US
sadsmileface@protonmail.com,US
brailly17axel@gmail.com,FR
patrickdavidreiner@gmail.com,US
tetrabun986@gmail.com,US
nonorocks14@aol.com,US
beka.graham@gmail.com,US
aylerhathwell@gmail.com,US
nikolaysestakov0@gmail.com,US
revolver2024zver@proton.me,FR
army.green23@hotmail.com,US
ranman2572@gmail.com,US
1983x@protonmail.com,US
jasminemarz94@gmail.com,IT
kittenzfolyfe@gmail.com,US
ericootaku335@gmail.com,IT
sackandnuts@gmail.com,US
skkylinegosfast@gmail.com,US
jerome.bizeau@hotmail.fr,FR
gomez.dod@gmail.com,US
isaac.lenchus@gmail.com,US
abc3211468@gmail.com,US
thatdud506@gmail.com,US
foziashash2005@gmail.com,US
robbycompton17@gmail.com,US
xnightblossomx@gmail.com,US
seagalo82@yahoo.com,US
prschmidt01@gmail.com,US
dmitriglazkin@gmail.com,FR
m.ovcharenko2019@gmail.com,FR
wick7637@gmail.com,US
anaverageonlooker@gmail.com,US
socolowanastja@gmail.com,US
gamma7844@yahoo.com,US
aarizfawnberriez@gmail.com,US
erencan35353@gmail.com,IT
20pjm16@gmail.com,US
moi-lefrancais@live.fr,FR
missminimaureen@gmail.com,FR
phasenjager@gmail.com,US
saddog155@gmail.com,US
johanjafet212121@gmail.com,US
jaroslav0111@gmail.com,US
ranger30201@protonmail.com,US
maxsinclair1107@gmail.com,US
06dblmok2006@gmail.com,US
plappyna@gmail.com,US
buselksenia1@gmail.com,US
jack.bell8121@protonmail.com,US
tankubusiness49@gmail.com,US
dbeck1828@gmail.com,US
justathoughtfulangel@gmail.com,US
wilsonboyette213@gmail.com,US
christopherbrown813@gmail.com,US
goyankees114@yahoo.com,US
iodide_fishery_92@icloud.com,US
zaegod1106@icloud.com,US
gabersfrazier@gmail.com,US
susiare4@gmail.com,US
amom9292@gmail.com,US
sourhour14@gmail.com,US
mgmadden235@gmail.com,US
r.griffith2304@gmail.com,US
florianheimber@gmail.com,FR
vrstuff707@gmail.com,US
ricardo805o@yahoo.com,US
jr870708@gmail.com,US
arrow2014n@mail.ru,FR
mpak2616@gmail.com,US
paulykroll@gmail.com,US
amswimming12345@gmail.com,US
arturogomeztoropinzon@gmail.com,US
aarobureturnsforyveltalregi@gmail.com,US
hoodyforever222@gmail.com,US
noap6992@gmail.com,US
rasengan200000@gmail.com,FR
bobcleansdu66@gmail.com,FR
coneking71@gmail.com,US
sak_notforgood.film468@simplelogin.com,US
mitchumdb@yahoo.com,US
bsousage@bk.ru,US
austinkahoopii2@gmail.com,US
charliefox787@gmail.com,US
godlyintoner@gmail.com,US
throwawai33@myyahoo.com,US
rijayden9107@gmail.com,US
robb.carlson@gmail.com,US
ryansimeon@icloud.com,US
anyflagmatic@yahoo.com,US
joshdaviswoodbridge@gmail.com,US
noa.ledet@proton.me,FR
s.d.kosheleva@gmail.com,FR
acnlraindrop@gmail.com,US
falconlover192@gmail.com,US
elthgame@gmail.com,US
mirkotrubac@gmail.com,IT
newme13239@gmail.com,US
atx986@protonmail.com,US
honeybutterchipsyeah@gmail.com,US
ryan.carrig10@gmail.com,US
alexjohn1382@gmail.com,US
deztim12345@yandex.ru,IT
nicksta55@yahoo.com,US
squishubunnyxoxo@gmail.com,US
johandoe789@gmail.com,US
michaelsjohn256@gmail.com,US
sillybee013@gmail.com,US
kuuthulu@gmail.com,US
kahlakawaii@gmail.com,US
kleoazu@gmail.com,US
rdavidvsrazvan@gmail.com,IT
leanestrippoli1@gmail.com,FR
negativeroot@gmail.com,US
burnemfast@gmail.com,US
rogeracj@gmail.com,US
najalam7@gmail.com,US
cde.rile@protonmail.com,US
hannahlynn32001@gmail.com,US
sonotroymclure@gmail.com,IT
qazwsxedc1122@mail.ru,US
justgetgoodlol@gmail.com,US
tonymiller8897@gmail.com,US
samuel.zitelli@gmail.com,IT
fullcrank1989@gmail.com,US
samarinsgo@gmail.com,US
ryansawyer0706@gmail.com,US
garbageemail11@protonmail.com,US
katrinales123@protonmail.com,US
outofcontextdaily@gmail.com,US
minecraftrye04@hotmail.com,US
frickingsnelleduif@gmail.com,FR
wtmetameta@gmail.com,US
mikepps104@gmail.com,US
hidari1337@hotmail.com,IT
1976875726@qq.com,IT
maxxime.granger@gmail.com,FR
ibfalduto@hotmail.com,US
casaspablo2811@gmail.com,US
rubyhrslss@aol.com,US
buildabro2024@proton.me,US
chocolatemilksoyummymmm@gmail.com,US
neozenu13713@gmail.com,US
lewisearl1969@gmail.com,US
jb5119513@gmail.com,US
themindwalker@hotmail.com,US
enjoythemayo1383@gmail.com,US
valentin69210@gmail.com,FR
spicychat.bring789@simplelogin.fr,FR
hagkat16@gmail.com,US
m8rixnut@gmail.com,US
bellagoth@yopmail.com,FR
zzmarks26@gmail.com,US
thecaptainmaze@gmail.com,US
isiahe787@gmail.com,US
lucycake536@gmail.com,US
nygiants1022@yahooo.com,US
xxwillb69@gmail.com,US
s0dap0p1821@gmail.com,US
matthew.neward@gmail.com,US
mcvayriley7@gmail.com,US
lyfelyne27@gmail.com,US
jdelucaphx@gmail.com,US
notsolazyboy130@gmail.com,US
user.audentes@gmail.com,IT
soichi.tomoe@gmail.com,US
lordnoxspencer@gmail.com,US
robbiedeutsch@gmail.com,US
tommy858500@protonmail.com,US
vika.victory4@gmail.com,FR
lucasmtt2000@gmail.com,FR
whundler@proton.me,US
aragornstrider27@gmail.com,US
jobu131313@gmail.com,US
gerardoevercontreras@gmail.com,US
meacon99@gmail.com,US
odoyle040@gmail.com,US
natebattlealt@gmail.com,US
thomas_them@hotmail.com,US
bhanscom02bhanscom02@gmail.com,US
maastema@gmail.com,US
gd.wodehouse@gmail.com,US
jakespamemail257@gmail.com,US
kuronapo@protonmail.com,FR
omarshow03@gmail.com,US
fairyangel1993@gmail.com,US
bonniebunny161@gmail.com,US
kittycatkatseye@protonmail.com,US
starwarssucksmore1@gmail.com,US
ejdink09@gmail.com,US
re3d94@gmail.com,US
bigbrickbagdaddy@gmail.com,US
spawn2394@gmail.com,US
iranelson18@gmail.com,US
dthrowaway202@gmail.com,US
fubneeb@gmail.com,US
chazvp148@gmail.com,US
danilkoz02052006@gmail.com,FR
zathmar@hotmail.com,US
joueur250@gmail.com,FR
shatuas24@gmail.com,US
jadashelton61@gmail.com,US
ukesauce@gmail.com,US
oldudemike@gmail.com,US
official2.0z.xfeat@gmail.com,US
bridgeseli94@gmail.com,US
haley23april@yahoo.com,US
natalya.greskova@gmail.com,IT
koolpaom@gmail.com,US
caydencb1@gmail.com,US
lexodong6@gmail.com,US
thatpeskyjew@gmail.com,US
solespassion@libero.it,IT
doug102689@gmail.com,US
domains@75.gots.info,US
d42167510@gmail.com,FR
y895370@gmail.com,US
goldandsunshin3@gmail.com,US
cddavenport01@gmail.com,US
qwerty030697@gmail.com,FR
countryboydalton13@gmail.com,US
80gsm08@gmail.com,US
james7821960@gmail.com,US
chelmacky25@icloud.com,US
ariemmaplays@gmail.com,US
sliverinu15@gmail.com,US
labourel.aurelien@live.fr,FR
deepmagentasky@proton.me,US
hatelogin@yahoo.com,FR
alm.lemaireanton@gmail.com,FR
73r0quaz@gmail.com,US
hayakawakilgerhs5276@gmail.com,FR
donovandubois92@gmail.com,FR
foragan@gmail.com,US
erikafuruyafaerie@gmail.com,US
wolf_2900@mail.ru,FR
dianaserbakova404@gmail.com,US
rentsat@proton.me,US
alwincp@gmail.com,FR
joneslw22@gmail.com,US
mvandeurse@hotmail.com,US
courtney.dickerson3420@gmail.com,US
cierractate@gmail.com,US
stoyachiykratos@gmail.com,FR
carsson@gmail.com,US
alexsrutledge@gmail.com,US
son.creator1983@gmail.com,US
tapespeed@proton.me,US
spaw234@gmail.com,US
jasoncodigo@gmail.com,US
ldgriffin12345@gmail.com,US
tclay125@gmail.com,US
karpenktimofej907@gmail.com,FR
vasili.drosdov@gmail.com,US
yarni228@gmail.com,FR
xetyodayo@gmail.com,FR
mhessy@protonmail.com,US
neon.neotec@mail.ru,FR
mohbybou@icloud.com,FR
ms.lynn77800@gmail.com,US
matthewhadams144@gmail.com,US
madel.simonet248@gmail.com,US
shannon.ray.hart@gmail.com,US
reddishvision02@gmail.com,US
sgtwarman@gmail.com,US
adpeterson55@gmail.com,US
zete20.zz@gmail.com,FR
calmichael941@outlook.com,US
vlenin530@gmail.com,US
spanko1996@gmail.com,US
johnbergquist180@hotmail.com,US
alkuch211995@gmail.com,US
inferiormeat01@gmail.com,US
ifonlywinter@proton.me,US
12004alter@gmail.com,US
jlcrippen@yahoo.com,US
enterfeissgg@gmail.com,FR
paul_fish@rambler.ru,US
bwesterhold07@gmail.com,US
domtorres925@gmail.com,US
may4ce@gmail.com,US
tim.zemp@gmail.com,US
alphaapex04@gmail.com,US
pearygames@gmail.com,US
astaup81104@gmail.com,US
alanreece31@gmail.com,US
riziks1100@gmail.com,FR
derpy2224@gmail.com,US
iibroken.iivibes@gmail.com,US
jaredvanaacken7@gmail.com,US
just4thisvid1@gmail.com,US
saints25_jacob@live.com,US
aldridgeconnor90@gmail.com,US
oceanhunterrods4@gmail.com,US
zainbayyat15@gmail.com,US
demac0987@gmail.com,US
anticaroma444@gmail.com,IT
byronwood@mail.com,US
jsolo52@gmail.com,US
cutlass.73salary@icloud.com,US
japanesemonkey000@gmail.com,US
fenryx221@proton.me,US
vini84t@outlook.com,US
stephenanderson4321@gmail.com,US
pikaking24@gmail.com,US
jegannj7@gmail.com,US
mariamikhailova022004@gmail.com,FR
johnmcclane18@outlook.com,US
bcarter1968@gmail.com,US
qbitespoty@gmail.com,FR
owentblakely@gmail.com,US
vovamiheev5@gmail.com,US
yanicrafter123@gmail.com,US
justin.lynn.ffl@gmail.com,US
inconnu66x@gmail.com,FR
marcus_benjamin@icloud.com,US
night.games.013@gmail.com,US
hhiji2247@gmail.com,US
beeznn30@gmail.com,US
cashmoneythomas100k@gmail.com,US
ccolmon9@gmail.com,US
enriquelaureano01@gmail.com,US
xxbangrose438@gmail.com,US
kevinjameslieb@gmail.com,US
caligulamaximus@protonmail.com,US
emericmary56@gmail.com,FR
ancharchannel@gmail.com,US
italinoboy80@gmail.com,US
justin.13uhi@gmail.com,US
adamfry@protonmail.com,IT
aj_master1@hotmail.com,US
mangakarokhan@gmail.com,IT
tj6049184@gmail.com,US
braydonnacke@gmail.com,US
chaoticdimensio@gmail.com,US
nickmaderitz2@gmail.com,US
kalinethunterr@aol.com,IT
epyon239@gmail.com,US
nickbatmanll@gmail.com,US
bambuk86k@gmail.com,FR
facsimilesmiles@gmail.com,US
viktoriyakhodareva1405@gmail.com,US
ax1765g@proton.me,US
theisaacw@gmail.com,US
venturaoutfit@yahoo.com,US
german10012000@mail.ru,US
tdrkke01@gmail.com,US
seafoodlover1993@hotmail.com,US
valeriypuzo1967@gmail.com,US
zeldaruto64@gmail.com,US
imamova_y@mail.ru,US
tcpvtbox@proton.me,US
zacharywoodcock8@outlook.com,US
jordansmith136@outlook.com,US
radik.k764@gmail.com,US
kash36@att.net,US
shadowmsster@yandex.ru,US
hellexion@hotmail.com,US
wkat7710@gmail.com,US
mrcf4642@gmail.com,US
emptyillusions86@gmail.com,US
surfers_grove_8m@icloud.com,US
mabrown13@gmail.com,US
amirisaev939@gmail.com,FR
hank_hill_85@yahoo.com,US
foxxey.morgan@yahoo.com,US
zenkai200@gmail.com,US
realb4125@gmail.com,US
sunshinesuny2@gmail.com,US
matthieusanchez33400@gmail.com,FR
saveliu-2444@yandex.ru,US
nicdox@gmail.com,US
lethalsyrinx@gmail.com,US
smithjax529@gmail.com,US
brndngrdn@gmail.com,US
kamonwolfe@gmail.com,US
jthaslam@gmail.com,US
lil_wahine808@yahoo.com,US
nikitakopeeeeeeev@gmail.com,FR
andrewhypnosis8@gmail.com,US
isaiahmarshall99@gmail.com,US
borg7d901@gmail.com,IT
lapmoniton@gmail.com,US
dlrbbrld@gmail.com,US
badkarma45@proton.me,US
kenilowl7@gmail.com,US
brusa000@mail.ru,FR
skella.thompson@gmail.com,US
collectorangeeat@gmail.com,US
louaybenhassine123@gmail.com,IT
venus2mars01@proton.me,US
liaml2007910@gmail.com,US
nonjon631@gmail.com,US
dchicago91@tutamail.com,US
bor_102@yahoo.com,US
brendonkeel@aol.com,US
kerlibo56@yahoo.com,FR
sigma.psi7@gmail.com,US
isabellacastilleja6310@gmail.com,US
andreannecchino@gmail.com,IT
starfishman62@gmail.com,US
praatotiv@gmail.com,US
itscuda1205@gmail.com,US
jokinjoe112599@gmail.com,US
sas009078967@gmail.com,FR
rhome2317@gmail.com,US
japedav@gmail.com,US
danieljobturenne@gmail.com,US
497263866@qq.com,US
andreewich0074@gmail.com,FR
batman8621@yahoo.com,US
artmsidorov9@gmail.com,FR
theagony26@gmail.com,FR
mnkilcrease2009@gmail.com,US
fidgetclip@proton.me,US
nidforspeed9@gmail.com,US
kostya00042@gmail.com,FR
ocelotlover1984@gmail.com,US
nastya_serbina@bk.ru,US
terran124@gmail.com,US
alexandereliseev1299@gmail.com,US
dannytheplayer1@atomicmail.io,US
chevron.emmanuel@gmail.com,US
kristinalogaseva16@gmail.com,US
salmonman0604@yahoo.com,US
leprechaunbomb@gmail.com,US
dendremonder@gmail.com,US
anzelikaturbaseva@gmail.com,US
magicwolf4321@gmail.com,US
pkmngonuovobett@gmail.com,IT
artemkucenko2007@gmail.com,US
jp8766856@gmail.com,US
rexit.mix@gmail.com,US
dima.galeev2015@gmail.com,US
1shogunraiden1@gmail.com,FR
epicgamer134582@gmail.com,US
paladin62122@gmail.com,FR
wolffatex@proton.me,IT
borovsky2000@mail.ru,FR
nickgusak.2000@gmail.com,US
gaven2368@gmail.com,US
miryansky@yandex.ru,US
jeremiah23484@gmail.com,US
emailsnail44@email.com,US
sereneryoichi@gmail.com,US
obamafartss@gmail.com,US
johncenabob@hotmail.com,US
ayowhyisyoulikethattho@proton.me,IT
krystal696969@protonmail.com,US
belgarionderiva84@yahoo.com,FR
xxdaredevill1000xx@gmail.com,US
daringdoughnut526@gmail.com,US
ararat_keshan_ira@mail.ru,FR
daryldixon14156@gmail.com,US
dukeluu79@gmail.com,US
uncomfortableartworks@gmail.com,US
shrill48_thirds@icloud.com,US
someotherguysfriend@proton.me,US
texsis4edge@gmail.com,US
robcombie236@gmail.com,US
stevenehler8856@gmail.com,US
jasonb0686@gmail.com,US
katezav01@gmail.com,US
edneill2001@gmail.com,US
kakaskagovnannaa@gmail.com,US
darcwolf619@gmail.com,US
nastyar2003@gmail.com,FR
dphence98@gmail.com,US
genesis201213@live.com,US
kaptainkroner@yahoo.com,US
piercecullens@gmail.com,US
marche_r@live.com,US
leavemealone5150@proton.me,US
whodges308@gmail.com,US
mountainview14@gmx.de,IT
billhannover5@gmail.com,US
lolaluchshaya@gmail.com,US
mproia3@gmail.com,FR
natesmithwick19@gmail.com,US
jduby13@gmail.com,US
zerograv1234@gmail.com,US
ttan27189@gmail.com,US
meissnerevan@gmail.com,US
bradyhsmith07@gmail.com,US
dedy100let@gmail.com,FR
jlmyrick78@gmail.com,US
loudpipes94@gmail.com,US
shaggymanperson@gmail.com,US
rykon2@gmail.com,FR
mrsiker4@gmail.com,FR
kimmykilhazard@gmail.com,US
alex.reyner65rey@gmail.com,US
cofi73292@gmail.com,US
hamacher012@gmail.com,US
sad.and.broke.as.shit@gmail.com,US
pavelinop11@gmail.com,IT
alecksandrkudrya6@gmail.com,US
ddefault935@gmail.com,US
devcathmor@gmail.com,US
bibjkqks@gmail.com,FR
atlesk38@gmail.com,US
velfimov89126896561@gmail.com,US
darkangel1952brief@gmail.com,US
elihans05@gmail.com,US
nw2421874@gmail.com,US
squid_dollar@proton.me,US
tigerperformance@gmail.com,US
okmrkrabs50@gmail.comi,US
alexanderscottv@gmail.com,US
greenpangolin420@gmail.com,FR
immortalarena@gmail.com,US
gilgastorm@gmail.com,US
swilliams4595@gmail.com,US
zeykrus@gmail.com,US
adricscole@gmail.com,US
jwaytwitterx@gmail.com,US
jamespayment7@gmail.com,US
mdg459alt1@gmail.com,US
ziva2000@proton.me,US
vladlena.shorina@mail.ru,US
minagoroshinohelix@gmail.com,US
jades7011@gmail.com,US
xwtpmp123@outlook.com,US
jucha6767@gmail.com,US
chikova.katerina@gmail.com,IT
mdabts2024@gmail.com,US
thi5.i5.n0t.a.emai1.forbadthings@gmail.com,US
haileypopson2@gmail.com,US
rmoux@proton.me,US
yyoy@hotmail.fr,FR
jacehalloway@gmail.com,US
derecknate@gmail.com,US
primapejunkey@gmail.com,US
minicam.genome-1v@icloud.com,US
morganbordelon2@gmail.com,US
lynettematuran@gmail.com,US
gottabmatrix@gmail.com,US
nejirehado253@gmail.com,US
mg.evan.brantley@gmail.com,US
jeanmarie.lepen57900@gmail.com,FR
thinder120final@gmail.com,US
jfrein2958@gmail.com,US
madladlane22@gmail.com,US
mbilly882@gmail.com,US
danishinji@yahoo.it,IT
scathyplays@gmail.com,US
nathanpoubelle1111@gmail.com,FR
wyatt.denton10@gmail.com,US
keyesstar@gmail.com,US
prometheongaming@gmail.com,US
anat00li44@mail.ru,US
zl40502@gmail.com,US
ccarisha415@gmail.com,US
egor.art.2000@mail.ru,FR
pokelol678@gmail.com,FR
mitchtheredhead@gmail.com,US
batman12345y7@gmail.com,US
seruriermarshal@hotmail.com,FR
goarej@gmail.com,FR
thatdaddyazz@gmail.com,US
knicholson77@gmail.com,US
danielstaytru123@gmail.com,US
jbswork@hotmail.com,US
azerbaidjanlight@gmail.com,FR
kimi@ir41.ch,FR
solal1240@gmail.com,FR
impulseone2@gmail.com,US
charlesmcclamb23@gmail.com,US
andominoel@gmail.com,US
kullaniciadi010102@gmail.com,FR
demonchy.jonathan@gmail.com,FR
dbl832020@gmail.com,US
c12jet@gmail.com,US
airrick89@gmail.com,US
pandainept@gmail.com,US
markevans.ij11@gmail.com,IT
phoenixhunter275@gmail.com,US
bruhdaun@gmail.com,US
samsius8@gmail.com,US
freezerbrk@gmail.com,FR
888forsaken888@gmail.com,US
dulsup1@gmail.com,US
reksiki17@gmail.com,US
leipsitz@gmail.com,US
durablecracker@gmail.com,US
crain911.df@gmail.com,US
solarisranger@proton.me,US
scarlettbethea@gmail.com,US
tacohellfire@hotmail.com,US
noisyybou@gmail.com,FR
michael.wilson3773@gmail.com,US
olivejo69@aol.com,US
ndawg475@gmail.com,US
opoovebear@gmail.com,US
blondeaux16@proton.me,US
haunter12374@yahoo.com,US
connorc0601@gmail.com,US
neo2828@proton.me,IT
chris.langlais@gmail.com,US
warhammerchieftain@gmail.com,IT
d2themofoash@yahoo.com,US
neos_dakkar@hotmail.com,IT
hamster972@outlook.com,FR
ery6912a@gmail.com,US
webd311@gmail.com,US
j05253412@gmail.com,US
diemondeath@gmail.com,FR
zaralax8008@gmail.com,US
tough-color-0p@icloud.com,US
mmeow8861@gmail.com,US
racingguy@gmail.com,US
f.usenext3@gmx.de,US
jg7190755@gmail.com,US
quarterbackcolby1@gmail.com,US
ralbrechtpics@gmail.com,US
mexicomeow14@gmail.com,IT
laylathevampireneko@gmail.com,US
worldclasssinner@proton.me,US
xxcherryberryxx37@yahoo.com,US
williamwharton8@gmail.com,US
erikh220@gmail.com,US
jman3661@gmail.com,US
armymechdrum@yahoo.com,US
sahnefan@gmx.net,US
lordlemonbat@gmail.com,US
tele1222013@gmail.com,US
starlinestudio@proton.me,US
brazzelljacob@gmail.com,US
wowderb27@protonmail.com,US
clintw9000@gmail.com,US
mrlololowka1836@gmail.com,US
bimplizkit91@proton.me,IT
margaretallison.006@gmail.com,US
altmark-jo@live.com,US
caseynadler@gmail.com,US
coconuty12@gmail.com,US
ladariusjuicefleming32@gmail.com,US
mrbillblas@gmail.com,US
lezangel_2002@yahoo.com,US
oxoxylin@gmail.com,IT
jamesonterry@hotmail.com,US
kaleighkitty777@gmail.com,US
namielestat@gmail.com,FR
dg91mn1@gmail.com,US
mieszkopokrzywa1@gmail.com,FR
raptorred2@gmail.com,US
danio33666@gmail.com,US
heathercyrilleone@yahoo.com,US
simgwani03@gmail.com,FR
sononero80fame@gmail.com,IT
uniquenoah711@gmail.com,US
tight520@gmail.com,US
michaelconit@proton.me,FR
dotsonat88@gmail.com,US
mickaelbidard@gmail.com,FR
epanzu9@gmail.com,US
ntkacenko491@gmail.com,FR
coltjoss@protonmail.com,US
tilera5720@excederm.com,US
hmswren@gmail.com,US
floflo39-44@hotmail.fr,FR
z2savage103@gmail.com,US
dima.purtov.2013@mail.ru,US
liftcrazy25@proton.me,US
loganlabance1212@gmail.com,US
ianwilloughby43@gmail.com,US
618meagant@gmail.com,US
r_k_douglas@yahoo.com,US
hnweaver92@gmail.com,US
panda90001@proton.me,US
mrpectyo@gmail.com,US
delta3371@gmail.com,US
julian.j.lowney@gmail.com,US
gollffyy@gmail.com,US
maddiesmom0725@gmail.com,US
cgarrett694@gmail.com,US
bookstoreguytweets@gmail.com,US
foxercanine123@gmail.com,US
anais4520@gmail.com,FR
michael.arthur.hayes@gmail.com,US
americagarza722@gmail.com,US
silverfoxkina@yahoo.com,US
raider0560@gmail.com,US
jambs-rehang.7m@icloud.com,US
julian.perez1208@icloud.com,US
sarahswanson737@gmail.com,US
dark_bard2002@yahoo.com,US
drag.skyblack@gmail.com,FR
kentthomas1456@gmail.com,US
austinmcantrell@protonmail.com,US
ktabdriverfree@gmail.com,US
gackday@protonmail.com,US
colinbell2027@gmail.com,US
skyskype131313@gmail.com,US
sjosh18d@hotmail.com,US
told.hoagies.0w@icloud.com,US
sissysteph247@gmail.com,US
dogemegamanzero369@gmail.com,US
connorpierpoint@gmail.com,US
warlockgater@gmail.com,FR
i_filsi31@mail.ru,FR
iyaiyao2@163.com,US
kristenlanctot@gmail.com,US
viscid85@gmail.com,US
blue.flowergarden.21@gmail.com,US
zoemoresparkles@gmail.com,US
ironsightsgaming17@gmail.com,US
ko6495@yahoo.com,US
apollozaibatsu@gmail.com,US
drewf354@gmail.com,US
spartans84@hotmail.fr,FR
damienwricks@gmail.com,US
bastian.fugeray@gmail.com,FR
killerklown492@gmail.com,US
j.staline01@tutamail.com,FR
thawk2k@gmail.com,US
meowdy378@gmail.com,FR
foxylittle19@gmail.com,US
c.e.clark99@gmail.com,US
chloe.clarke050@gmail.com,US
gomezrailway@gmail.com,US
bowenzhang362@gmail.com,FR
deckeremilio97@gmail.com,US
rnerad1979@gmail.com,US
sidneydavies123@yahoo.com,US
zordlon13244@gmail.com,US
merchpl0x4u@gmail.com,US
kmac1571@gmail.com,US
datboigrimmy@gmail.com,US
aaronlowejr@gmail.com,US
battle.droid.bricks@gmail.com,US
deanwebb2001@gmail.com,US
oholifield@proton.me,US
jaronrdouglas@gmail.com,US
burnccount588@gmail.com,IT
chumbuckley@gmail.com,US
denizalan15@icloud.com,FR
mayaakaikitsune@gmail.com,US
wyneanonyme@gmail.com,FR
ziweimiao@gmail.com,US
sgdbefujhet23@proton.me,US
lilwitty@icloud.com,US
archsuzie@gmail.com,US
roy1246912@gmail.com,US
eluffdragon@yahoo.com,US
benhubert98@gmail.com,FR
thedromo@icloud.com,US
elenahazben@gmail.com,US
hwilli786@yahoo.com,US
smagooza249@gmail.com,US
hicktowncoastie88@gmail.com,US
robvanbleek@hotmail.com,IT
aprl20121am@gmail.com,US
mateoarguello075@gmail.com,US
ju789amp@gmail.com,FR
throwawayemail269475@gmail.com,US
medvedegmedvedeg123@gmail.com,US
elijahvaughan58@gmail.com,US
phaljenan13@gmail.com,US
therose86@yahoo.com,US
kelechi827@gmail.com,US
onniebird2022@outlook.com,US
matgirasama@gmail.com,US
johny_boy_ie@yahoo.com,IT
cwik.hugo@gmail.com,FR
mcmillonjoel@gmail.com,US
jeffjjlyons@comcast.net,US
jpritch10@gmail.com,US
playernamedstar@gmail.com,US
tichethesoul@gmail.com,US
nod451@protonmail.com,FR
thekingjugg@proton.me,US
cici42245@gmail.com,US
laykhovano@gmail.com,IT
rukkuntu@gmail.com,IT
wk724588734@gmail.com,US
parmane211@gmail.com,US
thomashutson563@yahoo.com,US
eliittus@gmail.com,US
vvvtyyyv968@gmail.com,US
mekhazni53@gmail.com,FR
kingstonblackmon12@yahoo.com,US
timsullens0613@gmail.com,US
willyhenry59@outlook.fr,FR
athenapcastor@gmail.com,US
samantha.montalbano@yahoo.com,US
realfrost47@gmail.com,US
bsglxf.h@gmail.com,US
charbonneauc13@gmail.com,US
davidcaingame@gmail.com,US
bw31671@gmail.com,US
neo0nash0@gmail.com,US
alodhi0603@gmail.com,US
deaththekidrs8101@gmail.com,US
littrellmandy@gmail.com,US
imarquez8130@gmail.com,US
sajadalazzawy@gmail.com,US
yeetonem32@gmail.com,US
jessepelders@gmail.com,US
ichrisjames@yahoo.com,US
nascarwhip@protonmail.com,US
cedricl91@hotmail.fr,FR
calore8@gmail.com,IT
gamerlord41yt@gmail.com,US
asgoretruck393@gmail.com,US
b1gd4wg80@proton.me,US
j_loayza@outlook.com,US
washingtoncarlos2627@gmail.com,US
tfrazier4954@gmail.com,US
jenabray93@gmail.com,US
franklinisamutant@gmail.com,US
zzjch007@gmail.com,IT
jeffreyl1996@aol.com,US
161066354@qq.com,US
harleyfarley1421@gmail.com,US
brad.flattery@hotmail.com,US
jasonh.groves@gmail.com,US
gooberalert007@gmail.com,US
mirco.silver2002@gmail.com,IT
yorhaenjoyer@protonmail.com,US
aydendupree@gmail.com,US
deaddy45@gmail.com,US
mamatov.den@gmail.com,IT
cadee77@gmail.com,US
apolloburnstar115@gmail.com,US
resetmodehere@gmail.com,US
lawrence.vanderpool@gmail.com,US
lucasrouch@gmail.com,US
sina.hatamifar@gmail.com,US
qxin8617@gmail.com,US
jakepaquettehome@hotmail.com,US
vandiverwesley93@gmail.com,US
elfenisoda@gmail.com,US
thequantumcrow@yahoo.com,US
drewhocutt@gmail.com,US
kyleromo1991@gmail.com,US
awnightshadow@gmail.com,US
333999anabaptist@gmail.com,FR
rlpowell98@gmail.com,US
ivan1995ty66@gmail.com,IT
oboe69000@gmail.com,FR
bcrick1933@gmail.com,US
ukrainehero@yandex.ru,FR
geekerry@gmail.com,US
darkauora1211@gmail.com,US
trialguy18@yahoo.com,US
prepare.2b.destoyed@gmail.com,US
bb5847922@gmail.com,FR
antevt180107@gmail.com,US
friedcabby@gmail.com,US
grossi7474@gmail.com,IT
oneandonlytpoajs@gmail.com,FR
maildrop@maildrop.cc,US
mthef03@gmail.com,US
raxis7221@gmail.com,US
rhotonjames@ymail.com,US
tmq.537@gmail.com,FR
kirbykilla993@gmail.com,US
mjet248@outlook.fr,FR
ethan123007@outlook.com,US
udagabriele30@gmail.com,IT
orochimaru-88@hotmail.com,FR
ablatross12@gmail.com,US
spurgeonblake@hotmail.com,US
unown7599@gmail.com,US
ignisdraconis125@gmail.com,US
slcraft92@gmail.com,US
poubelledewish@proton.me,FR
dirtbaginthepnw@proton.me,US
dm0311@aol.com,US
dhx020@gmail.com,US
aryanharney@gmail.com,US
tyleraust93@gmail.com,US
lberghilt10@gmail.com,US
olivertyquan97@gmail.com,US
jamesd9493@gmail.com,US
humanized@mail.ru,US
calebhenriksen@gmail.com,US
ravenpeak3333@gmail.com,US
spiritflyr@gmail.com,US
t95174572@gmail.com,US
nobeclayton52@gmail.com,US
altreality27@libero.it,IT
serg1236076@gmail.com,US
m.ivan070906@gmail.com,IT
dachamp28@yahoo.com,US
renttentbent297@proton.me,US
gnezdoverx56@gmail.com,FR
chedderman79@gmail.com,US
egorshumilin2@gmail.com,US
kamrinlane1@gmail.com,US
j4gomez@gmail.com,US
vladmir080808@gmail.com,US
phabianart@gmail.com,FR
overusedmemez6@gmail.com,US
bensnipe56@gmail.com,US
radma.khaz@gmail.com,US
twv@4kv.net,US
smut.audibly080@passmail.net,US
austinwoodyard@yahoo.com,US
harthan@proton.me,US
loganmurrell8@gmail.com,US
deiicide@gmail.com,US
maurice.magnum@proton.me,US
emailof.akaufman3@gmail.com,US
johnbobismyname1@gmail.com,US
electrohouse.remixbeet@gmail.com,US
lilycrossfire@gmail.com,US
rglass0192837465@gmail.com,US
riafgurd@gmail.com,US
caboose1011@hotmail.com,US
yoloy1991@gmail.com,FR
jasondhadley@gmail.com,US
tom.burner.riddle2@gmail.com,US
mylan.benali@gmail.com,FR
canyouseemenow1991@yahoo.com,US
d7officialmail@gmail.com,US
darren.pruemer@gmail.com,US
mazinkashi@gmail.com,US
kline4638@gmail.com,US
thealtuser@protonmail.com,US
3vilynic3@gmail.com,US
tarterphillip859@gmail.com,US
903safrik@gmail.com,US
lewd.adventure34@gmail.com,US
everettgr@icloud.com,US
gbradbeer@gmail.com,US
darkriper13666@gmail.com,FR
dania.fghgf@gmail.com,US
sissyballetpaige@gmail.com,US
kayze.sylveste@hotmail.com,FR
ismyloveigor@gmail.com,US
zanewharton13@gmail.com,US
ugtha52@gmail.com,US
jaydunbar2019@gmail.com,US
steklop222@gmail.com,US
ryandunton03@gmail.com,US
kwcarver91@gmail.com,US
sqss0313@proton.me,US
maximilian101k@gmail.com,US
balowen547@gmail.com,US
jesse_denny@yahoo.com,US
kimberlyrkeeler39@gmail.com,US
dilheviaplays@gmail.com,US
innokentijpupok@gmail.com,FR
jasmine30112008@gmail.com,FR
txdoug.thompson@yahoo.com,US
curtlandia@gmail.com,US
leonblack477@gmail.com,US
112bandit112@gmail.com,US
eaglesdare10930@proton.me,US
johnsonryan317@gmail.com,US
gibbons13@icloud.com,US
pedrosanchez19343@gmail.com,US
mmjohnsj@gmail.com,US
collins.clint289@gmail.com,US
flic8@bk.ru,US
zhuangguoran@gmail.com,IT
nivey0wi@gmail.com,FR
howlingfangs77@gmail.com,US
kornstar6969@gmail.com,US
codyreilly2004@gmail.com,US
jacoblee4946@gmail.com,US
yuriipaph6@gmail.com,US
reiste27@gmail.com,FR
rpf34144@gmail.com,US
anonymois558@gmail.com,US
ryan.gosling.rofls@gmail.com,US
raige.fernau@gmail.com,US
joshuaratley@gmail.com,US
sonofchrist141516@gmail.com,US
jeffdebbie86@yahoo.com,US
natenate124124@gmail.com,US
trinity.salatka@gmail.com,US
orochimaratm@gmail.com,US
tgakuv@gmail.com,FR
detailedsoda@gmail.com,US
hahno6969@gmail.com,US
savagekawaii16@gmail.com,US
codyh17af@gmail.com,US
landinwilliamson07@gmail.com,US
anderslogan98@gmail.com,US
jeffykarli@gmail.com,US
mlookhql@gmail.com,IT
twintaileddragon@gmail.com,US
youngbuckiw@gmail.com,US
nicoleeog@gmail.com,US
smilym888@gmail.com,FR
charlcol50@proton.me,US
cookieisbestes@gmail.com,US
mattcastell577@gmail.com,US
meggp2023@gmail.com,US
horserock9@comcast.net,US
jsfulton26@gmail.com,US
msyphon@gmail.com,US
hondaracer157@gmail.com,US
noahacor43@gmail.com,US
s-meredith@live.com,US
gentilsenios@gmail.com,FR
medic.rhine@gmail.com,US
cwaller3378@gmail.com,US
tristinbrowning4@gmail.com,US
starspiritgeno@gmail.com,US
sam.h.jude@outlook.com,US
1el106@mail.ru,FR
festral124@gmail.com,FR
danjenkins4035@yahoo.com,US
tserko2000@gmail.com,FR
jx2marshall@gmail.com,US
mistylarihi@yahoo.com,US
khoskins1995@gmail.com,US
zeroxphoenix@live.com,US
dankdetanator@gmail.com,FR
jermicfer@gmail.com,US
mattrosa.dsp@gmail.com,US
pureartist79@gmail.com,US
agustin@motusmanage.com,US
ozangokce1987@gmail.com,FR
francescacaliguire1998@gmail.com,US
ashbot69@proton.me,US
kennycartman1020@gmail.com,US
khilona52@gmail.com,US
vaheslavovih66@gmail.com,US
reecespsn@gmail.com,US
wyattmartin43@gmail.com,US
omgroflz@protonmail.com,US
phyllis18cool@yahoo.com,US
maximilien.godin@protonmail.com,FR
dlheadhixson@yahoo.com,US
jeraldthornton76@gmail.com,US
vgx.wright@gmail.com,US
boblennon553@gmail.com,FR
steel.user324@aleeas.com,US
whatbrobrowhat130@gmail.com,US
kovalenkoulia249@gmail.com,US
roneroe12@gmail.com,US
foofsaas4@gmail.com,US
puffin205@anglernook.com,US
ghawkins482@gmail.com,US
bombadier29@aol.com,US
giololbro@gmail.com,US
normaldude54@gmail.com,US
seneznicolas24@gmail.com,US
gahov900@gmail.com,IT
aznguy871@gmail.com,US
knaack0545@gmail.com,US
y.zhornikova@alumni.nsu.ru,FR
jvoltage4@gmail.com,US
dave.ironsidesales@gmail.com,US
hollyhowerton@ymail.com,US
boriscraft777@gmail.com,FR
scumhither@gmail.com,US
sbob68661@gmail.com,US
maxoffart@gmail.com,FR
brodypagett1324@gmail.com,US
skrewlogic@gmail.com,US
huffnaglenadia@gmail.com,US
noneyobizz89@proton.me,US
themacanesebae03@gmail.com,US
alcianblue72@protonmail.com,US
darogotthatdawginem@gmail.com,US
tomfool2248@gmail.com,US
shaylnotey@gmail.com,US
eric2texas@yahoo.com,US
sleaventraylor@gmail.com,US
crazylou93@hotmail.com,US
theafkguy12@gmail.com,US
ahmed7najih@gmail.com,US
gordonalexia98@gmail.com,US
jacobbrown304@gmail.com,US
captaininsanity17@gmail.com,US
adriangrote@yahoo.com,US
abokhaled53@hotmail.com,IT
jackgarris1@gmail.com,US
owwow224@gmail.com,US
randomnamescott@gmail.com,US
andrewdmitri1994@gmail.com,US
88.arashi.88@gmail.com,US
caramellechloe258@gmail.com,FR
jbird171@gmail.com,US
vex@outlook.com.br,US
mari.milagina@mail.ru,US
3ch01ngm1st.ldd@gmail.com,US
ghostgeneratedchats@gmail.com,US
greenwellzoe@gmail.com,US
seagull-fervent1m@icloud.com,US
jjharless847@gmail.com,US
kaz2y5738spn@gmail.com,US
zpatsfan12c@yahoo.com,US
grahamfariday@yahoo.com,US
valen12771@yahoo.com,US
tv10172001@gmail.com,US
dakotas1203@gmail.com,FR
thesargeguy@yahoo.com,US
phiani2009@yahoo.com,US
pinkprincess0932@protonmail.com,US
iamgeorgie85@gmail.com,US
43viper@gmail.com,US
waylonraskulinecz@yahoo.com,US
liviturnbull@gmail.com,US
djbmontero6969@gmail.com,US
rockerromeo97@yahoo.com,US
zuonamei@gmail.com,US
sirmacandcheeese@gmail.com,US
rowleyricky1@gmail.com,US
thomaskelly0303@outlook.com,US
kadariusking44@gmail.com,US
zavolilou@gmail.com,FR
versusme101@gmail.com,US
andyanajeux@gmail.com,FR
bugrayavuz123123@hotmail.com,IT
nikutulyavs@gmail.com,US
baybaganz@gmail.com,US
deniskonovalov402@gmail.com,US
lycanxzavior9@gmail.com,US
kinkykink07@gmail.com,US
kiklee730@gmail.com,FR
leebrow@proton.me,US
jordangomez425@gmail.com,US
camcru9096@gmail.com,US
trekkieturtle@gmail.com,US
possibly.johnny16@gmail.com,US
colemardis@gmail.com,US
sonocs99@gmail.com,US
matovinajohn30@gmail.com,US
jokee200311@gmail.com,FR
dorkbench@proton.me,US
mikegrebba@gmail.com,US
zazazazazazazazaazzazazaazazaz@gmail.com,US
andreymort6@gmail.com,FR
kellyshaw4242@gmail.com,US
edowneyva@gmail.com,US
andreaandrei126@gmail.com,IT
courtney.vassalo@gmail.com,US
theworldofmentalsuffering@gmail.com,US
mitchybrads5678@gmail.com,US
shadowprotocol5@proton.me,US
kraken16530@gmail.com,FR
hammerslaedward@gmail.com,US
cateryde@gmail.com,US
smitstann@gmail.com,US
nikolokulus12@gmail.com,FR
tligou@gmail.com,FR
soul_of_darkness_1904@hotmail.com,US
christopherdennis473@gmail.com,US
joe830215259@gmail.com,US
kristopherwooten19@gmail.com,US
lewashrshr@gmail.com,US
gabriel.gutierrez105@icloud.com,US
fathercruss@gmail.com,US
rsm1325@gmail.com,US
arsichaser@gmail.com,US
penningl@protonmail.com,US
alma.tross33@gmail.com,US
mmatt791@yahoo.com,US
baumard.victorien@gmail.com,FR
refresh-subject.0q@icloud.com,US
jeffspooley@gmail.com,US
brantly.hill@gmail.com,US
ngotsis192@gmail.com,US
davidfry2202003@gmail.com,US
ucut60@protonmail.com,US
rjc022001@gmail.com,US
renskins96@gmail.com,FR
left4bread1640@gmail.com,US
andrealan85@gmail.com,IT
eccentricplatypus@gmail.com,US
ajmooney02@gmail.com,US
swansoncotey2@gmail.com,US
oplotleni@gmail.com,FR
hyperlion478@gmail.com,US
dnn53225@gmail.com,US
mendezjesse807@gmail.com,US
flegme.bubulle@gmail.com,FR
mailpourapplima@gmail.com,FR
trentonbraska@icloud.com,US
skygamerole@gmail.com,US
ilovemy8inchpenis@gmail.com,US
ronx013@hotmail.com,US
orociomatteo2@gmail.com,US
koltrainz1@gmail.com,US
aidan.almager2637@gmail.com,US
joshuaharr25@gmail.com,US
anonheretic42@proton.me,FR
artfulcharmer@gmail.com,US
beyond.the.birthdays@gmail.com,US
amaufischer@gmail.com,FR
polinagorskova427@gmail.com,US
theman67899@gmail.com,US
evilryo@gmail.com,US
andreykuznet784@gmail.com,FR
jasonlreynolds34@gmail.com,US
dekuofa4466@gmail.com,US
shihall55@gmail.com,US
riccardo.bocelli@yahoo.it,IT
jonasmanchester3@gmail.com,US
mtlweld@gmail.com,US
maskue0490@gmail.com,US
rebeccadeleon4@gmail.com,US
crod13519@gmail.com,US
lunaplayzsl@gmail.com,US
megrid80@gmail.com,US
papabearhall@gmail.com,US
itsnickdub@gmail.com,US
chazhaislup9@gmail.com,US
misterykarakal@gmail.com,US
frozenflame201@gmail.com,US
coleb37@gmail.com,US
demiasimmons212@gmail.com,US
frischxavier9@gmail.com,US
jmclaugh123@outlook.com,US
brownzacary@gmail.com,US
mr.michael.cross@gmail.com,US
arnnette3@gmail.com,US
bobtheblob429@gmail.com,US
isotelo.072000@gmail.com,US
cogitoergosum01001@gmail.com,US
jackthebrony@gmail.com,US
derekhegwood@gmail.com,US
kate@starlight.wtf,US
nridrmat72@gmail.com,US
bot08418@gmail.com,US
carsoncoopr2008@gmail.com,US
simp.for.cowbois@gmail.com,US
azy4ln@gmail.com,US
greggaga21@gmail.com,US
otegmeyer@gmail.com,US
krayziek1985@gmail.com,US
litakaibawheeler@gmail.com,US
dj.schultheis@me.com,US
valentisswe113@outlook.com,US
9b7yjmel@gmail.com,FR
arvingraham688@gmail.com,US
lorenzoshop71@gmail.com,US
orendorffjaime9@gmail.com,US
zqnnexyt@gmail.com,US
nikitacat02@gmail.com,FR
nyxeldred@gmail.com,US
somm.kiddo@gmail.com,US
kirebear@yahoo.com,US
frankiepantoja04@gmail.com,US
jaquellepillock@gmail.com,US
axelr73@gmail.com,US
halpsion@gmail.com,US
lerasm.778@gmail.com,FR
3cloudsentertainment@gmail.com,US
earbending@protonmail.com,US
330backwood@gmail.com,US
rockinrocketboyash@gmail.com,US
landonyvs997@gmail.com,US
greg27ory826@gmail.com,IT
john.v.johnson4436@gmail.com,US
shadowbear419@gmail.com,US
yoann.vacheresseb@gmail.com,FR
haag6538@gmail.com,US
jlake911201@gmail.com,US
jasonshin0206@gmail.com,US
larsd8213@gmail.com,US
candyunicorn1@gmail.com,FR
froment.anthony@wanadoo.fr,FR
boss.man10@hotmail.com,IT
joshdbag567@gmail.com,US
cookiecliff321@gmail.com,US
claire.marine978@gmail.com,FR
cjmorgan1211@gmail.com,US
jrichards1115@gmail.com,US
chrisstone14u@gmail.com,US
martyweber176@gmail.com,FR
medranonoel0204@gmail.com,US
noonestrange69420@gmail.com,US
haiden0310@gmail.com,US
tylekbethea@gmail.com,US
mf_faust@proton.me,US
pashakilya4638@gmail.com,US
jconaway04@outlook.com,US
druwfuspornemail@gmail.com,US
omarukenza@gmail.com,US
raydendante@gmail.com,US
anthony.beaver@hotmail.fr,FR
hooli7591@gmail.com,US
bastien_78@hotmail.fr,FR
zdude1910@gmail.com,US
thisisforstuff116@gmail.com,US
sdanteau@gmail.com,FR
greybonder@proton.me,US
nathanielflawedchristian870@gmail.com,US
kcw2021@gmail.com,US
h31214268@gmail.com,US
emeraldd5@gmail.com,US
roroyourboat413@gmail.com,US
gweetar@gmail.com,US
duncanwayne19@gmail.com,US
guintyn@gmail.com,US
rmccarthy1592003@gmail.com,US
lefebvreflorian26@gmail.com,FR
bananabagal56@gmail.com,US
theboss453645@gmail.com,US
skywolfplace@gmail.com,US
joeldominguez1047@gmail.com,US
trumannion@gmail.com,IT
rogerwilco71@hotmail.com,US
marleighgreen21@gmail.com,US
mbmitchell8833@gmail.com,US
aliviabast@gmail.com,US
mweinhandl@gmail.com,US
whutson.blhs@gmail.com,US
grimyyyofficial@gmail.com,US
costane.sharu@gmail.com,US
blacklistlifestyle12@icloud.com,US
torakiel777@gmail.com,US
bprice6794@gmail.com,US
hsart.el.trash@gmail.com,FR
softprimal90@gmail.com,US
kelssecreto@gmail.com,US
marvin.benoit.marvin.benoit@gmail.com,FR
dvnfltchr@gmail.com,US
anythingsex69@yahoo.com,US
timememo2@gmail.com,US
zaenyoriss1019@gmail.com,US
dinerfilmmakers@gmail.com,US
417jrykowski@gmail.com,US
emanuelplusultra@icloud.com,US
cole.odom24@gmail.com,US
bbueffer@gmail.com,US
iggyadthar@gmail.com,US
mattzelo6@gmail.com,US
nekosmadness@gmail.com,IT
bonusaction99@gmail.com,US
laurajacobsen77@gmail.com,US
alt24.25d3@gmail.com,US
gagroman82@gmail.com,US
scottwolmsted@gmail.com,US
drummer0808@gmail.com,US
darkesttattoos@gmail.com,US
noahivankabali@gmail.com,US
tjboom97@gmail.com,US
tedkinard0@gmail.com,US
crv977368@gmail.com,US
ginging890@gmail.com,US
tjcampbell2224@gmail.com,US
alexmec@comcast.net,US
arraiza91@hotmail.com,FR
unblinded@outlook.com,US
ripcurl1167@proton.me,US
youyouberoard@outlook.fr,FR
justinr.nm91@gmail.com,US
danjuan13@proton.me,US
panders1@gmail.com,US
kenyataeb18@gmail.com,US
secret6887@gmail.com,US
drewgiancaspro90@gmail.com,US
daxuomovolante@gmail.com,IT
kylelsmith92@protonmail.com,US
miner9206@gmail.com,US
highimhungry@live.com,US
andrew.munoz.2003@gmail.com,US
gavinromo52@gmail.com,US
barreranaruto4@gmail.com,US
larrylapoint9@gmail.com,US
graydonrad4d@gmail.com,US
gsalinasbusiness@gmail.com,US
drlucky@tutanota.com,US
samuelrice900@gmail.com,US
sjo131365@gmail.com,IT
anoosmastr@gmail.com,US
enastamania@gmail.com,US
otherthanthat62@gmail.com,US
buzzcast1169@gmail.com,US
jasonfrerichs.pvi@gmail.com,US
chrissal1390@gmail.com,US
venomsnake031@gmail.com,FR
mason.weiner@outlook.com,US
spitefirebg@gmail.com,US
nooneever399@gmail.com,US
booya1556@yahoo.com,US
isaaclundahl239@gmail.com,US
jaidencain@ymail.com,US
captemerald302@gmail.com,US
spamacount381@gmail.com,US
harris.sg2786@gmail.com,US
hydexvx@gmail.com,US
bigdriley23@gmail.com,US
amm7748@protonmail.com,US
lromano820@gmail.com,FR
afurie3@gmail.com,US
bryanshannon02@icloud.com,US
traxton1212@gmail.com,US
c_julius@aol.com,US
mr.zhenua.grinenko@mail.ru,FR
tomasi.loic@gmail.com,FR
oceannutt1983@gmail.com,US
jerry678966@gmail.com,US
evanramon@ymail.com,US
kot1254577@gmail.com,US
krgray1@att.net,US
alanlynch2008@outlook.com,US
armeddreams@gmail.com,US
cavalo.amphibie@proton.me,FR
lupsided@gmail.com,US
bricecharris@gmail.com,US
davenportdaniel814@gmail.com,US
rosscorn851@gmail.com,US
nascarty99@yahoo.com,US
randyalvinclaflin@gmail.com,US
wadehleonard@gmail.com,US
rexwolf69420@gmail.com,US
ejobrien.ted@gmail.com,US
abdelshakrid2@gmail.com,FR
nsfwjibblets@protonmail.com,US
jamalbootycheeks@gmail.com,US
austinsespresso@gmail.com,US
cgeer@liberty.edu,US
stonerwolf428@gmail.com,US
wesleyestep6@gmail.com,US
nomercybass08@gmail.com,US
garbagetrash571@gmail.com,US
davidtimmy666@gmail.com,US
zoeaguilar110@gmail.com,US
roycefladung@yahoo.com,US
delannoysylvain@gmail.com,FR
loicpage03@gmail.com,FR
mrlinkpyro@gmail.com,US
andrewlrobinsis2@gmail.com,US
shaughnharper8@gmail.com,US
ludcakes@gmail.com,US
mitya.kondrakhin@mail.ru,US
fjrhgr@gmail.com,US
damionvermillion6@gmail.com,US
armadeogame@gmail.com,US
sashavor2001@yahoo.com,US
morganjonesca@yahoo.com,US
raipoldd@gmail.com,US
stematth0@gmail.com,US
argotoast@gmail.com,US
kiryuminski@gmail.com,US
brennemccafferty8@gmail.com,US
bambiiino80@gmail.com,FR
bgweeks@gmx.fr,US
cdlusk22@gmail.com,US
1195127963@qq.com,FR
pcathey02@gmail.com,US
danarmstrong1212@gmail.com,US
diegocabrejas83@gmail.com,FR
sharn371@gmail.com,FR
sheetcrane1769@gmail.com,US
vsalas4th@gmail.com,US
sharkou22@gmail.com,FR
ginettomio5@gmail.com,IT
cranellzenthalize@gmail.com,US
jinxiaoxiongxiong@126.com,US
parkerniemeier510@gmail.com,US
bl4bl4bl4bl4@yahoo.com,US
rutherford059@gmail.com,US
srussell3206@gmail.com,US
klarrff0@gmail.com,US
discord1126@hotmail.com,US
joeyoxx10@gmail.com,US
eziban644@gmail.com,US
spicychatai@yahoo.com,US
lunadragonmusic@gmail.com,US
strykersong2133@gmail.com,US
wunderlich.steve@gmail.com,US
degeneratepurposes69@gmail.com,US
jacenightgaurd@gmail.com,US
rlumorewilliams91@gmail.com,US
lovealisonyt@gmail.com,US
ztkinere88@gmail.com,US
spiderwick4444@gmail.com,FR
kinde.t2yqc@simplelogin.com,FR
chasegannon21@gmail.com,US
brendeneskue411@gmail.com,US
traviscooley93@yahoo.com,US
sharedmicaletti@gmail.com,IT
sissykayleemorgan@gmail.com,US
montgomeryreshawn@gmail.com,US
drevls@mail.ru,US
r3dbow@gmail.com,US
korendangerpiece@gmail.com,US
kevinmcgee677@gmail.com,US
7bhw718@gmail.com,US
ryangingrich38@gmail.com,US
nyurfest@aol.com,US
kenschade31@gmail.com,US
alex21dietz@gmail.com,US
artxmxss@gmail.com,FR
yurilover19@gmail.com,US
elitesniper725@gmail.com,US
barbosa.tyler@gmail.com,US
theodorespanbauerrecover@gmail.com,US
ghosthybrid34@gmail.com,US
christopherhouse0724@gmail.com,US
jaysonuribe36@gmail.com,US
judeclaybowling@gmail.com,US
ihcadx@gmail.com,US
totoyebuu@gmail.com,FR
thomas.marchesini01@gmail.com,IT
kaylahbaliey2006@gmail.com,US
scott.b.canady@gmail.com,US
haileydimatteinay@gmail.com,US
nnfluffybunny01@gmail.com,US
fallofsummer99@proton.me,US
kyletolmie@gmail.com,US
hayliefontain93@gmail.com,US
unknowntimes@proton.me,US
matteobejean35@gmail.com,FR
j3ssph0ne@gmail.com,US
raymondmartinelly2303@gmail.com,US
weridstuff123@gmail.com,US
ethanbeattie2004@gmail.com,US
monte.uriah628@flounderfantasy.com,US
ylor7565@gmail.com,US
olga.timofeeva.1999@bk.ru,FR
toronto.craigslist.ca@gmail.com,US
kylejbodine@gmail.com,US
kazooking69@gmail.com,US
garou411@hotmail.com,US
thisislit5@gmail.com,US
grigagood@gmail.com,US
xxdragonxx1502@gmail.com,US
cheesymunkay@gmail.com,US
tattooedandpetty@gmail.com,US
pat@hasenjager.net,US
dylanman359@gmail.com,US
leogamer340028445929@gmail.com,US
arobey47@gmail.com,US
yoyo940184@gmail.com,US
arii111921@gmail.com,US
bizkitp2000@gmail.com,US
demonknight1434@gmail.com,US
joyfulsadboy@gmail.com,FR
c.stevenson0827@gmail.com,US
flavioreyes@proton.me,US
owldragon88@gmail.com,US
hleec95@aol.com,US
fart40946@gmail.com,US
thebozosif@gmail.com,US
forthatahri@gmail.com,US
lorewalker@protonmail.com,US
jmolmos2001@gmail.com,US
belousd1988@gmail.com,FR
morrissonmorime@gmail.com,FR
fmroadstyle@gmail.com,IT
rypantta24@gmail.com,US
mylan.benali@orange.fr,FR
bluefoxesdiamond@gmail.com,US
ggmc2349@gmail.com,US
beneventalberto@gmail.com,IT
brianslife78@gmail.com,US
unlimitedwaifuz@gmail.com,US
rouxexem@gmail.com,US
taylorfike21@hotmail.com,US
veetz1985@yahoo.com,US
250sanics@gmail.com,US
iond2580@gmail.com,US
princegreen16@gmail.com,US
euhannah13@gmail.com,US
handotcomx@gmail.com,US
jsynoomab@gmail.com,US
mrattleman@gmail.com,US
tossawayfortrials@gmail.com,US
gluk66@yahoo.it,IT
giacomoliuti@libero.it,IT
simoneb95@hotmail.com,IT
wynnonaanne.limbaugh@gmail.com,US
cakesnubby@gmail.com,US
cordylosh@gmail.com,US
dylan.shroll@protonmail.com,US
wedfvbnhjui@outlook.com,US
wompdeezwutz@gmail.com,US
cerealmonster66@gmail.com,US
jhoose6929@gmail.com,US
howiej2392@ymail.com,US
mirzetanerisa2004@icloud.com,US
mcdudesam@gmail.com,US
loglesby1995@gmail.com,US
briskeydustan@gmail.com,US
bjt911@yahoo.com,US
omegaspark01@gmail.com,US
donaldjamesdoble@gmail.com,US
nateallen9@icloud.com,US
redspyinbasewow@gmail.com,US
l_e_s-95@hotmail.com,US
themachinamint@gmail.com,US
joshuastroede@gmail.com,US
olxfake@proton.me,US
leefamily734@gmail.com,US
appleblossomw68@gmail.com,US
helix2244@yahoo.com,US
aalt72972@gmail.com,US
coxcaleb111@gmail.com,US
secretnick95@gmail.com,US
whenitraynesitpours101@gmail.com,US
slipperyokto729@gmail.com,US
theseahawksarethebest@gmail.com,US
qdwilson2018@gmail.com,US
tlake223@gmail.com,US
hooden3070@gmail.com,US
utststsde66@gmail.com,FR
yoruko7938@gmail.com,IT
jamesadamscherub2022@gmail.com,FR
daisansha.saibankan@gmail.com,US
stellac1066@icloud.com,US
eduardo.motortrust@gmail.com,US
derek.j.g15@gmail.com,US
shaqalov897@gmail.com,US
brick530@aol.com,US
ja509485@gmail.com,US
austinb0310@gmail.com,US
forestlaw124@gmail.com,US
jerardo_vicente2@outlook.com,US
kopylovivan15@gmail.com,US
supersayian3.jz@gmail.com,US
rinkotrash@gmail.com,FR
sniffsniffsniff@protonmail.com,IT
cfppeacemaker@gmail.com,US
northwestdoc1@gmail.com,US
undertalepapyrus668@gmail.com,US
bwilcox486@gmail.com,US
realfreddyt@gmail.com,US
simmonstommy083@gmail.com,US
fadedotf@gmail.com,US
sheridan6392@gmail.com,IT
n3xchangetk@gmail.com,US
dbzpleaurobin@gmail.com,FR
dejesusjrjavier@gmail.com,US
creeperking18280@gmail.com,US
naughtywolf322@gmail.com,FR
tiffanyjoyholt@gmail.com,US
giovanni.bassi.sales@gmail.com,IT
oval-pulsar-7r@icloud.com,US
n.byler06@gmail.com,US
slycapacity@hotmail.com,US
troyjlohmann@gmail.com,US
killer4twxx@gmail.com,US
zooedge05@gmail.com,IT
calebj3.ck@gmail.com,US
hyperorangeninja@gmail.com,US
boweeb@gmail.com,US
creativeclay81@gmail.com,US
savaryelionor@gmail.com,FR
ninja777ninja777ninja@gmail.com,US
yumyum2941@gmail.com,US
kchay091090@gmail.com,US
maddylive2024@gmail.com,US
g3945474@gmail.com,US
ninjaman627@gmail.com,US
cleansmoke@mail.ru,FR
komamoon18@gmail.com,US
blackhawk3141@gmail.com,US
jonhallgrizzly96@gmail.com,US
edenrp38@gmail.com,US
jarnheim2@protonmail.com,US
karatekid32008@gmail.com,US
serpantsliver58@gmail.com,US
clashpal1587@gmail.com,US
wildmonkies22@gmail.com,US
sethlara44@gmail.com,US
austinjyates@gmail.com,US
p1479411@gmail.com,IT
microhardon96iguess@gmail.com,US
tylergrattan@gmail.com,US
thowaway321420@proton.me,US
oezayotchergay1998@icloud.com,US
legogo5427@gmail.com,FR
iceprice716@gmail.com,US
johnlindner4@gmail.com,US
gumy1996z@gmail.com,US
bmeaker91@gmail.com,US
connorlejsek@icloud.com,US
korentin.leborgne.gaming@gmail.com,FR
gasilovski.david@gmail.com,FR
rixyt98@hotmail.com,US
gav.ayers731@gmail.com,US
kittenskitkatgamegirl@gmail.com,US
gottahavithq@gmail.com,US
pocem16547@adrewire.com,FR
ddomijan3@gmail.com,US
luvrainstorm@gmail.com,US
swtp.marie@gmail.com,FR
policevic2023@gmail.com,US
settlesdeasia@gmail.com,US
erclle5402@gmail.com,US
candidwatcher2@gmail.com,US
datarailo@ymail.com,US
pondrosis@gmail.com,US
akash@nextday.ai,FR
celestella778@gmail.com,US
zindarmarouan1@gmail.com,IT
ephesis85@gmail.com,US
jimmyjamesdavis.jd@gmail.com,US
jsnhawe@gmail.com,US
9amerigo7@gmail.com,IT
rylanorton12@gmail.com,US
morganmcguinness88@gmail.com,US
derfai@outlook.com,US
ecstaticdjango73@gmail.com,IT
thresherfed@protonmail.com,US
mohammedalghamdi773@gmail.com,FR
xerozero181201@gmail.com,US
nihaokodomo@gmail.com,US
bodnarvlad05@gmail.com,US
michael.lane.coleman@gmail.com,US
dupies2001@gmail.com,US
wiegandtbella@icloud.com,US
jessicaas2013@gmail.com,US
levi.scienceguy@gmail.com,US
anerausa@gmail.com,US
mojorisen1971@gmail.com,US
porjackblack@gmail.com,US
anotgood89@gmail.com,US
relatedartt@gmail.com,US
lefix33400@gmail.com,FR
anageorgina.olguin98@gmail.com,US
kostik.dreck@gmail.com,FR
richard6994@live.com,US
jnuberg@hotmail.com,IT
gimormit@gmail.com,US
vicouswarrior22@gmail.com,US
alexangel34@yahoo.fr,FR
69420enjoyer@gmail.com,IT
lord.wolfe92@gmail.com,US
aubertbenoit13@yahoo.fr,FR
darkjedi_white@yahoo.com,US
sgreyskull@outlook.com,US
winterforest77@proton.me,US
beardo19966@outlook.com,US
beltespenn94@gmail.com,IT
tdsea127@yahoo.com,US
vulzi@protonmail.com,IT
ventriiik@gmail.com,FR
ian2007brink@gmail.com,US
unknowntraveler99@proton.me,US
dipperpines3035@gmail.com,US
laporschareed561@gmail.com,US
oceansroomba@proton.me,FR
marantebryan@gmail.com,US
viodietrich@gmail.com,US
heckahecka99@gmail.com,US
kylezrockin@yahoo.com,US
eric.k.vinson@gmail.com,US
aidenislit101@gmail.com,US
32eka8eckypsgxarkdzwm@gmail.com,US
olanus.pius@gmail.com,FR
wanlichy@gmail.com,US
david94212@proton.me,FR
5679noble@gmail.com,US
teduardo.nights@gmail.com,US
sparomc0@gmail.com,IT
guillaume.biju-duval@laposte.net,FR
r1999reg@gmail.com,US
lossuika@gmail.com,US
fortheporns2@gmail.com,US
ram20306@gmail.com,US
trinitywyren03@gmail.com,US
magnusthe15th@gmail.com,US
davidtooley74@gmail.com,US
drirock55@gmail.com,US
j.shaffer.two@gmail.com,US
poubelle1524@gmail.com,FR
jabber0227@gmail.com,US
jaaybo134@gmail.com,US
needforsneed121@proton.me,US
daylondstuddard@yahoo.com,US
bfshgxhhxh3578@gmail.com,US
jeremystager0968@gmail.com,US
bestkeptsecret678@yahoo.com,US
nicknimmo6@gmail.com,US
lymecho@outlook.com,US
minibenhra.fortnite@gmail.com,FR
lucaslucas223lucaslucas@gmail.com,IT
jakewoodley60@gmail.com,US
wildawe2@yahoo.com,US
topraktvreal@gmail.com,US
jd195810@gmail.com,US
dakota6116@gmail.com,US
sacukooha@gmail.com,FR
weshollingsworth@fastmail.com,US
cc1658w1658@gmail.com,IT
allengreggory@gmail.com,US
harris.bradley@yahoo.com,US
highjackman69420@gmail.com,US
den.voprosik@gmail.com,US
kearstinblast101@gmail.com,US
elizplat78@proton.me,US
konnersmith960@gmail.com,US
gavynbrandon2007@gmail.com,US
badtimerosalina8@gmail.com,US
sooanbo8@gmail.com,US
erosianasaysno@gmail.com,US
marianna.pierland@gmail.com,US
binhyen201299@gmail.com,IT
hhernandez2714@gmail.com,US
whiteheadherman01@gmail.com,US
kspfreak13579@protonmail.com,US
labrayakierra24@gmail.com,US
gabedoss43@gmail.com,US
naskarius@gmail.com,FR
braylingipson6@gmail.com,US
maxwellloop@icloud.com,US
jacobschell117@gmail.com,US
egorpogudin1987@gmail.com,US
d.newsome24@hotmail.com,US
himboenjoyer96@protonmail.com,US
kris83j@gmail.com,US
gingerandcharm@gmail.com,US
klimkrol@gmail.com,US
ngober1212@gmail.com,US
suzychristmasgift@gmail.com,US
copin44@msn.com,FR
frostedheart1@gmail.com,US
mua.naae@gmail.com,US
amaiacumbres@gmail.com,FR
aaltc0unt12@gmail.com,US
crkitzmiller25@gmail.com,US
msotedu@gmail.com,FR
burneranime69420@gmail.com,US
thomas.monachese@icloud.com,US
lilcringe54@gmail.com,FR
yousef110029@gmail.com,IT
marcsste000@hotmail.com,US
althaniibrahim89@gmail.com,US
sean.wright0040@gmail.com,US
hannah.burt90@gmail.com,US
podcast.marrent@gmail.com,FR
vanina.lusetti37@gmail.com,FR
theveryangryone@gmail.com,US
pyroturtle79@gmail.com,US
discordjr@gmail.com,US
brianasearfoss@gmail.com,US
potota37@yahoo.com,US
iamraccooz@gmail.com,US
burnerforcolby@gmail.com,US
xxxroberto123@protonmail.com,IT
tilla105west@gmail.com,US
datboifreddy@icloud.com,US
slopezzz@outlook.com,US
yvann.mallein@gmail.com,FR
dwmonster@yahoo.com,US
mtnview75@gmail.com,US
shanepeck2k6@icloud.com,US
benlimrs@gmail.com,US
matthewthegr3t4@icloud.com,US
jdprescott@gmail.com,US
ryanejohnson1995@gmail.com,US
timsaff94@gmail.com,US
enis.anas@gmail.com,FR
lanepenrose@gmail.com,US
alissakeyblade@gmail.com,US
cadams1440@gmail.com,US
flamedu56@gmail.com,FR
dirtyfckslt69@gmail.com,US
memelord87905@gmail.com,US
tpop696969@gmail.com,US
cjhignite06@gmail.com,US
lilianansfw@gmail.com,US
marianamontoto1@gmail.com,US
niggylevante@gmail.com,US
jonathanjgordon@gmail.com,US
joshc3885@gmail.com,US
trapjackal@gmail.com,US
sansisbosston@gmail.com,US
antoniofoote044@gmail.com,US
starchildd01@gmail.com,US
bakeryfresh@gmail.com,US
jinxskaar@gmail.com,US
thechucksterino@gmail.com,IT
rimmyrozay@gmail.com,US
deiselpowerstroke6.42008@gmail.com,US
nickmayhew43@gmail.com,US
recentearth@gmail.com,US
jjr77540@gmail.com,US
lghuffman117@gmail.com,US
bbf122222@gmail.com,US
akinsika0308@gmail.com,US
harryhood9494@gmail.com,US
dylan102902@gmail.com,US
ratrodpunk@yahoo.com,US
joebobb726@gmail.com,US
sgr1997@gmail.com,US
viola.zaccari@gmail.com,IT
calebmulrooney@gmail.com,US
jodajith@gmail.com,FR
the_oakmister@yahoo.com,US
jtoxzic@gmail.com,US
jorgeant1619@gmail.com,US
thatboygavin14@gmail.com,US
gudi-7b@hotmail.de,IT
serlater@gmail.com,IT
hyonz25@gmail.com,US
tjsocool238@gmail.com,US
tinycarlos14@gmail.com,US
wrightg016@gmail.com,US
olaydontplay@gmail.com,US
thierry.balechat@gmail.com,FR
gmathy2025@proton.me,US
jacoblmyers1@gmail.com,US
tinypbnjsando@gmail.com,US
thi_da_gui@yahho.com,FR
chiccy.nuggetz@gmail.com,US
leahmarieanderson0811@gmail.com,US
clement.pauline.0812@gmail.com,FR
contact@grifols.com,US
drmobzz@gmail.com,US
artytune@protonmail.com,US
liamgonzales1107@gmail.com,US
zachri2907@gmail.com,US
aritus.miriam@gmail.com,US
ramos.joe2027@gmail.com,US
codycowell@rocketmail.com,US
eththrowanon@gmail.com,US
rimlyeth@gmail.com,US
nissanboi91@gmail.com,US
shina51xx@gmail.com,IT
sebssub@protonmail.com,US
jeandick1025@gmail.com,US
allenhollow244@gmail.com,FR
furytato7@gmail.com,US
nekorolyplay@gmail.com,US
deutschistbesser@gmail.com,US
stephenblack0109@gmail.com,US
jbirddavis1970@gmail.com,US
gmwerenczuk@gmail.com,US
adamcarlsonrc@gmail.com,US
lyriclibra@gmail.com,US
comk4ver@gmail.com,US
stan4stockings@gmail.com,US
mwinstead1992@gmail.com,US
btr9559@gmail.com,US
arwoessner2099@gmail.com,US
tremblesb@gmail.com,US
cpshields@me.com,US
bryangargano5@gmail.com,US
sissynikkicd@gmail.com,US
pontutank@gmail.com,US
longpal7@gmail.com,US
johnjpatrick1066@gmail.com,US
anime3hero@gmail.com,IT
info.aldetalco@gmail.com,US
liam.cavene@gmail.com,FR
a.ramsawack@hotmail.com,US
urbanradiationart@gmail.com,US
cjjohnson519@gmail.com,US
wolfheart117@gmail.com,US
joshua.bragg3@gmail.com,US
rajender05062607@gmail.com,US
oraego.co@gmail.com,US
sissy.akcr@gmail.com,US
spenserscott.deardorff@gmail.com,US
tucker07corydon@gmail.com,US
bazoom2493@gmail.com,US
tucsun.remember030@passinbox.com,US
aresheart11@gmail.com,US
dragaba788@gmail.com,FR
randymitchell236@gmail.com,US
williammeines@gmail.com,US
zenithtar58@gmail.com,US
v.livnig@gmail.com,US
reader79234@gmail.com,US
atozxxxhai@gmail.com,US
samuelfabre218@gmail.com,US
kalvyntoutee88@gmail.com,FR
annaawie.hakim3@gmail.com,US
j37720673@gmail.com,US
cfudge@gmail.com,US
asherry2015@gmail.com,US
rdliggett@gmail.com,US
neo.alias.moi@hotmail.com,FR
tgymwya@yahoo.com,US
hgggp109@gmail.com,US
sully111798@gmail.com,US
staceyturner1125@gmail.com,US
michaeldenebimber@yahoo.com,US
nate000088@gmail.com,US
divinepunishment0806@gmail.com,US
johncastlewriter@gmail.com,US
christopherparker47@gmail.com,US
botkeykay@gmail.com,US
mekoroblox@gmail.com,US
thomas968@hotmail.com,US
bapbarp@gmail.com,US
nlbailey2906@gmail.com,US
tru23th@gmail.com,US
darkshaddoww@gmail.com,US
epitaphofbalance@gmail.com,US
nanmansy36@gmail.com,US
mountaindew1758@gmail.com,US
enzoenvii@gmail.com,US
alegiambe002@gmail.com,IT
bbmakel@gmail.com,US
darkfyre46@gmail.com,US
nclussman@gmail.com,US
domoyotory@gmail.com,US
parodius29@gmail.com,FR
jakemudd1997@gmail.com,US
roil_pley@mail.ru,US
hadleymiller09@gmail.com,US
sketchywampus@gmail.com,US
zombi3johnny@gmail.com,US
stephen.trnavsky@gmail.com,US
denzel.lightning@gmail.com,US
poubelleadressex@gmail.com,FR
hackimerde@gmail.com,FR
gameraffair@gmail.com,US
xjnxl667@gmail.com,US
kiera.scarlett1@yahoo.com,US
sk8kc123@gmail.com,US
marphi2021@gmail.com,US
asaiahyagreen@gmail.com,US
derricksoderberg@gmail.com,US
appelpaul36@gmail.com,FR
hronxxx1994@gmail.com,US
email.info@gmail.com,US
giuseppetedeschi2002@icloud.com,IT
newbmcfrag@gmail.com,US
djemaidjibril@gmail.com,FR
tahmfrahg@gmail.com,US
jimconners42@gmail.com,US
1kinkyfk@gmail.com,US
chanceomania@gmail.com,US
r0zzay@proton.me,US
koditomlinson@gmail.com,US
johnethiatye04@gmail.com,US
derrekb0043@gmail.com,US
nfinnwright@gmail.com,FR
johnlukepollock@gmail.com,US
austinbrantley710@icloud.com,US
noa.garret@gmail.com,FR
walsabim@gmail.com,FR
ceilphantomhive01@gmail.com,US
antwright2413@gmail.com,US
dasiancrain@gmail.com,US
potatopup2004@gmail.com,US
tbazesser@yahoo.com,US
cvcarta@proton.me,IT
dutymeister@gmail.com,US
adamrady@ymail.com,US
aureliamerolla2016@gmail.com,IT
sugarsam27@hotmail.com,US
creepypastagirls88@gmail.com,US
secretsquirrel82@gmail.com,US
romhenstein@gmail.com,FR
kafkaismither@gmail.com,US
loganwagner1225@gmail.com,US
dgarces123@gmail.com,US
francescopizzaro73@gmail.com,IT
maximusjr99@gmail.com,US
regions.melter_5s@icloud.com,US
nazar.garasumyk@gmail.com,IT
justin.mottier@gmail.com,FR
nchapman25@live.com,US
paulawesome70@gmail.com,US
celestiallegacy0@gmail.com,US
supamerio34@gmail.com,US
kboo20030@gmail.com,US
sirlimitless6969@gmail.com,US
ambrozewiczjacob@gmail.com,US
stream.wider_3q@icloud.com,US
harsha.sanush@gmail.com,US
d.vine683@gmail.com,US
zajaciknuz@gmail.com,US
deathdealerind.o.s@protonmail.com,US
jamccoy2003@gmail.com,US
rotmaxxingdogmeat@gmail.com,US
turnerchance54@gmail.com,US
phiamagic12@gmail.com,US
mdtigger42@aol.com,US
m.andre.krouk@gmail.com,FR
ochoamicael007@gmail.com,US
happyishgamer@outlook.com,US
krombopulousmike87@gmail.com,US
mrgrumch@protonmail.com,US
dayvon.scott06@gmail.com,US
empresskimberly69@gmail.com,US
fortnitegoldar2@gmail.com,US
usererror62@tutanota.com,US
mennathfarm1@gmail.com,US
calituchi@gmail.com,US
ryokofunpig@gmail.com,US
maxklein0411@gmail.com,US
nicholasdawson76@gmail.com,US
throwawayosrs2024@yahoo.com,US
roartonrotter@mail.ru,FR
zackatlas05@gmail.com,US
lotteheesen1110@gmail.com,FR
elizabethbuchannon28@yahoo.com,US
tylercandyai@gmail.com,US
ryanpicco4i@gmail.com,US
april210021@gmail.com,US
lostinyomi@gmail.com,US
aedogtheg@gmail.com,US
killerqueencosplay@gmail.com,US
seagram.ryan@gmail.com,US
hashtageuphoria@gmail.com,US
yearofconcerts@gmail.com,US
lngfltr880@msn.com,US
azrealacolyte@gmail.com,US
mhpp@ya.ru,FR
fajnyxd11.jpg@gmail.com,US
nessiefromtheloch@gmail.com,US
amicojack83@gmail.com,IT
ilyaturovskiy1505@gmail.com,US
dadromirad@gmail.com,US
thermonuclearpredator@gmail.com,US
arisagorpio@gmail.com,FR
shortpayton12@gmail.com,US
sexenoah@gmail.com,FR
weman569@gmail.com,US
honeyrain79@gmail.com,US
greatchocolatefurby@yahoo.com,US
dountdace55@gmail.com,US
alexw.03@outlook.com,US
alternativeacc1242@gmail.com,US
ejvjunkmail14@gmail.com,US
ebrodgers2001@gmail.com,US
ryan.jones115@gmail.com,US
pterodamir_milton@hotmail.fr,FR
rj.bull99@gmail.com,US
mr.goodgame.b01@gmail.com,US
pdevoy456@gmail.com,US
srikar_c@rediffmail.com,US
zachmarini6@gmail.com,US
moxi.melee@gmail.com,US
dennistristin@gmail.com,US
xyberviri@gmail.com,US
yourfriendlyneighborhoodsadist@gmail.com,US
joshuaabrissette@yahoo.com,US
ilovemymikey2015@gmail.com,US
gioco3000@gmail.com,IT
karahickman03@gmail.com,US
fredparadis1092@gmail.com,US
jimbo723@gmail.com,US
caffeina02@gmail.com,IT
jwilchinski34@icloud.com,US
hano83401@gmail.com,US
zacharywilliameller@gmail.com,US
kratos974@outlook.fr,FR
komodopolo4@gmail.com,US
krno5445@gmail.com,US
matpeg0101@gmail.com,IT
mwccam@gmail.com,US
christian_tillman16@icloud.com,US
schlattramz@gmail.com,US
jeromgilcher@gmail.com,US
jeromewhittle1@gmail.com,US
marmar9604@gmail.com,IT
battlestargalacticachampion@gmail.com,US
alexorestad@yahoo.com,US
cwisp2g@gmail.com,US
pyreaper@gmail.com,US
shoenhair@gmail.com,US
sithlord0021@gmail.com,US
tyracnious95@gmail.com,US
unexpected1245@gmail.com,US
jakobabc360@gmail.com,US
walrusteeth12@gmail.com,US
tannerduff12@gmail.com,US
jkmallard@protonmail.com,US
burnsmcgee@myyahoo.com,US
j9968531@gmail.com,US
coco_kebro@hotmail.fr,FR
lawrencejohnson@protonmail.com,US
aznotaryalicia@gmail.com,US
majordomo1997@gmail.com,US
kdashffxiv@gmail.com,US
steelfoxy@protonmail.com,US
taylor.knoepke.3@gmail.com,US
dino06123@hotmail.com,IT
moebius217@gmail.com,US
burneremail1199@proton.me,US
rrococo75@gmail.com,US
jonesgirlplays2400@gmail.com,US
phillipshayden32@gmail.com,US
squee.pilot@gmail.com,US
brodyborder@gmail.com,US
candycandysweetiesweetie@gmail.com,US
wolfy3765@gmail.com,US
mputnam2001@gmail.com,US
crohling88@gmail.com,US
flofloder@wanadoo.fr,FR
trashaccount10104@proton.me,US
kairi517@gmail.com,US
amazeingcollin@gmail.com,US
thechosenone808@live.com,US
minecraft7859@gmail.com,US
landonvanwoert@yahoo.com,US
shipmanx@gmail.com,US
alexiel25621@gmail.com,US
mileybns8@gmail.com,US
dojan6996@gmail.com,US
dimo6.97@gmail.com,IT
thestonegoliath@gmail.com,US
korolekneptichka@gmail.com,US
burichie@outlook.com,US
lostboi21822@gmail.com,US
charlie010204@gmail.com,US
lastinvergkarl@gmail.com,US
elijahtroxell1@gmail.com,US
abhixxx321@gmail.com,FR
samueltechfix@gmail.com,US
fighterplex@outlook.com,US
veryoldsmellyman@gmail.com,US
originalbob617@hotmail.com,US
ajthedancinfool@gmail.com,US
psychpsych101@gmail.com,US
loic_rocket@hotmail.fr,FR
ghostlegacyx@tvstar.com,US
arcane772@yahoo.com,US
iwhonsou@gmail.com,US
tolaseben@gmail.com,US
sonicking91@yahoo.com,US
fieldbbb12345@gmail.com,US
selivin.sergiq@gmail.com,US
pska5525@gmail.com,US
dysartzach@gmail.com,US
crossbiento@gmail.com,US
chan199878@gmail.com,US
issacdsauer5@gmail.com,US
anglina.gigi@gmail.com,US
warren.lefevre17@gmail.com,FR
terminwn@gmail.com,US
scorpious1109@gmail.com,US
master.danilo2017@yandex.ru,US
bethanyfr.2006@gmail.com,US
nevaehskiffington15@gmail.com,US
supersonicbest2@gmail.com,US
wetdog2u@gmail.com,US
daejonwilks@gmail.com,US
connorconroy@proton.me,FR
lishbone16@gmail.com,US
boopydoopybro@gmail.com,US
kokotanista_9@proton.me,FR
adrienjuif001@gmail.com,FR
concernedeagle24@yahoo.com,US
demonboy1929@gmail.com,US
olivercollinsthelost@gmail.com,US
didierjoseph561@gmail.com,FR
joebones727@gmail.com,US
stevenseilhan@gmail.com,US
beatrice.pacifico@gmail.com,IT
loganrushing280@gmail.com,US
sheehananditsfriend@gmail.com,US
mr.mcxr@gmail.com,US
jmiah1008@yahoo.com,US
liyewell1989@hotmail.com,US
papa50guerrero@gmail.com,US
presleyhuneycutt@icloud.com,US
dead.archange@gmail.com,FR
test2482@outlook.fr,FR
subtlevortices19@gmail.com,US
cbingham0205@gmail.com,US
5pawn02120@gmail.com,US
ethan.luecht@gmail.com,US
bellafarmer0706@gmail.com,US
lonelysoldiermi@gmail.com,US
rhysg1103@gmail.com,US
archos.uimi@cream.pink,US
tristan.selby00@gmail.com,US
bubbs22l2@gmail.com,US
syuveil713@gmail.com,US
wecanthrowitaway@gmail.com,US
herzlbem@gmail.com,US
mizu4931@gmail.com,US
theallsword.com@gmail.com,US
gh080520@gmail.com,US
parker.grundyhighschool@gmail.com,US
jimmylparker38@gmail.com,US
tickleursoles87@mail.com,US
dbzmusume@gmail.com,US
vincentroty3@gmail.com,FR
bdic977@gmail.com,US
aoiluna20@gmail.com,US
vincronheim@gmail.com,US
pinkpeep1984@gmail.com,US
volgost2@gmail.com,FR
suprnova37@gmail.com,US
catchingitwithcody@mail.com,US
00scuba1@gmail.com,US
bekah17joy@gmail.com,US
mynameisnotjennifer@gmail.com,US
blink1314x@gmail.com,US
mcburton@live.com,US
avaliforever@vk.com,FR
jasmine_h294@live.com,IT
cobaltbulldogs2@gmail.com,US
soloyologaming1@gmail.com,US
sissi104smarz@gmail.com,IT
1111155555email@gmail.com,US
alexrise999@gmail.com,US
vicentemendiola@icloud.com,US
captainbleezy.420@gmail.com,US
estebanamipokemongo1@gmail.com,FR
er.lozach@gmail.com,FR
greenbluekyle@gmail.com,US
xixing29@protonmail.com,US
nickgotch9090@gmail.com,US
8108the6108@gmail.com,US
ggggabe040404@gmail.com,US
troutendrew@gmail.com,US
mitsurumiyata@outlook.com,US
swedish.axe@gmail.com,US
kaitlynnsaucedo77@gmail.com,US
lindsayvic@icloud.com,US
hreagle@yahoo.com,US
wintertimelol43@gmail.com,US
smorg@myyahoo.com,US
rhe_76@live.fr,FR
leselix@web.de,FR
ukaliebe@proton.me,US
kitae.enanome93@gmail.com,US
snapbel1902@gmail.com,US
chueyicha@yahoo.com,US
michaelkaminski578@gmail.com,US
unooffone@gmail.com,US
sarrwatts@gmail.com,US
carbonyogurt@gmail.com,US
urbanoan92@gmail.com,US
marie-louisenicolas@hotmail.fr,FR
aomine55@proton.me,IT
zeke41d@gmail.com,US
denteddementia@hotmail.com,US
doolaalichiiyazhi@gmail.com,US
shankyship69@proton.me,US
jmersky00@gmail.com,US
redandreb22@gmail.com,US
araumi.13@gmail.com,US
moonypaste35@hotmail.com,US
slowhawk@protonmail.com,US
aknijn2@gmail.com,US
chasefury@gmail.com,US
erhardkj@gmail.com,US
ellisskyler016@gmail.com,US
zsnider001@gmail.com,US
rossbackup70@gmail.com,US
korviss@gmail.com,US
steesysuwangi@gmail.com,US
fuzyyfaye@gmail.com,FR
irishlassie1980@gmail.com,US
jonfaure87@gmail.com,FR
jazzjazz0523@gmail.com,US
alinatala823@gmail.com,US
ryanbean28@gmail.com,US
luca.migani1993@gmail.com,IT
dw952023@yahoo.com,US
sacroumbra@yahoo.com,US
ejfortuna@hotmail.com,US
kouloumanjanas@gmail.com,FR
phminehalo@gmail.com,US
spam32226@gmail.com,US
astormaks@gmail.com,FR
mcalisterj31804@gmail.com,US
andrewdewbre@yahoo.com,US
lostgirls333@gmail.com,US
simon_phd@proton.me,US
devenjw100@yahoo.com,US
omegazillax@gmail.com,US
trucker27@outlook.com,IT
phil.bellamy@proton.me,US
bigjohnstevens@yahoo.com,US
olerat.sl@gmail.com,FR
redcrossex@gmail.com,US
sharky182uk@googlemail.com,US
gabriefeiosobonito@gmail.com,US
baward2021@gmail.com,US
louise.gratien@gmail.com,FR
valkrom93@gmail.com,IT
drisabelle@msn.com,FR
tflorapper465@gmail.com,US
w5506258@gmail.com,US
thebizmo@protonmail.com,US
am4849505152@gmail.com,US
adameikleberry@gmail.com,US
chiricutagianina@gmail.com,IT
novurns@gmail.com,US
hanamakidumbass@gmail.com,US
yh841122055@gmail.com,US
torrentdemon12@protonmail.com,US
blscbro@gmail.com,US
masondm6@yahoo.com,US
thedoctorofwho3@gmail.com,US
bebop.poubelle15@gmail.com,FR
thenerdvanaexperience@gmail.com,US
lmao.ayy2018@yandex.ru,FR
truthkeeper101@gmail.com,US
jacksonrashworth@gmail.com,US
blr040303@gmail.com,US
exxobillair@gmail.com,US
derglue@proton.me,US
dazurion1@yahoo.com,US
skura806@gmail.com,FR
stinkychihuahua2@yahoo.com,US
lucasangelc170@gmail.com,US
koicollins957@gmail.com,US
alexmat1993@msn.com,FR
projekt5008@gmail.com,US
strikerdu25@hotmail.fr,FR
peaterza089@gmail.com,FR
jacetall31@gmail.com,US
jamarcka@gmail.com,IT
tomkvi@protonmail.com,US
snipeythesniperxz@gmail.com,US
cat.castleman@ymail.com,US
logancrocquey@gmail.com,FR
ozonevrideouz@gmail.com,US
dbpete@yahoo.com,US
hk5009791@gmail.com,US
tearlessclover@gmail.com,US
dominicguida4@gmail.com,US
rkamen014@gmail.com,IT
bernieburner27@proton.me,US
marie.the.mink03@gmail.com,US
mattgold45623@gmail.com,US
darknessegamer89@gmail.com,FR
jrswagbucks@yahoo.com,US
cassandragingerich@gmail.com,US
alphiewolf345@gmail.com,US
4ltbox@gmail.com,FR
dylanbretagne22@gmail.com,FR
progettoarea52@gmail.com,IT
adamjoel1479@gmail.com,US
solipsisticsquid@gmail.com,US
anthonyintucson2006@gmail.com,US
scpldgr@gmail.com,US
mdneva13@gmail.com,US
mazimmy037@gmail.com,US
seanpatterson@verizon.net,US
carroll.j.luke@gmail.com,US
hpdson@gmail.com,US
ducruy.baptiste@gmail.com,FR
atangbrony@gmail.com,US
onnapadidai@aol.com,FR
softexpo21@gmail.com,US
basic007007@proton.me,US
alexander.prytkov@icloud.com,US
xenization@protonmail.com,US
gudluc58@gmail.com,IT
rogue_gamble@live.com,US
mattcowboys0924@gmail.com,US
idrisslesah@yahoo.fr,FR
liridia@protonmail.com,IT
rcnenfrcer@gmail.com,US
animeweeb5655@gmail.com,US
psyconain@protonmail.com,FR
agtmayhem@gmail.com,US
bravecaptainj@gmail.com,US
jack22891.yt@gmail.com,US
brandonabbott629@gmail.com,US
texassnipers@yahoo.com,US
randommouse29@outlook.com,US
bloodiedcrow@protonmail.com,US
harlygirl913@gmail.com,US
mekanimates@gmail.com,US
frogpsyco@gmail.com,IT
vtrgto@yahoo.com,US
pmoujo29@gmail.com,FR
rjyoung7446@gmail.com,US
echoesmajin@gmail.com,FR
agenttoxin666@gmail.com,US
eric.stacey@icloud.com,US
rstandefer78@gmail.com,US
pirate29lol@gmail.com,FR
lbird6565@gmail.com,US
mbud7@yahoo.com,US
jdkarr@gmail.com,US
caleb.birchfield@yahoo.com,US
cheyenne.m.puckett@gmail.com,US
thebestcoffeebox@gmail.com,US
gamehawk6159@gmail.com,US
fenelady@yahoo.com,US
nelson.andrew89@gmail.com,US
vinniv.kurp@gmail.com,IT
misfitsmaniac5@gmail.com,US
xwolf.gamerx@icloud.com,US
daguilopez07@gmail.com,IT
belikovnikita17@gmail.com,IT
msval1399@gmail.com,US
chsdevlin@gmail.com,US
crystal.miller10133@gmail.com,US
iamhugotheduck@gmail.com,US
melservus@gmail.com,US
smores4867@gmail.com,US
nicitasosnovskih@yandex.ru,US
cringyteen@gmail.com,US
nekoragazza@gmail.com,US
kpetty8@gmail.com,US
davix56000@gmail.com,FR
amberckrause@gmail.com,US
wowtoxanis@gmail.com,US
ragandbones98@gmail.com,US
denizemircakar@gmail.com,IT
sassyroguehawke@gmail.com,US
bertrandlolsmurf@gmail.com,FR
nicholasforbes160@gmail.com,US
master4004321@gmail.com,US
barkerbenjamin026@gmail.com,US
destinydragonmilly@gmail.com,US
nathanmarchi18@gmail.com,FR
obeatty.ny@gmail.com,US
aelanes@yahoo.com,US
naveandnoskcaj@gmail.com,US
danilcirovov@gmail.com,US
moa63100@gmail.com,FR
90nicknation90@gmail.com,US
tlallenkittytla@gmail.com,US
asheratlakson@gmail.com,US
hibbardblake@yahoo.com,US
od3productions@gmail.com,US
dylancavazos02@gmail.com,US
vsanastasia@proton.me,US
lbpro1999@gmail.com,US
j.smith2007@yahoo.com,US
benjgames60@gmail.com,FR
deabs6589@gmail.com,US
yoohooo_2007@yahoo.com,FR
theodrouadaine@gmail.com,FR
boyliker6969@gmail.com,US
catsnpajamas2011@gmail.com,US
tandjgibson1943@gmail.com,US
jadenpaul1014@gmail.com,US
timetole@proton.me,US
bcypher63@gmail.com,US
mrod9497@gmail.com,US
billygoose25@gmail.com,US
groovybob1234@gmail.com,US
sjgel@protonmail.com,US
kilidaire@proton.me,US
stalinapoleon@gmail.com,FR
edp445hyu@outlook.com,US
glorillabobski@gmail.com,US
ba9996016@gmail.com,US
toddbays@yahoo.com,US
johnathanfetterman@gmail.com,US
maalfa604@gmail.com,US
siobdawn@gmail.com,US
weirdworld225@protonmail.com,US
jroth009@gmail.com,US
lorinf999@gmail.com,US
jth3119@gmail.com,US
jth3119@yahoo.com,US
billcrok5@gmail.com,US
leehime87@gmail.com,FR
bojapar@gmail.com,US
madelynerhodes4@gmail.com,US
chickenuggets33@icloud.com,US
jdplunkett89@gmail.com,US
amyjean.clinton@gmail.com,US
louisiana.lynn590@gmail.com,US
nate.c.lamb07@gmail.com,US
jakobastanfill@yahoo.com,US
macktest45@yahoo.com,US
thatguyuknow7@gmail.com,US
weebooo842@gmail.com,US
fatyeetontrump@gmail.com,US
lightningaibot@gmail.com,US
yongshinchee@outlook.com,US
manythings.shorttime@gmail.com,IT
millerba_98@yahoo.com,US
imamadkirby@gmail.com,US
graham.briant@gmail.com,US
nicolikesbutts@gmail.com,US
junkmailsupreme15@gmail.com,US
elliot_77@icloud.com,FR
erikgpt1998@gmail.com,IT
thefoxgunner@gmail.com,US
amusedskeeter@gmail.com,US
lkparliament@gmail.com,US
wombo88@msn.com,US
throwlazyaway1@gmail.com,US
cadegregg@gmail.com,US
thegamematthewjames2005@gmail.com,US
erenpattesries@gmail.com,FR
thecturtle001@gmail.com,US
dissocool1@gmail.com,US
cosmicbrownie145@gmail.com,US
jasminedowns2@gmail.com,US
walden707@yahoo.com,US
ousmanediallo0321@gmail.com,US
jonasernst2005@gmail.com,US
edgar.arana87@gmail.com,US
goldnathproduction@gmail.com,FR
16anull@gmail.com,US
deecowboy@proton.me,US
mtatsch03@gmail.com,US
tombone5150@gmail.com,US
jcon199595@gmail.com,US
battlebiskut@yahoo.com,US
mrsporty@verizon.net,US
randomfelic@gmail.com,US
meep7070707@gmail.com,US
emailacaso232@gmail.com,IT
daytonabreitenstein5@gmail.com,US
mr.creatorguy@gmail.com,US
alanwake12@proton.me,US
oainz591@gmail.com,US
quartamail1@gmail.com,IT
kevmur443355@gmail.com,US
stella.carmen00@gmail.com,IT
cacabouhmerde@gmail.com,FR
dgl.ese@yandex.ru,US
wallacemason18@gmail.com,US
erendris11@gmail.com,US
pinkunicorn62006@gmail.com,US
cadwae@gmail.com,US
melda.thecelegoth@gmail.com,US
dukerbk@protonmail.com,US
florent.morvan35470@outlook.com,FR
tatum.haney@yahoo.com,US
chas.edward11@gmail.com,US
jcarson.hou@gmail.com,US
bakki2102@gmail.com,IT
darren.webber.unc@gmail.com,US
shyjohney@gmail.com,US
tiktaalik6@gmail.com,US
pbaek2005@gmail.com,US
sleepy.lara.c@gmail.com,US
weremoose23@gmail.com,US
pavo6m6@gmail.com,US
fuzzybunnycarli@gmail.com,US
jason1tanner456smith@gmail.com,US
alphax@wanadoo.fr,FR
bowster2001@gmail.com,US
immergrun89@gmail.com,US
musicgod781@gmail.com,US
phelicx18@gmail.com,US
melcur0998@gmail.com,US
pa@grap-p.com,FR
skippy5439812@gmail.com,US
zyzyelis@gmail.com,FR
captainknuckies00@gmail.com,US
flexinggelik@gmail.com,FR
kennasdad73@yahoo.com,US
avery1196@icloud.com,US
ttismrt@gmail.com,US
yeahbob14@gmail.com,US
lmanonymous@proton.me,US
mlafleur130@gmail.com,US
veersisnoir@gmail.com,US
prestonreid197@gmail.com,US
escphr33k@gmail.com,US
sarahmccleans@mail.com,US
kamronrashid@hotmail.com,US
shoatan@gmail.com,FR
anohinanatala334@gmail.com,US
soacelover665@gmail.com,US
aizenklc1@outlook.com,FR
spooner00711@gmail.com,US
lost.people2500@gmail.com,FR
duck420360@outlook.com,US
leviathan5672@gmail.com,US
onechubbywitch@gmail.com,US
real.one.dtom@gmail.com,US
finnmechs@gmail.com,US
eric.may227@gmail.com,US
hhotard1234@gmail.com,US
wornick6969@gmail.com,US
jango3990@gmail.com,US
grimleona@gmail.com,FR
smithjames1312@gmail.com,US
colbyhillbeast@gmail.com,US
danieljkorus@gmail.com,US
m.west2008.mw14@gmail.com,US
theslayer8092@aol.com,US
kolefleetwood@yahoo.com,US
mdy2theend@gmail.com,US
theliquidfoxhound@gmail.com,US
jasoun@gmail.com,US
zachsketti@gmail.com,US
xgrtdxgamingx@gmail.com,US
michaelolivarez77@yahoo.com,US
dallastwister@gmail.com,US
izekskywalker@gmail.com,US
nonamenothing1028@gmail.com,US
a.miller47@myyahoo.com,US
derekwiley@outlook.com,US
jonbrims@gmail.com,US
evrodz11@gmail.com,US
maurice.c.spicer.92@gmail.com,US
nathaniellee2000@yahoo.com,US
dontbothermepleasethankyou@gmail.com,US
madisonlindenmuth910@gmail.com,US
holtsprinzess@yahoo.com,US
mantovani.dav@gmail.com,IT
dilloncraig8095@gmail.com,US
chriskovellam@gmail.com,US
dtuttle8005@icloud.com,US
cainstephend@gmail.com,US
samcm262@gmail.com,US
surgeaec@proton.me,US
incredibleh@smart.ms,FR
michaelprodo3hl@gmail.com,US
x_jeremy@rocketmail.com,US
sylphtok@proton.me,FR
gbp160@gmail.com,US
valeros3000@gmail.com,FR
jb67268@gmail.com,US
joejoe50790@gmail.com,US
samusaran240@gmail.com,US
faeryofavalon@gmail.com,US
kristastt@gmail.com,US
uyoban.2000@mail.ru,US
isaachbarham@gmail.com,US
drusse1l@yahoo.com,US
mythic_savior@yahoo.com,US
livingdead0544@gmail.com,US
jxioemszf7@proton.me,US
machomachote16@gmail.com,US
vanheldenorlando@gmail.com,US
davisontyler912@gmail.com,US
rayfry123@gmail.com,US
whyingatorp@gmail.com,FR
sampkin0166@gmail.com,US
macbeth1576@gmail.com,US
richardaustinalmond2018@gmail.com,US
michaeladams939@gmail.com,US
dipper27072004@mail.ru,US
perrywatson123@hotmail.com,US
apuen006@fiu.edu,US
keisirine@gmail.com,US
amonblackrose@gmail.com,US
jwar0574@gmail.com,US
willprichard13@gmail.com,US
zelldinch87@gmail.com,IT
daisy11392@gmail.com,US
electricflame330@gmail.com,US
loeunnolan@hotmail.com,US
ggwind94@gmail.com,US
ajaycullen261@gmail.com,US
emilygeorge874@gmail.com,US
nicholasbishop76@gmail.com,US
tntmaker3.0@gmail.com,US
chrispoole03@gmail.com,US
0oiiz5td@protonmail.com,US
wholesomegoodthoughts@gmail.com,US
jacksonscott365@gmail.com,US
emily.dunham2976@gmail.com,US
glowingkerbal@gmail.com,US
michailbegay1@gmail.com,US
freddyfazbearcool8@gmail.com,US
fedor76767@gmail.com,US
tbonezom@gmail.com,US
jacobhemp0@gmail.com,US
michael.nasuti@gmail.com,US
poveloverlord@gmail.com,FR
kiuty19@gmail.com,US
taccoland212@gmail.com,US
taylorleverton2@hotmail.com,US
jerriettles@gmail.com,US
nicolasnonsarkozy@gmail.com,FR
goatdaman856@gmail.com,US
tje_az@mail.com,US
girthquake9402@gmail.com,US
thuti.tchang@gmail.com,FR
mauriciocastrobarrera@gmail.com,US
woogiemaster2@gmail.com,US
greenparadise420@yahoo.com,US
claytonclark3315@gmail.com,US
ddyd512@gmail.com,US
2549769603@qq.com,FR
francois.hastir@live.ca,FR
sethbright@protonmail.com,US
johnnyegbert96@gmail.com,US
linzywurster@gmail.com,US
bluecedar7@protonmail.com,US
mathieuvideau5@gmail.com,FR
sivey@protonmail.com,US
nomar.gallegos117@gmail.com,US
grimangel95@gmail.com,US
malexericson@gmail.com,US
bbassett379@gmail.com,US
trojan7399@proton.me,US
codyaaron2025@gmail.com,US
morehead2019@gmail.com,US
lonely.black.wolf22@gmail.com,US
canaslupus@protonmail.com,US
happy.robot.kills.humans@gmail.com,US
boomcaden614@gmail.com,US
ericlorio@outlook.com,US
kalebboeh0@gmail.com,US
hexenfrass@gmail.com,US
loganfackler@gmail.com,US
aramiswolf01@gmail.com,IT
wolfgirlthatlikescookies@gmail.com,US
mrmagee6@gmail.com,US
john123456789johnjohn@mailinator.com,US
jamesjeux007@hotmail.com,FR
sosa072707@gmail.com,US
alacronix@gmail.com,US
whatthefhappenedtome@gmail.com,FR
matawab872@gmail.com,US
xaru1976@gmail.com,US
kodipup3@gmail.com,US
thegreatdustinjames@yahoo.com,US
mooninite31415@gmail.com,US
quarththefifth@gmail.com,US
rigleen15@gmail.com,US
paralysisc@gmail.com,US
sercher68@aol.com,US
allinqaa@gmail.com,US
emy.chocolatine@gmail.com,FR
tthundrag@yahoo.com,US
gnomowebcam@gmail.com,IT
coolvettees@gmail.com,US
noadeadpoolarmy@gmail.com,US
bowowzow@proton.me,US
augiedaddy39132123@gmail.com,US
kassmeyer13@gmail.com,US
jgloss913@gmail.com,US
bboop1857@gmail.com,US
connormbarriere@gmail.com,US
mcole532@outlook.com,US
christopherbranam2000@yahoo.com,US
schrudderl@gmail.com,US
ctmongaraz@gmail.com,US
worldpeacewolves84@gmail.com,US
exomonster420@gmail.com,US
humphrey33657@gmail.com,US
unknown6734@proton.me,US
jrsullivan1869@gmail.com,US
aidencolic0125@gmail.com,US
phamjames88@gmail.com,US
k13m4200@gmail.com,US
bts.v.cana.noiz@gmail.com,FR
pwydeku69@gmail.com,US
g.galletta12@gmail.com,US
natalie.clifton7@gmail.com,US
paradoxytreal@gmail.com,US
fedor.vinogradov.2002@mail.ru,US
thelagomorphologist@gmail.com,US
99ommarsierra@gmail.com,US
tlplmauomn@gmail.com,US
petitcancrelat@gmail.com,FR
nick.left.for@gmail.com,US
zjohnston8828@gmail.com,US
goncarovvitalij60@gmail.com,FR
thatsuitguyjake@gmail.com,FR
matthegamer1@gmail.com,US
mace3792@gmail.com,US
tylr303@gmail.com,US
lacerna.nebulae@gmail.com,US
cummail987654321@gmail.com,US
41topqanzai123@gmail.com,US
tjthebeaser@gmail.com,US
peachsynth@gmail.com,US
jimihendrix2692@yahoo.com,US
kouzthegreat@gmail.com,US
fabianfan16@gmail.com,US
setzer231@gmail.com,US
gawrilin.nikolai@gmail.com,FR
msbrshlma@protonmail.com,US
whateverstoryai@gmail.com,FR
aconcretemoth@gmail.com,US
morrisonallie478@gmail.com,US
willgrahamhannibalxoxo@gmail.com,US
kryates0216@gmail.com,US
jsncanty@gmail.com,US
julienshoemaker@ymail.com,US
horizongamer8998@outlook.com,US
rhileyshannon@gmail.com,US
eb91693@gmail.com,US
kurtislyles1414@gmail.com,US
apache11699@gmail.com,US
daveherren0629@gmail.com,US
hawken889@gmail.com,US
vajsvint9@gmail.com,FR
justin.welsh@gmail.com,US
bobbytee133@gmail.com,US
jordandunwoody@yahoo.com,US
applepie0111@proton.me,US
vidis8888@gmail.com,US
shredstokoyamo@gmail.com,US
jaeadwin@gmail.com,US
sammuls57@gmail.com,FR
chrisp0803@gmail.com,US
sufferingeternalxo@gmail.com,US
dashka10.11.01@gmail.com,FR
nekomarty23@gmail.com,US
williamsonj203@gmail.com,US
khollewa@gmail.com,US
bradysgaming1999@gmail.com,US
dudenowayjk@gmail.com,US
piranha_undo20@icloud.com,US
royboy101495@gmail.com,US
sharingreflective@proton.me,US
tezzykimball20@gmail.com,US
spoutnik572@gmail.com,FR
asuka.langley.medkorpus@gmail.com,FR
liliumcross@gmail.com,US
owensalex740@gmail.com,US
riotzgear@gmail.com,US
ippasu.atero@gmail.com,US
clovermoon27@yahoo.com,US
sxintsage@gmail.com,US
bjd3wane@gmail.com,US
autobotdinomirage@gmail.com,US
dancinzombie1486@gmail.com,US
frank@discoverywebs.com,US
thundercats640@gmail.com,US
horacehowzer99@protonmail.com,US
onlyvans32q@gmail.com,US
tracywalkerbest21@gmail.com,US
michealmcbride07@gmail.com,US
tarekalkhalifah@gmail.com,IT
jmccullen@gmail.com,US
mxthrln@gmail.com,FR
lazyclownproductions@gmail.com,US
leslaffet@gmail.com,FR
iansfannings@gmail.com,US
johnnykarate33@yahoo.com,US
tbridger1995@yahoo.com,US
johnmets1986@gmail.com,US
alessiochessa90@gmail.com,IT
halfboxy@gmail.com,US
thedarkness8955@gmail.com,US
cshumpert32@gmail.com,US
jaibird6@gmail.com,US
justanotherdeadauthor@gmail.com,US
ethan.coombs128@gmail.com,US
ilavorobev26735@gmail.com,US
bmph59@pm.me,US
dragon6ice@gmail.com,US
daveyboybubble@gmail.com,US
angelinaedge@gmail.com,US
lynette042905@gmail.com,US
test4chat@yahoo.com,US
katrinaforrest1992@gmail.com,US
bfernandes022@gmail.com,US
johnlegendario@myyahoo.com,US
tdy56@yahoo.com,US
carelesslovely134@gmail.com,US
drake.d.ribeiro@gmail.com,FR
wolframluehr@gmail.com,IT
dbz123tina@gmail.com,US
ravenhakubi@gmail.com,US
floofycactus1516@gmail.com,US
rowdycranmer@gmail.com,US
sinva.xa@gmail.com,US
cdozier44@outlook.com,US
r_wap@hotmail.com,FR
kilana61@hotmail.com,US
donguesnbuttes@gmail.com,US
kota4amaz@gmail.com,US
travisbfly@gmail.com,US
alexis_zukaku@hotmail.com,US
brooklyndarkdragon@gmail.com,US
milochoiredouko@gmail.com,FR
drowninghuman@gmail.com,US
horplin@gmail.com,US
grominable2002@gmail.com,FR
rejeecting@outlook.com,FR
tristansizemore6@gmail.com,US
jevaxserper@aol.com,US
manon.teyss@proton.me,FR
nicetry@mailinator.com,US
furryb0is69r34@gmail.com,US
thisisuberbad@gmail.com,US
mwrycza12@gmail.com,US
davidplechod@gmail.com,US
fintelecon@gmail.com,US
toongoonforlife@gmail.com,US
jxjimen91@gmail.com,US
aronwashburn@gmail.com,US
oyos91000@proton.me,FR
magical.girl.loveshine@gmail.com,US
sergi99971@gmail.com,US
marsdestroyer2004@gmail.com,US
millennialmachinist@gmail.com,US
joker1990165@gmail.com,US
themaskedbaka@gmail.com,US
ignatovamilana03@gmail.com,US
aidenjnoble@gmail.com,US
klamber2122@gmail.com,US
kelciesmartin@gmail.com,US
ron.jermey95@yahoo.com,US
ludovic.renaudin.75@gmail.com,FR
clcole329528@gmail.com,US
niodman123@yahoo.com,US
adamchakd@gmail.com,US
royse.miller@gmail.com,US
ihatekids107777@gmail.com,US
irishinpv@protonmail.com,US
spicy@mehdi-mails.fr,FR
justintylerreed8700@gmail.com,US
serahhrose@gmail.com,US
a.klaplin@gmail.com,US
brandhunter12@gmail.com,US
ahmed77najih@gmail.com,US
climare74@gmail.com,FR
danielle07112001@gmail.com,US
crossjack146@gmail.com,US
wijchja404@proton.me,FR
magspokemon@gmail.com,US
katyamedvedieva22@gmail.com,IT
marthur3@outlook.com,US
this.is.bullcrap01020304@gmail.com,US
trevorgrady04@gmail.com,US
cbandkg@yahoo.com,US
herpfreaks@gmail.com,US
jens_balze@hotmail.de,US
supergamer_73@hotmail.com,US
sunsoviet@yahoo.com.tw,US
zaragozadominique@gmail.com,US
visionofhope15@gmail.com,US
dariotomaello@gmail.com,IT
alicahitgizer@yandex.com,US
khan.kirov@gmail.com,US
kiyasita123@outlook.com,US
lehmanbj01@gmail.com,US
files.gamers@gmail.com,FR
ggreen3700413@gmail.com,US
jordenhun17@gmail.com,FR
tonypathammavong.usw@gmail.com,US
lilithfitz18@gmail.com,US
matteoorefice14@gmail.com,IT
michalraymartin341@gmail.com,US
shadowthefallenangel12@gmail.com,US
dominicxdiamond@gmail.com,US
damianotero66@yahoo.com,US
cluttermonkey911@gmail.com,US
slimeman69420@gmail.com,US
mccleanss@mail.com,US
glasseyesss@protonmail.com,US
keanianeki@gmail.com,US
throwaway92580164@gmail.com,US
maurhdan@gmail.com,FR
lunagamer4532@gmail.com,US
prankytank@gmail.com,US
im7karina@gmail.com,US
runningroadss@gmail.com,US
kennedy6858@gmail.com,US
hoperockshere@gmail.com,US
blackhatfreak@gmail.com,US
evanjumpx95@gmail.com,US
gavkin007@gmail.com,US
zyalchemy9@gmail.com,US
amitarybaggy01@gmail.com,FR
zammitostephen@gmail.com,US
charlesdantejedi@gmail.com,FR
greggory.r.schwartz@gmail.com,US
t4838464@gmail.com,US
percysearles@yahoo.com,US
ionstormeastep@gmail.com,US
garrettdhousley@icloud.com,US
airsoftknight12@gmail.com,US
connorrichards82704@gmail.com,US
jscott7561@gmail.com,US
martinsolumide13@gmail.com,US
mousabin@gmail.com,FR
kristin.west2@gmail.com,US
fabfr3@gmail.com,FR
zanedarklord123@gmail.com,US
atreynolds92@hotmail.com,US
gerritdodd@gmail.com,US
joshnelson1011@gmail.com,US
soft.jaehyeong@gmail.com,US
chistopher.howard@gmail.com,US
hallowedhusk420@gmail.com,US
naffy37@proton.me,US
whosline07@yahoo.com,US
calidude777@proton.me,US
loikluuff@gmail.com,US
joshualy13@gmail.com,US
alexisblank11@pm.me,FR
komradkondraty@gmail.com,FR
daniele.zambon2001@gmail.com,IT
downwithpenguins@yahoo.com,US
oz.skating147@passinbox.com,US
chtichat59@gmail.com,FR
hammyalternate@gmail.com,US
codebreakertwoface@gmail.com,US
ld.lunamtz@gmail.com,FR
phonobos@gmail.com,US
katmullinax91@gmail.com,US
welpkang@gmail.com,US
vanuytsel_kris@hotmail.com,FR
nicholaswmnelson@gmail.com,US
kairi.sanjo6@gmail.com,FR
canalapute@gmail.com,FR
psycatch@gmail.com,FR
yukonjack1010@gmail.com,US
shadesblood92@gmail.com,US
madame.manon.bdsm@gmail.com,FR
jnwthegamer@gmail.com,US
cbrock0074@gmail.com,US
theqisreal@gmail.com,US
gameric17@gmail.com,IT
5urpr153dump@proton.me,US
dkelleman895@gmail.com,US
williebaka123@gmail.com,US
ntnorton72@gmail.com,US
matteolimare76@gmail.com,FR
drdick@mail.com,US
both636439@gmail.com,US
azazelmaster64150@gmail.com,FR
daveisland1856@gmail.com,US
aaronrogers113@gmail.com,US
thomas.issartel.ti@gmail.com,FR
friescot@gmail.com,US
zenozeref26@gmail.com,US
ah5111095@yahoo.com,US
d3athnite952@gmail.com,US
witchdoctor928@gmail.com,US
kel_1991@list.ru,FR
notmymainaccount1@protonmail.com,US
geraldbart66@gmail.com,US
noahglepe@icloud.com,US
smith.robert7648@gmail.com,US
platniumogglo@gmail.com,US
justonce1266@yahoo.com,US
lotion.whammy-0i@icloud.com,US
isaaclon300@gmail.com,US
yomarmrodiguezz@gmail.com,US
1964.kobrakai@gmail.com,US
wfmatiox77@gmail.com,FR
danteoofme@gmail.com,US
clubs.and.spades5000@gmail.com,US
artorias.marche.abysse@gmail.com,FR
sethdvanderhoef@gmail.com,US
23zebrafish@gmail.com,US
solusvonsoul@gmail.com,US
roofie.starz@gmail.com,US
arystanbekov68@gmail.com,US
unassuminganne@gmail.com,US
bibbles325@gmail.com,US
freshdragoon89@gmail.com,US
vanakis1408@gmail.com,US
dannyb192004@gmail.com,US
no.no@myyahoo.com,US
99flamingnachos@gmail.com,US
antani.prod@gmail.com,IT
gmix764@gmail.com,US
dave.ranger.1992@gmail.com,US
bencoher@gmail.com,FR
too.vvvv@mail.ru,US
bjneve3@gmail.com,US
seancheramie@gmail.com,US
paytonthompson017@gmail.com,US
jbjondeau@gmail.com,IT
ghostmalonespartymansion@gmail.hz,US
nathanje904@gmail.com,US
bobcena691738@gmail.com,US
amarino59200@gmail.com,FR
tyvinsmith16@gmail.com,US
themixedhybrid@gmail.com,US
marclaca302@gmail.com,US
chloeshae1223@gmail.com,US
wetman66789@gmail.com,US
cebaldwin1022@gmail.com,US
ricardopituski@hotmail.com,US
jaycewalton0@gmail.com,US
golwenn.pradal44@gmail.com,FR
pipboy4280@gmail.com,US
sosmember42@gmail.com,FR
thefortniteai@gmail.com,US
joemacks@proton.me,US
nvxa@outlook.fr,FR
chatbotfun12@gmail.com,US
unknownperson5584@proton.me,US
chancey.travis12212@gmail.com,US
zoidburg05@gmail.com,US
thatbawssplayr@gmail.com,US
chap.the.great@gmail.com,US
jimmynotalive@gmail.com,US
cleancoatutah@gmail.com,US
dan1010c@gmail.com,US
bakuboom@yandex.ru,IT
sticcybandits210@icloud.com,US
mrsmariyavasileva0303@gmail.com,FR
donmalvito@yahoo.com,US
smokeyallison@protonmail.com,US
drmister41@gmail.com,US
w2292813448@gmail.com,US
imy0urmum2000@gmail.com,US
sortoadriel769@gmail.com,US
maximussenecal@gmail.com,US
kylieinglis97@gmail.com,US
havahotbab@yahoo.com,US
radittarius@gmail.com,US
nemyckina.m@gmail.com,US
jonshillz@gmail.com,US
sagespam53@gmail.com,US
andrew101687@gmail.com,US
robertpowellv.t.g@gmail.com,US
blisi426@gmail.com,US
fortyuyao@gmail.com,US
manglethefoxbnha@gmail.com,US
jleyva2570@gmail.com,US
0070162983k@gmail.com,US
ellenwanngg520@gmail.com,US
jandeqboys@gmail.com,US
kingkoopabowser19@gmail.com,US
random00202@mail.com,US
jhedger12741@gmail.com,US
julianconde0412@gmail.com,US
wytcherblood@gmail.com,US
rmarshallbaillie5@gmail.com,US
noonenothing50@gmail.com,US
foxxdeslauriers@gmail.com,US
wizcalisha89@gmail.com,US
tiquavyunvinson528@gmail.com,US
zedinar@gmail.com,US
purpleman1016@gmail.com,US
kalel369@proton.me,US
moze965@gmail.com,FR
orhiley90@yahoo.com,US
squid.killer300@gmail.com,US
isabellawelliver@gmail.com,US
aleccdcollins@gmail.com,US
lpsaschaft@gmail.com,US
clintcollins23@gmail.com,US
animatedexplosion@outlook.com,US
incompletemadafaka@gmail.com,FR
bilitydawoda21@gmail.com,US
tylerwilliams12002@gmail.com,US
gsmith112001@gmail.com,US
afton2022@gmail.com,US
booperinoborb@gmail.com,US
kdstempting@gmail.com,IT
mikesmith5770@gmail.com,US
jordan.schiel@yahoo.com,US
sasha.ramire@yahoo.com,FR
stardestroyer105@gmail.com,US
a_princivalle@libero.it,IT
bmxisme@gmail.com,US
igothoescallin69@gmail.com,US
4usflooring@gmail.com,US
madangie1.md@gmail.com,US
sliperyslime218@gmail.com,US
horse.induced.delirium.2002@gmail.com,US
jherman551@gmail.com,US
cottrellm91@gmail.com,US
paigemikell2@gmail.com,US
jardex22@gmail.com,US
nopporn.wongrassamee@yahoo.com,US
zroberts20@gmail.com,US
camer0njc@mail.com,US
james_ar_clarke@hotmail.com,FR
luisneauchary@gmail.com,FR
mckeanalex980@gmail.com,US
shay.after.darkx@gmail.com,US
richter1bel@proton.me,US
andrewpotier6@gmail.com,US
shorqbumba@gmail.com,US
kawaiistar24@gmail.com,US
deepwang2024@gmail.com,US
pinuzzo611@gmail.com,IT
rex537901@gmail.com,US
silver.bolt.wolf@gmail.com,US
mikoparkinson@proton.me,US
dramolcan@yahoo.com,US
piluigipiluigi81@gmail.com,IT
camille44cat@gmail.com,FR
awg429@gmail.com,US
snakebite428@gmail.com,US
tongarism@gmail.com,US
kdmoore2604@gmail.com,US
bobbyboyyy91@gmail.com,US
stalker-vanhelsing@yandex.ru,US
jancanbanbran@gmail.com,US
jamiedanhamlin@icloud.com,US
mattmatt34090@gmail.com,FR
pinchasertb@proton.me,US
maxus6904@gmail.com,FR
vrives21@gmail.com,FR
bflyforever69@gmail.com,US
darkassassin927@gmail.com,US
fazegamer254@outlook.com,US
abbi7617@outlook.com,US
mspecs8008@proton.me,US
odinraz89@bk.ru,US
epicpanicdown@yahoo.com,US
raulthechef1988@gmail.com,US
screwyouover9000@gmail.com,US
dravenbihari1@gmail.com,US
awgtv123@gmail.com,US
space38557@gmail.com,FR
carey15jordan@gmail.com,US
creedyoung98@gmail.com,US
scrapatom@gmail.com,US
temich4444@mail.ru,IT
iosnicoib+sc@gmail.com,IT
nkruger8820@gmail.com,US
milo.ragnini26@gmail.com,IT
okanemesis@gmail.com,FR
mbarkmlfy97@gmail.com,US
dracon112284@yahoo.com,US
jamesmulford5458@gmail.com,US
borgshipenterprises@gmail.com,US
gilbert_r@myyahoo.com,US
matthewstearns11@yahoo.com,US
thomasruddick6@gmail.com,US
ghadd117@gmail.com,US
volkr316@gmail.com,US
ksniffteacher@gmail.com,US
kountrykattyt@gmail.com,US
ecj22344@gmail.com,US
un0r1g1n4l@yahoo.com,US
ahsanc451@gmail.com,US
michaelrubey@gmail.com,US
kcchiefs291015@gmail.com,US
nahyae97@gmail.com,US
erin.murphy9003@gmail.com,IT
jamaplamer@gmail.com,US
princecraden@gmail.com,US
dadarob1999@gmail.com,US
antontill@outlook.de,FR
julio.lopez1996@yahoo.com,US
harukasethis@gmail.com,US
artsmart4824@gmail.com,US
ju11n_d1v1d3r@protonmail.com,US
dja20042@gmail.com,US
screamthefallen@gmail.com,US
jurisladyanna@gmail.com,US
techgnome22@gmail.com,US
boushh99@gmail.com,US
ariaaaida@gmail.com,US
davidoff82@hotmail.com,FR
b2ltechservices@gmail.com,US
yeti656565@proton.me,US
comacomacoma123@outlook.com,US
jaymcnaul@gmail.com,US
powmowman@gmail.com,US
awindytree@gmail.com,US
steven_dlc@hotmail.com,FR
spokengood65@gmail.com,US
tcolson98@gmail.com,US
mightywarhen96@gmail.com,US
d7oomycanad@gmail.com,US
danielbubba51@gmail.com,US
faithscarborough00@gmail.com,US
mexican4656@gmail.com,US
eljojospro28@gmail.com,US
mrfacker214@gmail.com,US
cman0627@gmail.com,US
superpoopinater@gmail.com,US
amazingguy6669@gmail.com,US
mjolnir685@gmail.com,US
studentclaude@gmail.com,FR
snasta211@gmail.com,US
teamacornbm17@gmail.com,US
jacksjohn1@gmail.com,US
dlangford0101@gmail.com,US
tatechambers101@yahoo.com,US
gunface029@gmail.com,US
rushound96@gmail.com,US
mythmancer@gmail.com,US
sigdelyph@proton.me,US
datboiihyper92@gmail.com,US
ansclone5@gmail.com,US
cerfgregory2@gmail.com,FR
dlane@internet.ru,US
uselessdisposal@yahoo.com,US
sonicfan@bellsouth.net,US
dangleeballs777@gmail.com,US
ricegabriel52@gmail.com,US
wioland@hotmail.fr,FR
sobolevaa637@gmail.com,FR
jacobisbest5553@gmail.com,US
iloveroblox201006@gmail.com,US
cjzach2474@gmail.com,US
lotta.destler@gmail.com,US
chewietripps.420@gmail.com,US
colten.akira@gmail.com,US
knightmare19905@gmail.com,US
alyssapendletontotalrest@gmail.com,US
christopher.hburgin@gmail.com,US
t994790@gmail.com,US
2001brandl@gmail.com,US
shun39002@gmail.com,FR
mariostornione@gmail.com,IT
caydibug2019@gmail.com,US
r35219579@gmail.com,US
clues.bird_0a@icloud.com,US
parksrec18@gmail.com,US
arsenykovalevskiy@gmail.com,FR
nikolausscales@gmail.com,US
mmccowen1@gmail.com,US
weddeljosh@gmail.com,US
gabehooper723@gmail.com,US
afiffick@sbcglobal.net,US
jcallstar19@gmail.com,US
aiaiaiabc@outlook.fr,FR
01trashgone@gmail.com,US
bpj607@gmail.com,US
ouda2011@live.fr,FR
devinsmith04172007@gmail.com,US
legendskylar@aol.com,US
darkfireslide@gmail.com,US
tylermolander@gmail.com,US
shaunhtaylor1@gmail.com,US
corruptedsubscriber@gmail.com,US
zeksfortnitebot@gmail.com,US
paulbubba9@gmail.com,US
fpettez@gmail.com,IT
allenrroach@gmail.com,US
zaharbadin6@gmail.com,US
soulstce000@gmail.com,US
ktgamer117@gmail.com,US
bellerhugo@gmail.com,US
kurobos@protonmail.com,US
dysthesiia@gmail.com,US
pride.tankdeath@gmail.com,FR
ramzabeoulve123@gmail.com,US
cluod1@yahoo.com,US
broisflabbergasted@proton.me,FR
ssm1970@proton.me,US
kevlarnnn@gmail.com,FR
wondrrboy@gmail.com,US
creativebeardgraphics@gmail.com,IT
w95720543@gmail.com,US
asdfguy@protonmail.com,US
minchiababo@gmail.com,IT
anegron23056@icloud.com,US
outlook51423@gmail.com,US
ngareriwr@gmail.com,US
russellhalperin@yahoo.com,US
dylan.x.segui@gmail.com,US
ttig30@yahoo.com,US
bkdawe@gmail.com,US
carving_august566@simplelogin.com,US
zakattackxx@gmail.com,US
cshea690@gmail.com,US
jaedenrlc3@gmail.com,US
davijavi41@gmail.com,US
sennakaal@gmail.com,US
wilde.acr@gmail.com,FR
albertalejo88@gmail.com,US
ausi98122@outlook.com,US
sailorwesley45@gmail.com,US
keanucnash.863@gmail.com,US
jasper.owens11@gmail.com,US
nekaemris@gmail.com,US
mustangsteelers48@gmail.com,US
jacobtrunm@gmail.com,US
thewakawakaking@gmail.com,US
jsloan_940@yahoo.com,US
schallb96@yahoo.com,US
loka1999s@gmail.com,US
ks00ks@yahoo.com,US
heavywinter1123@gmail.com,US
ghoulishthings13@gmail.com,US
amber.holloway2001@hotmail.com,US
florian.meinigg@bluemail.ch,IT
killjoy2799@gmail.com,US
david.pena369@gmail.com,US
hakirchinger@gmail.com,US
ispider714@gmail.com,US
nic312v@gmail.com,US
antoniostreet398@gmail.com,US
floppyjack89@gmail.com,US
darksun4567654@gmail.com,IT
t.tanne29@gmail.com,FR
cryan42@protonmail.com,US
jclower96@gmail.com,US
leebeared@gmail.com,US
flivilish@yahoo.com,US
cad.sk27@gmail.com,US
jessica.howard1671@gmail.com,US
tedbunfire@gmail.com,US
atomik210@gmail.com,US
idyoungbull@yahoo.com,US
tylerjameshouston@yahoo.com,US
modnar2@proton.me,US
elder.krauss@gmail.com,US
joshuapotter86@gmail.com,US
abbigaile.brewster@gmail.com,US
laststrawoutlaw@gmail.com,US
sadie._.woof@icloud.com,US
dimitrilongbottom@gmail.com,US
barbaricbeef@gmail.com,US
mrvermin22@gmail.com,US
viceframe@gmail.com,US
noperoonies@outlook.com,US
dnvonders@hotmail.com,US
jreduardoc@gmail.com,US
markroblox98772@gmail.com,US
squirrelshoppingtime@gmail.com,US
ezgram01@gmail.com,US
sherrill.keith@gmail.com,US
tomwow71@gmail.com,FR
samanthahicks688@gmail.com,US
zackjamesalf11@gmail.com,US
tuckqer@gmail.com,US
alexarrowood498@gmail.con,US
fullyblackout03@gmail.com,US
alexarrowood498@gmail.com,US
agcaoiliclarencejacob@gmail.com,US
wykkyd2022@gmail.com,US
falkvry@gmail.com,US
exeprogame.misha@gmail.com,US
syringcara@gmail.com,US
zachjay3242@gmail.com,US
hentai91000@gmail.com,FR
sexaddict45@gmail.com,US
dzjr569@gmail.com,US
alexmatt0303@gmail.com,US
achausovv@gmail.com,US
jamjamjarii@gmail.com,US
nhupress10@hotmail.com,US
kizleral@gmail.com,US
tylergile27@gmail.com,US
biondosauro@gmail.com,IT
myplaystation07@gmail.com,US
dawson52843@gmail.com,US
ouzts318osrs@gmail.com,US
insidefurry@proton.me,US
glorydaysdie3@gmail.com,US
guillotchi16@gmail.com,FR
joshtransom@gmail.com,US
ramquintero@proton.me,US
joegatto5318008@gmail.com,US
semajcmendez@gmail.com,US
itsmichaelkanne@gmail.com,US
ciscolad54321@gmail.com,US
mayveytrucker@gmail.com,US
visciania@gmail.com,US
celticdragon9955@gmail.com,US
n7hxewz6@anonaddy.me,US
abijah.nez@gmail.com,US
leonidadoll@gmail.com,IT
gregkammerer@gmail.com,US
k05n1p3dk0@gmail.com,US
aytu2002@gmail.com,IT
pandamancb12@gmail.com,US
nyd23@protonmail.com,US
slowmorty@gmail.com,FR
blauseast@gmail.com,US
farenheitwd@gmail.com,US
magnus49170@sudomail.com,US
bidule7894561230@gmail.com,FR
wesallen1569@gmail.com,US
ravishagirl1@gmail.com,US
farcity46@proton.me,US
dentalfrontguy@gmail.com,US
simonturner138@gmail.com,US
morrowdavid1717@gmail.com,US
jagk2009@gmail.com,US
colton_d@outlook.com,US
megasamehung@gmail.com,US
biggest.of.the.hearts@gmail.com,US
mikeme_4321@hotmail.com,US
juanthexc@gmail.com,US
malazan1763@gmail.com,US
nashthebun@gmail.com,US
o.goshi.girl@gmail.com,US
soicychat@it-reviews.com,US
pieisgood600@gmail.com,US
chukcasey130@gmail.com,US
nerium13163@gmail.com,US
worldscruzin@yahoo.com,US
ethanwards@hotmail.com,US
huntersilvernail@gmail.com,US
legendoflogan0907@gmail.com,US
scottjarrodalden@gmail.com,US
thedudelol693@gmail.com,US
noah.blaze.22@gmail.com,US
frankiechambers0@gmail.com,US
zebeliemi@gmail.com,IT
vraccount81@proton.me,US
prestonprickett7@gmail.com,US
rhodesd9737@gmail.com,US
vbowbenny@gmail.com,US
samuelesharky@gmail.com,IT
abach665@gmail.com,US
cameronstroop.tarp@gmail.com,US
heddylife@gmail.com,IT
shaovenom85@gmail.com,US
3100243902@qq.com,US
madelynhamm@gmail.com,US
nico8888nico@proton.me,FR
mynametrash@gmail.com,US
hoseg106@proton.me,IT
blakeg1823@gmail.com,US
kyiceborn@gmail.com,US
ub2120@gmail.com,US
synysteruchiha@gmail.com,US
kevin.vander42540@gmail.com,FR
hafizminhoo@gmail.com,US
spicyspicy.chive911@passinbox.com,IT
gilithus@gmail.com,US
to.vitoux@laposte.net,FR
michael.elias0908@gmail.com,US
areallybadjoke102@gmail.com,US
bradleysong5@gmail.com,US
jongwookimx9@aol.com,US
michaelgoetz22@yahoo.com,US
blue100350@proton.me,US
footballguy2472@gmail.com,US
chriscondict@yahoo.com,US
tylerljordan10@gmail.com,US
nabeast@gmail.com,FR
hatchet_oti@mindspring.com,US
akajosh1234@gmail.com,US
jman1540@gmail.com,US
keshainab@gmail.com,US
typewhateveryou1want@gmail.com,US
esobudj@gmail.com,US
bulmrob@gmail.com,US
akal981014@gmail.com,US
eldritchqueen@protonmail.com,US
deredadodo@gmail.com,US
tuckerdevohn4@gmail.com,US
gopack122107@yahoo.com,US
akroporn@gmail.com,FR
christianeisman2004@gmail.com,US
lemmebetheguy12@outlook.com,US
summerskye378@gmail.com,US
jonathon.carmichael22@gmail.com,US
jerrysmiths889@gmail.com,US
manipularabyss@gmail.com,US
dupontlaura226@gmail.com,FR
noblea09@yahoo.com,US
kellibellina@mail.ru,FR
brandon.bigmon@gmail.com,US
chappydoordash@gmail.com,US
opul2003@gmail.com,IT
minecraft71150@gmail.com,FR
2826559797@qq.com,US
dannynice30@gmail.com,US
sharayahjean@yahoo.com,US
trecruiter212@gmail.com,US
xeroticz@gmail.com,US
futhalli@protonmail.com,US
tkpotter18@gmail.com,US
j46564140@gmail.com,US
sdaroumacho@gmail.com,FR
pmpfantasy@gmail.com,US
catnerdgamer@gmail.com,US
haaneefshaik1@gmail.com,US
ziembickimathias@gmail.com,FR
struckbloody88@outlook.com,US
pierreauffret3@gmail.com,FR
teamboscocraft@gmail.com,US
werys91@mail.ru,FR
dante.orduno03@gmail.com,US
speedyjames.llc82@gmail.com,US
chryswaterman@gmail.com,US
vibeyxx@gmail.com,US
ciproizouquetta-7309@yopmail.com,US
joshua.brown.af@gmail.com,US
holhorseisg0d@gmail.com,US
jminnich26@gmail.com,US
jetfireak47@gmail.com,US
dinotankz@gmail.com,US
seekertoast@gmail.com,US
waterflame61@gmail.com,US
mattia.grazian@gmail.com,IT
va.ford@live.com,US
dmontoya657@gmail.com,US
joanna.hochstuhl@gmail.com,US
byharry899@gmail.com,FR
2003odo@gmail.com,US
austinmurphy1994@gmail.com,US
thestellz1@gmail.com,US
wrsand82@gmail.com,US
gunnarreannavanhoff@gmail.com,US
dean.lee.tyler@gmail.com,US
pattondanielle234@gmail.com,US
mintbear12345@gmail.com,US
olivier941@hotmail.fr,FR
hollywoodundead959@yahoo.com,US
drc.864@protonmail.com,US
naughtyskye@proton.me,US
wyndon.torque@gmail.com,US
glowingostrich@proton.me,US
worthlesstime90@gmail.com,US
ssproductions116@gmail.com,US
vxshubby@gmail.com,US
katherinebetz2010@gmail.com,US
jtrumble1285@gmail.com,US
lolfnaflover65@gmail.com,US
electricpulse@yahoo.com,US
critcalpowers123@gmail.com,US
loveandordragonslayer@gmail.com,US
jmcwillis09@gmail.com,US
aliceyang4e02@gmail.com,FR
isaact0902@gmail.com,US
gleisnerblake@gmail.com,US
kate.swartz99@gmail.com,US
bah237@cornell.edu,US
yourdrunkunclebob@gmail.com,US
halede19@gmail.com,US
ganyuadeptly@gmail.com,US
artemila1102@gmail.com,US
arguiniac@gmail.com,US
a.nikolai886@carpkingdom.com,US
domosed237k@gmail.com,US
sherald714@gmail.com,US
adamthebrawler7@gmail.com,US
jacob.sjo717@gmail.com,US
loiseig61@gmail.com,US
buckrand34@gmail.com,US
spcccgt@ecsb.in,US
ezra.alternate@gmail.com,US
luke.a.hopcroft@gmail.com,US
urmomjames69420@gmail.com,US
gluhovadara910@gmail.com,FR
ldizierlouis@gmail.com,FR
the.enemor@gmail.com,IT
christianpelefox@gmail.com,US
andrewr8f@gmail.com,US
thatonegadriver@outlook.com,US
mothspores@gmail.com,US
tipppptoe@protonmail.com,US
carchibald9959@gmail.com,US
docpig5423@gmail.com,US
discretlysinful@gmail.com,US
foxyguy123542@gmail.com,FR
shadow.1987.lord@gmail.com,US
alienware2pc2000@outlook.it,IT
lexanenarbonne01@gmail.com,FR
blakblik11@gmail.com,US
arby750cab@gmail.com,US
zarekbabcock95@gmail.com,US
sonia4282@mail.ru,US
emailaccountatproton22@proton.me,US
kit357@outlook.com,US
acewwethefireman@gmail.com,FR
rickheidrick@gmail.com,US
snippyloki@hotmail.com,US
ginogiggio3@gmail.com,IT
willwafflehouse@gmail.com,US
colingimenezisafag@gmail.com,US
devi3boss@tutanota.com,US
fathitehi01@gmail.com,US
dffsdd73@gmail.com,US
dominickholfeltz@gmail.com,US
oscarsilva86@gmail.com,US
pnelson2586@gmail.com,US
farumkak@gmail.com,FR
fist.doo@bk.ru,FR
flamingbomb@gmail.com,US
magicrow03@gmail.com,US
dorianblack21@proton.me,IT
agw9494@protonmail.com,US
kaitiebug2006@gmail.com,US
thefam0ustrashc0mpact0r@gmail.com,US
conlekob000@gmail.com,US
cameronrockwell@rocketmail.com,US
siriwongvang@gmail.com,US
brador82@gmail.com,US
esteb.alapetite@gmail.com,FR
jameslplummer@tutanota.com,US
vampirelord0130@gmail.com,US
donovan.gantois@gmail.com,FR
minicoop254@gmail.com,US
miaisawesome1738@gmail.com,US
yesbroyeslol@gmail.com,US
dave.dutton@hotmail.com,US
daschwilke@gmail.com,US
anaysdn102003@gmail.com,US
andema27@stuartholme.com,US
temp42203@gmail.com,FR
prestonross37@gmail.com,US
goodmansven@gmail.com,US
nickkastner54@gmail.com,US
bobbyuuilson@gmail.com,US
tenesrobertson@outlook.com,US
leogcs31lol@gmail.com,FR
kerri@salciccio.li,US
adironen2014@gmail.com,US
gennymoodish@gmail.com,IT
kyle23deng@gmail.com,US
tristansmith212games@gmail.com,US
reaperhead@protonmail.com,US
printzsmooth@gmail.com,US
suncrusher2424@proton.me,US
simpv163@gmail.com,US
caglejml@gmail.com,US
dewiepop18@gmail.com,US
wayameanswolf@protonmail.com,US
alexanderbenso275110@gmail.com,US
tgo35564@gmail.com,US
aquainfgsh@gmail.com,US
cmharmon93@gmail.com,US
burtleby.parnsberry@gmail.com,US
zmora@tutamail.com,US
bjratex90@aol.com,IT
hk1252@gmail.com,US
samfleet111111@gmail.com,US
bordwithlife@gmail.com,US
paddedcrinklebottom@gmail.com,US
mulez54304@outlook.com,US
lucavay10@gmail.com,IT
imbacze@gmail.com,US
rose.demon92@gmail.com,US
nat3belec@icloud.com,US
ric.delzio@gmail.com,IT
oumardai9@gmail.com,FR
colehuntley17@gmail.com,US
jaypayne2021@gmail.com,US
thisismine5401@gmail.com,US
redkid119@gmail.com,US
vyktoria93@gmail.com,FR
igoremmamoto@gmail.com,US
diazhayden64@gmail.com,US
ahotik43@gmail.com,FR
melvin7266@gmail.com,US
mwamhoff29@gmail.com,US
enrecherche@gmx.fr,FR
mochiweasley@icloud.com,US
prenicco@gmail.com,IT
filippopignatiello11@gmail.com,IT
soboleva.nastya1998@bk.ru,FR
segatothaddeus@gmail.com,IT
playerpianojoe44138@yahoo.com,US
sagegang69@gmail.com,US
franklin.rory@gmail.com,US
dcanto02@gmail.com,US
lwfridley@gmail.com,US
logangavett1@gmail.com,US
anon338833@gmail.com,US
freakyknave95@gmail.com,US
boboerson12@gmail.com,US
kellylentz1024@gmail.com,US
adamrifendifer777@gmail.com,US
babouh65@gmail.com,FR
wbachman.ut@gmail.com,US
trevor.crafard@gmail.com,US
damionsutton5598@outlook.com,US
prankstah20@gmail.com,US
secarrier@outlook.com,US
coult.d@hotmail.com,US
eyelikethebot@protonmail.com,US
wtony9205@gmail.com,US
smitchell0517@gmail.com,US
langdon913@gmail.com,US
dragonsneverdies@gmail.com,US
ciccionepercaso@gmail.com,IT
hunterstorey4@gmail.com,US
adamsmorynski@gmail.com,US
se5397250@gmail.com,US
zzigyplays322@gmail.com,US
wurgenj499@gmail.com,FR
xorphalak@protonmail.ch,FR
succhiello@hotmail.com,IT
williamheffernan2@gmail.com,US
madamcreepy101@gmail.com,US
vikabl04@gmail.com,FR
mendez_james@hotmail.com,US
gusak.2000@list.ru,US
whosethanh@gmail.com,US
mdemay2121@gmail.com,US
deathvalley3122@gmail.com,US
dudesc1317@gmail.com,US
aliteralpieceofwood@gmail.com,US
stevea2020@aol.com,US
tristenmyers3102@gmail.com,US
jamesjhood12@gmail.com,US
professor.zeppelin620@gmail.com,US
david.59226@gmail.com,FR
fotwenvirus@yahoo.com,US
viennakrakow@gmail.com,US
kim.a.douthit@gmail.com,US
chriscarpenter489@gmail.com,US
kevinpasta5829@gmail.com,US
memelord34@protonmail.com,US
geraldwalter2002@gmail.com,US
kristenwor@gmail.com,US
colexvxi@gmail.com,US
darkdearh@gmail.com,US
meellis1998@gmail.com,US
aditya_ag48@yahoo.co.in,US
iciswalker34@gmail.com,US
jalonjacksongreen@gmail.com,US
levels_posture_0@icloud.com,US
tyler.hopson@hotmail.com,US
kaguchi997@gmail.com,IT
jk486683@gmail.com,FR
jondaboss02@gmail.com,US
gaishl@yahoo.com,US
castingcardsevents@gmail.com,US
depechy@gmail.com,US
dbrouill1975@yahoo.com,US
ingridcasali@hotmail.fr,FR
magnetberg666@gmail.com,FR
jerrez26@yahoo.com,US
yurichkoss@gmail.com,FR
gatzkeracing@gmail.com,US
mmllooppqqrr@gmail.com,US
bryangriffinprime@gmail.com,US
bas1563@protonmail.com,US
ash.persson@gmail.com,US
bryce.jones135@gmail.com,US
fatarazoniv@yahoo.com,US
micielsierra69@gmail.com,US
rhsimmons3@gmail.com,US
jennystephens242@gmail.com,US
mrcleanthicc7@gmail.com,US
tizianofalcinelli@gmail.com,IT
accordwilliam2@gmail.com,US
ralphcubby@gmail.com,US
texasrich69@proton.me,US
beermits@gmail.com,US
thecasketkitty@gmail.com,US
dylanjwilkes06@icloud.com,US
brionw@aol.com,US
unhappyxtu4tl3@gmail.com,US
elbracht@elbracht.net,FR
tr2mikh@gmail.com,US
zachmarini3@gmail.com,US
bmoviezombie@gmail.com,US
forchubs4@gmail.com,US
stabbman.jg@gmail.com,US
wwwooowww217@gmail.com,US
chiuahua90@icloud.com,US
h4nd0nc0ck@gmail.com,US
mikewill1322@gmail.com,US
thegirlssmith07@gmail.com,US
fluffykirby12@gmail.com,US
palacioshugo53@gmail.com,US
crimeforpresident@gmail.com,US
mlpzaq933@gmail.com,FR
aerendsign@gmail.com,FR
tolucaluciani82@gmail.com,US
rheatristan87@gmail.com,US
johnrhade@gmail.com,US
augustevans111@gmail.com,US
bdillard.white@gmail.com,US
awakesyco@gmail.com,US
fluke_quote_1x@icloud.com,US
lleonardo89@gmail.com,US
yesmemenomeme@gmail.com,US
wendels@eclairage.net,FR
axdynx@gmail.com,FR
creepypasta077@gmail.com,US
kurtzhurtz64@gmail.com,US
ape530278@gmail.com,US
huolinnaa@gmail.com,FR
simodgb@gmail.com,IT
chestertheprairiedog@gmail.com,US
angrychicken1581@outlook.com,US
jaycoolrios0@gmail.com,US
mrrick1981@gmail.com,US
txron59@yahoo.com,US
tmillerscherrer@gmail.com,US
nikola.markovic.992@gmail.com,FR
kileystudents@gmail.com,US
evzikovaliz@gmail.com,FR
victor.brecos@gmail.com,FR
dylanpettus04@gmail.com,US
taldykin.grinch@gmail.com,US
madam.mirnik@gmail.com,US
briansaboe@gmail.com,US
dsczar@gmail.com,US
specknol111@gmail.com,US
garza.andrew1997@gmail.com,US
ish011977@gmail.com,US
d.jordanauto21@yahoo.com,US
nutter.jason@gmail.com,US
raxk781@gmail.com,US
jmitc103@gmail.com,US
queenpen1s69@gmail.com,US
gsmith214@gmail.com,US
ddvcf40@gmail.com,US
malvos4@gmail.com,US
m7475871@gmail.com,US
evamac1999@gmail.com,IT
lucariolucariolucario33@gmail.com,US
lisa.sch30@icloud.com,FR
nevmiaa@gmail.com,FR
flaminmonkies20@gmail.com,US
shanragoop@gmail.com,US
izeke800@gmail.com,US
maxim23444565@gmail.com,FR
stardestroyer929@gmail.com,US
tjmitchell9000@gmail.com,US
omnipotent99@hotmail.com,US
skulgrin0@gmail.com,US
toiletpaper4729@gmail.com,US
silverarchangel2003@yahoo.com,US
ddonn5862@gmail.com,US
ramiro.aros@gmail.com,US
laenziog@gmail.com,US
anonymwashere@gmail.com,FR
skullcrusher1130@gmail.com,US
barnswickham@gmail.com,US
saisai13211@gmail.com,US
tjcerillo@gmail.com,US
notabigfanofthisshit@gmail.com,US
jeff.m.dealmeida@gmail.com,US
sanggaming234@gmail.com,US
woodstrail7@gmail.com,US
skyfangenator@gmail.com,US
chrisshelle.tun@gmail.com,US
johncarmel@mail.com,US
crimsonthunderfj@gmail.com,US
marie.a57000@gmail.com,FR
nolanmcneely97@gmail.com,US
chiliofthepeppers@yahoo.com,US
craftynl@gmail.com,US
luisgarcia9460@gmail.com,US
saxtonloui680@gmail.com,US
jacopospid@gmail.com,IT
jesserjesserlive@gmail.com,US
scootaloodash86@gmail.com,US
kram152@yahoo.com,US
thevoiceapple@gmail.com,US
golem_799@hotmail.com,US
nilram-sc@silicon-menagerie.net,US
maquet6788@gmail.com,US
jmadura66@gmail.com,US
sothis866@gmail.com,US
matt41715@gmail.com,US
derrickchristensen78@gmail.com,US
mark.vigl555@gmail.com,IT
noe.prevotat@laposte.net,FR
valentinisaiahg@gmail.com,US
beastamongmen26@gmail.com,US
rosario.vitale022@gmail.com,IT
spiralclown@proton.me,US
baycrum@protonmail.com,US
kfournier1962@yahoo.com,US
zexionlover06@gmail.com,US
johnnybentley4321@gmail.com,US
minecraft63170@gmail.com,FR
doubtingwheel@protonmail.com,US
acerx666@yahoo.com,US
hobohippie10@gmail.com,US
angelmurr9020@gmail.com,US
diana.a.mikhaylova@gmail.com,US
renpyviewer@protonmail.com,US
trash2948@proton.me,IT
baconflavoredskittles@protonmail.com,US
uumrawr32@gmail.com,US
potatostevens@gmail.com,US
passorosso1@gmail.com,IT
scsimpson030@gmail.com,US
sarahmccleans@gmail.com,US
bettyjsmith137@gmail.com,US
chaos.excalibur1@gmail.com,US
ricardowings@yahoo.com,US
catoesimon@gmail.com,US
kdtracht@gmail.com,US
cozybutterfly2@gmail.com,FR
donosan11trash@gmail.com,US
ccecc85@gmail.com,US
eroneccabenidict@yahoo.com,US
duskpower13@gmail.com,US
juniorbrad13@gmail.com,US
lightnerd7@gmail.com,US
hilljulian973@yahoo.com,US
haleyjeter2023@gmail.com,US
acweiss89@yahoo.com,US
billyshoemaker1999@gmail.com,US
biscionegaming@gmail.com,US
greenserpent1@gmail.com,US
lmgvsd@gmail.com,IT
giotiraferri2@gmail.com,IT
gunnapat2814@gmail.com,US
haki85953@gmail.com,US
jbollard69@gmail.com,US
billyshlong11@gmail.com,US
danilovaanna04022005@gmail.com,US
lcahunterhoyme@gmail.com,US
saraheschroder1997@gmail.com,US
dan.rita13@outlook.com,US
coltonsayre@gmail.com,US
washingtonjoshua42@yahoo.com,US
shadowolfhd@hotmail.com,IT
codygramps@hotmail.com,US
bn0225bn@gmail.com,US
neothethree@gmail.com,FR
zevakhina15281@gmail.com,US
rogue0504@gmail.com,US
johnbacon.jh@gmail.com,US
nagual562@gmail.com,US
ch3ddych33sy@gmail.com,US
fluffyboi360@gmail.com,US
jakeesmon2@gmail.com,US
jeppvorhes0@gmail.com,US
desireegn6@gmail.com,US
jumpinthefireyah@gmail.com,US
lithou.angel2212@gmail.com,FR
fnaffire21@gmail.com,US
mgoldb2@gmail.com,US
jwilk136@gmail.com,US
barabyliakartoheccc@gmail.com,US
muzzle58@gmail.com,US
sindominus@gmail.com,US
brandondowns333@gmail.com,US
hyperchrvmatic@gmail.com,US
yorktown-podolsk@mail.ru,FR
stranger856239a@gmail.com,FR
ian.chase.robertson@gmail.com,US
arfmlxd@gmail.com,US
jonstevens752@gmail.com,US
lucky21duckling@gmail.com,US
jamesdates22@gmail.com,US
gamerfreak102@gmail.com,US
cloudstrife8778@gmail.com,US
jeutel.louid@gmail.com,FR
timisrdy4life@gmail.com,US
uwutaste101@gmail.com,US
ubuntuluver@gmail.com,US
tcamp2060@gmail.com,US
daltonstephens34@icloud.com,US
jayvynigary@gmail.com,US
low_down_jb@proton.me,US
kawaiiropes@gmail.com,US
ellatuck1@aol.com,US
itsprincekaydence@gmail.com,US
brizebj@gmail.com,US
punkishpony@gmail.com,US
yunataosaka@gmail.com,FR
splinterhewenli@mail.ru,FR
nyx_2@hotmail.fr,FR
kittenkay0351@gmail.com,US
reaperhr98@gmail.com,US
chadisswag@gmail.com,US
ryothorn@gmail.com,US
shawnmccracken93@gmail.com,US
lukastv@gmail.com,US
eskerdwalker@gmail.com,US
bobbysnowshoes1248@gmail.com,US
hectusprisca@gmail.com,FR
kbrindley1994@gmail.com,US
adoragp2121@gmail.com,US
trashmailfortrash563@gmail.com,US
spongetowel@hotmail.com,US
marseuhugo@gmail.com,FR
dennisday1939@gmail.com,US
agurtcheff@yahoo.com,US
johnsoncoty922@gmail.com,US
floriandf@hotmail.fr,FR
celestabethabelle@gmail.com,FR
gaiacomelli03@gmail.com,IT
planner.furlong-3z@icloud.com,US
wb2498@yahoo.com,US
cm0210@yahoo.com,US
nprior1234@pm.me,US
belbeldesigns@gmail.com,US
tmalcuit@proton.me,US
feickalex3@gmail.com,US
kinaxokami@hotmail.com,US
shawnchitty0@gmail.com,US
itsleon2023@gmail.com,US
soxmansteve@gmail.com,US
kuataprel07@gmail.com,US
camillegreer63@gmail.com,US
yeetmejohnnytrial3@gmail.com,US
steppehstepp@gmail.com,US
lbutsavage@gmail.com,US
benjaminwmelton@gmail.com,US
huntnorman625@gmail.com,US
midnatheblackrobe@gmail.com,US
noobamuffinsbb@gmail.com,US
canadianchango@gmail.com,US
lrod1199@gmail.com,US
tikigod458@gmail.com,US
pridetalks@hotmail.com,US
decadentdepravity84@gmail.com,US
barrios_lesley@yahoo.com,US
jaycemobley@gmail.com,US
lucata2003@gmail.com,IT
safuryo.r1997@gmail.com,US
tipok1tipok@gmail.com,US
fernandosotelo127@gmail.com,US
bendickmemes@gmail.com,US
tth6776@gmail.com,US
virtus.lux2023@gmail.com,FR
quarantinemadein@gmail.com,US
nullkraken0@gmail.com,US
enbref74@gmail.com,FR
madisn@gmail.com,US
viralguardianstorm@gmail.com,US
jessiemoore721990@gmail.com,US
jakepopowski273@gmail.com,US
sansgasterovich75@gmail.com,US
insanesanity16@gmail.com,US
b_rian_24@yahoo.com,US
firesword9981@gmail.com,US
willow48909@gmail.com,US
jarviscole1234@gmail.com,US
eternalllama@outlook.com,FR
gfdu1650@gmail.com,FR
francescodidom04@gmail.com,IT
lancarius@gmail.com,US
rharp2022@gmail.com,US
jeantafion@gmail.com,FR
clementmichel9@gmail.com,FR
yikesmoka@gmail.com,US
tiler_disc0b@icloud.com,US
interbladecard@yahoo.com,US
slava.tarasov060694@gmail.com,US
nedianothere@gmail.com,US
cocksucks6934@gmail.com,US
knightsrike@yahoo.com,US
cathrine.jeanne@gmail.com,US
arizonaguy2k@gmail.com,US
tattooguy027@gmail.com,US
jazmine.ballinger000@gmail.com,US
stenzach47@gmail.com,US
bigztheriotmaker@gmail.com,US
newjune6969@gmail.com,US
silver.38214@yahoo.com,US
ichibepeachy@yahoo.com,US
terryspake6@gmail.com,US
thepowerhitter99@gmail.com,US
opettway1@gmail.com,US
jonathan223adams@gmail.com,US
kfwccgl@gmail.com,US
turnerkourt951@gmail.com,US
nandarani.akemi@gmail.com,FR
geonine.owen@gmail.com,US
arayah2008wannadie@gmail.com,US
tinycybernide@gmail.com,FR
jrdchamp@gmail.com,US
tleilaxuixian85@gmail.com,US
littlecoltsman@gmail.com,US
queenisking@yahoo.com,US
erinthegod89@gmail.com,US
ltaylor28@slesmobile.org,US
itzxyloyaknow@gmail.com,US
ishaftdokkan888@gmail.com,US
ruizhi.duan@gmail.com,US
lordgriffin987@gmail.com,US
darkvader2013@gmail.com,US
alrightyjohnny1999@gmail.com,US
pearsoncharles456@gmail.com,US
wolfrenegade40@gmail.com,US
jimbeaux213@gmail.com,US
shadowfox165@gmail.com,US
judsonaslan@gmail.com,US
alexheartstrings@gmail.com,US
supermario64forthenintendo@gmail.com,US
florespedrojr42@gmail.com,US
mariasazonova568@gmail.com,FR
davariuslewil@gmail.com,US
ma4kzzzz@gmail.com,IT
yourmomandhealer@gmail.com,US
adrienne.ladner.2002@gmail.com,US
yrabars15@gmail.com,US
alexhallos2710@gmail.com,US
notthatfaroff@gmail.com,US
fmgarriga@gmail.com,US
sophiajudson03@icloud.com,US
jocie1105@icloud.com,US
jimmywhite420@gmail.com,US
ak.jeremiah@yahoo.com,US
marissa_windler@hotmail.com,US
709857137@qq.com,US
mynewantiworld@gmail.com,FR
jacob.ukfan@gmail.com,US
imaninflatingcowgirl.uwu@gmail.com,US
wolfsong442@gmail.com,US
benwilliamrau29@gmail.com,US
palissa14@gmail.com,US
3233valleyviewdr@gmail.com,US
bonnieforte@yahoo.com,US
jordis2whitener@gmail.com,US
flyingj97@hotmail.com,US
bm081408bmg59@gmail.com,US
dominicmckenzie74@gmail.com,US
shanebob67@gmail.com,US
billycaton3@gmail.com,US
strag2002@gmail.com,US
oscar21rodriguez15@gmail.com,US
daymooncoffeehouse@gmail.com,US
belle6442@hotmail.com,US
fenrirbinder2025@gmail.com,US
dickcheeseington@gmail.com,US
dessyisnthere01@gmail.com,US
jerryridder1356@gmail.com,US
jdwango@jdwango.com,US
mr.vanderstraeten@gmail.com,FR
shizava@gmail.com,US
ambernd6997@gmail.com,US
sean.a.luedtke@gmail.com,US
arongoodrum13@gmail.com,US
asylymerjan952@gmail.com,US
serenaleecollins@gmail.com,US
devinscotthall48@gmail.com,US
godzilla12798@gmail.com,US
thecobz10@gmail.com,US
ironghost1976@gmail.com,US
belmondog@bk.ru,FR
faulkenberrycolby99@gmail.com,US
victoriagarza505@gmail.com,US
daxstorm@yahoo.com,US
ahouais26@gmail.com,FR
hmmntrn@gmail.com,US
ultrabrawler@gmail.com,US
adamrwiercinski@protonmail.com,US
baumbastic.yt.official@gmail.com,US
vinduran12@gmail.com,FR
tolu7554@gmail.com,US
conandrus@hotmail.com,US
yadiel.a.jimenez@icloud.com,US
paolionopaperinocip@libero.it,IT
tolu7564@gmail.com,US
serenamarez2010@gmail.com,US
sirtuba2013@gmail.com,US
nikolicaleksandar026@gmail.com,US
brendenholling@yahoo.com,US
amy26amy@gmail.com,US
garyeleven@proton.me,US
james.ryan8923@yahoo.com,US
andreadparrish@gmail.com,US
aspenlake@proton.me,US
jw52242@yahoo.com,US
yeahitskane2@gmail.com,US
rodabaughbl@gmail.com,US
seawolf12439@gmail.com,US
fra.g.88@hotmail.it,IT
maxsim313@rambler.ru,FR
lplotnikova210407@gmail.com,US
jamestimbrook@gmail.com,US
throwawaygarbagestuff@gmail.com,US
aviad.cohen6724@gmail.com,FR
fruits.fox@gmail.com,IT
woodsmi2103@gmail.com,US
sidneykatchur@gmail.com,US
abakispam@gmail.com,US
villalobozj@yahoo.com,US
supertrampcomics@gmail.com,US
tenk-qalc@live.fr,FR
dogeman1234567890000@gmail.com,US
hgg308559@gmail.com,US
jmodica990@gmail.com,US
turtle.kingg12@gmail.com,US
kyle.david.keller@gmail.com,US
aspefns@gmail.com,US
fishy1178@yahoo.com,US
tsam0620@proton.me,US
bfishbine@protonmail.com,US
furiositydestroyer@gmail.com,US
roach2011@live.ie,US
2265749391@qq.com,US
jaxholliday@gmail.com,US
zabuzasgirl@yahoo.com,US
kitsunehatesu@gmail.com,US
jperrino90@gmail.com,US
d.asmosscipnet@gmail.com,US
zerosy@gmail.com,US
ghjk.1767215@gmail.com,US
talyccarid@gmail.com,US
lorrainebeck02@gmail.com,FR
freelava@proton.me,IT
xavplo@gmail.com,FR
animepenguin1223@gmail.com,US
greensockguy@proton.me,US
korowyakowa.ksen@yandex.ru,FR
taylorhaliey2004@gmail.com,US
cubanangelface@hotmail.fr,FR
mattyyo00@protonmail.com,US
haylee8102@gmail.com,US
elikeeler@yahoo.com,US
pirkoalparko@gmail.com,IT
mihailrodionov28@gmail.com,US
jacobflora2000@gmail.com,US
lexytheshapeshifter@gmail.com,US
judaxv@yahoo.com,IT
imgaelmao@gmail.com,US
blackops2554@gmail.com,US
eclipsedynasty667@gmail.com,US
mlpvore@gmail.com,US
connor.mchale01@icloud.com,US
kruegera19@gmail.com,US
wesray214@gmail.com,US
lancecollins1986@gmail.com,US
lmao030611@gmail.com,US
aaacmona@gmail.com,FR
velly92110@gmail.com,FR
erberus677@gmail.com,US
em2571200@gmail.com,US
tajinderheer2@gmail.com,US
honest2greatness@gmail.com,US
pheonixfthrr@gmail.com,US
richrod7052000@gmail.com,US
crewmate38@gmail.com,US
personalashe@gmail.com,US
alexiscool12op@gmail.com,US
deutschb4@mail.gtc.edu,US
boomereclipse@gmail.com,US
micah.s.flichel@gmail.com,US
theforcereaper@gmail.com,US
dummysproto1@gmail.com,US
kornviper93@gmail.com,US
gcbakken2000@gmail.com,US
draco2111@gmail.com,US
trytinlolol@gmail.com,US
jamesakirschling@gmail.com,US
ralejandrosolar@gmail.com,US
subsissybimbo@gmail.com,US
attasca89@gmail.com,US
sblackwell2001@yahoo.com,US
evdodgeno@gmail.com,US
nichol6976@yahoo.com,US
rcchristeson@gmail.com,US
clemon311@icloud.com,US
kutifaan@gmail.com,US
silas.motionless@yahoo.com,US
jeffrey.mcbreairty@yahoo.co.uk,US
hawkman0011@gmail.com,US
cadenorion@gmail.com,US
averymrks@gmail.com,US
hitman10435@gmail.com,US
crispydonut75@gmail.com,US
brass2332@gmail.com,US
skylaka117@gmail.com,US
vicserensky@gmail.com,US
ragnellfroseth@gmail.com,FR
saljohn440@gmail.com,US
fact.grace.goal@cloak.id,US
jonnymarcoon@gmail.com,US
moojustice@yahoo.com,US
infinitumcraft@outlook.com,FR
alice60032@gmail.com,US
mcaltage@gmail.com,US
adrian.steinweller@gmail.com,FR
vda90@protonmail.com,US
zainestoecker7@gmail.com,US
bookman895@gmail.com,US
noahejt@gmail.com,US
narricumnojdoktor@gmail.com,US
timohartzer@gmail.com,FR
duckyhoulihan@gmail.com,US
pozzo19977@gmail.com,IT
chewy@oharamurray.com,US
kaswolf@ymail.com,US
warrenwasden@gmail.com,US
sharkodjin@gmail.com,IT
southerndolce90@gmail.com,US
m.ghany.arrafif.1@gmail.com,US
cyril.andrieux.sw@gmail.com,FR
burds2970@gmail.com,US
mjolnirheidrun@gmail.com,US
wolffwallace01@gmail.com,US
drew.alexander@gmail.com,US
hwnbb@protonmail.com,US
vanm40495@gmail.com,FR
christophertorres64651@gmail.com,US
sadiewinchesterauthor@gmail.com,US
bailey.moroni@comcast.net,US
cab72009@gmail.com,US
richeivcortez@gmail.com,US
ndouranakis@gmail.com,US
hellothere475@yahoo.com,US
jforstner92@aol.com,US
triathlonsportsmassage@gmail.com,US
conners85@yahoo.com,US
witejerrett@gmail.com,US
lolthario@outlook.com,US
nadkins1127@gmail.com,US
losangzangpo@yahoo.com,US
tequilaicarus@gmail.com,US
username2344886@gmail.com,US
dubichu@hotmail.fr,FR
nike526@hotmail.com,US
tjbelt20@gmail.com,US
luierobinson@icloud.com,US
limbs4me@gmail.com,US
perenchio.translations@gmail.com,IT
krpell01@gmail.com,US
sadsarkking@gmail.com,US
kevinma627@gmail.com,US
frankaod@gmail.com,US
rjmorelle@gmail.com,US
stasgrib48@gmail.com,FR
briannatdeherrera@gmail.com,US
azzi2fine@gmail.com,US
darkmisty23@gmail.com,US
mgerardi0205@gmail.com,US
spicyshin00@gmail.com,IT
properbuisnessthings@gmail.com,US
skatedacg@yahoo.com,US
jeromelucas3@gmail.com,FR
sirwolfjob@gmail.com,US
iknowuluvit@proton.me,US
rjonker7@gmail.com,US
rachel.malezieux@gmail.com,FR
hunork780@gmail.com,US
babyface19xd@gmail.com,US
scott.russell1313@gmail.com,US
laystonfa@gmail.com,FR
gonzalezjotch@gmail.com,US
ahhdaddy12384@gmail.com,IT
doolioc@gmail.com,US
kristenkarstengfc@gmail.com,US
alfredraizu@gmail.com,US
kayligundry@gmail.com,US
jhlacom@gmail.com,US
missanemj@gmail.com,FR
jzhorvath@icloud.com,US
zjingyang11@gmail.com,FR
duckkyaustyn@gmail.com,US
boisonboingo@gmail.com,US
michaelallensorrow@gmail.com,US
alex67470@gmail.com,FR
i.romain.arnaud@gmail.com,FR
dakotaschaefer2000@gmail.com,US
swilcox516@gmail.com,US
travisschoonover00@gmail.com,US
cakezthehusky69@gmail.com,US
magnusther3d@outlook.com,US
remotelycloaked@protonmail.com,US
jorinafaletoi@yahoo.com,US
alyciabonnie@gmail.com,US
jonespuffer@gmail.com,US
ichigo.1982@yahoo.com,US
vincentgames27@gmail.com,FR
jason.hudnall9@gmail.com,US
ziggyk900@mail.com,US
ryvnsolla@gmail.com,US
happyman5800@gmail.com,US
liline.leblanc1@gmail.com,FR
kheireddinedu51@hotmail.fr,FR
keys2221@aol.com,US
tangyslash2011@gmail.com,US
squishyasuna@gmail.com,US
jonathanrotero2@gmail.com,US
jpsteel145@gmail.com,US
freakyfun@myyahoo.com,US
mattlego81@gmail.com,US
brandonpicard26@yahoo.com,US
hamadamariem2@gmail.com,US
earstir@proton.me,US
maat1932@hotmail.com,US
astout1176@gmail.com,US
sights_break_0m@icloud.com,US
sbmlefls@gmail.com,US
tihijstalker228@gmail.com,US
impulsiveninja@gmail.com,US
dante.vergil.24.devil.may.cry@gmail.com,US
deep.digger0001@gmail.com,US
derekallenhearst@gmail.com,US
ipersonatthe@gmail.com,US
hernandodragon@gmail.com,US
forkrhino@gmail.com,US
ttde.litmus671@passmail.net,US
thatgeekguy00@gmail.com,US
hentainascurrie@gmail.com,US
franck.renaud9625@gmail.com,FR
alhrguy2@gmail.com,US
bts3@methos.nz,US
vonhalzen@gmail.com,US
teampoupoules@hotmail.com,FR
djconfer578@gmail.com,US
futurebellyache@gmail.com,US
chriscomb175@gmail.com,US
bbvulcan413@gmail.com,US
mikyz666@gmail.com,IT
ethanw@sbcglobal.net,US
jonathanwallace98@gmail.com,US
sandysj13@gmail.com,US
theodore-benzoni@clcf.com,FR
daisy93820@gmail.com,IT
celeste.skee@gmail.com,US
kdmcgi02@protonmail.com,US
dkuchic@gmail.com,US
bystrykha@gmail.com,FR
iand2005@hotmail.com,US
jm2bdollar@gmail.com,US
demohdd32@gmail.com,IT
azjohnson93@gmail.com,US
thermoglass12@gmail.com,US
rachel.sempek@yahoo.com,US
postitstuffcsgo@gmail.com,FR
reyesnick860@gmail.com,US
sephirothfan777@gmail.com,US
masterinferno47@gmail.com,US
elijahwaterhouse3@gmail.com,US
billynull123@gmail.com,US
thebrilliantpics@gmail.com,US
brimaba8077@gmail.com,FR
agentf427@gmail.com,IT
rachelrosenau99@gmail.com,US
homeworkslavemark@gmail.com,US
audrey.tucker@stu.jefferson.kyschools.us,US
machance1990@gmail.com,US
zacram2004@gmail.com,US
mohdkhairunnaim2@gmail.com,FR
smondax@gmail.com,US
tarawera.merapi@gmx.de,FR
tvdizzle@protonmail.com,US
amymae223@gmail.com,US
mattiquo22-povr@yahoo.com,US
dylanperalta5@gmail.com,US
pappy.pm.chan@gmail.com,US
56bellaboo@gmail.com,US
brujeriahellscape@gmail.com,US
darien6144@gmail.com,US
sinfulfridge@gmail.com,US
alex.pearson928@gmail.com,US
rubenne17@hotmail.fr,FR
howayabollix@gmail.com,FR
jack0896@proton.me,US
moistpompey@tutamail.com,US
brennan.weatherbee@gmail.com,US
bjmnspam@gmail.com,US
vincethayes@gmail.com,US
jamesmahle021@gmail.com,US
stfun.taily@hotmail.fr,FR
peepsgoneright@gmail.com,US
dragon_senpai@mail.ru,US
watgunner@gmail.com,US
frozenintime86@gmail.com,US
lobomon621@gmail.com,US
normelniere@gmail.com,US
palls-settees.0o@icloud.com,US
darkironboi@gmail.com,US
satolix.games@gmail.com,FR
jazzdlorey@gmail.com,US
djrules0130@gmail.com,US
openskystang10@gmail.com,US
dashyscience@proton.me,US
aidanmoss960@gmail.com,US
agrilid@gmail.com,US
tyler2006nd@gmail.com,US
kyleblank0098@gmail.com,US
phinman777@hotmail.com,US
miareid8279@gmail.com,FR
dnlweber25@gmail.com,US
kaitlyneb23@gamil.com,US
dariuspitts26@gmail.com,US
martintourbier007@gmail.com,FR
rougethesissy@gmail.com,FR
aliceisdead@gmail.com,US
cam.pennick@gmail.com,US
justinqdinh@yahoo.com,US
duneval@yahoo.com,US
tsharptin@gmail.com,US
samuellink319@gmail.com,US
xcsean92@aol.com,US
dimpandre2@gmail.com,IT
miked258@gmail.com,US
smatispoozy@gmail.com,FR
ytfree850@gmail.com,US
cognate_sangria0q@icloud.com,US
pratbagnato@gmail.com,IT
nshc02@gmail.com,US
taylor2truitt3@gmail.com,US
fatal0e@gmail.com,US
tjprewj2002@gmail.com,US
dipsydoodle2x2@gmail.com,US
therealrusty1970@gmail.com,US
lebourg.emile@gmail.com,FR
yestingsmeier@protonmail.com,US
sebcaen@gmail.com,FR
camdog41806@gmail.com,US
apoc.anarky@gmail.com,US
acount0g@gmail.com,US
alexander.paulos@gmail.com,US
medicmeyer106@icloud.com,US
rachel.knoblich@gmail.com,US
gotggamers@yahoo.com,US
noahflorey60@gmail.com,US
dindod@vcu.edu,US
muffenman72@yahoo.com,US
shortstuff1297@gmail.com,US
arielkane6@gmail.com,FR
smartfootball70@gmail.com,US
stinadrawsthings@gmail.com,US
cblewellyn@yahoo.com,US
hamly12@gmail.com,FR
sniffsnortski@gmail.com,US
brandonoburn@gmail.com,US
anozome@outlook.fr,FR
dakota.white2005@gmail.com,US
mark.g25@yahoo.com,US
eaglefeather2002@gmail.com,US
mhowser32@gmail.com,US
evalynwallenhenderson@gmail.com,US
tea64132@gmail.com,US
femboysb@gmail.com,US
dhudak78@protonmail.com,US
chris.leapforce@gmail.com,US
wolfkeeper98@gmail.com,US
erikdulyea86@gmail.com,US
bruhmoment9345@gmail.com,US
xxnathandubstepxx@gmail.com,US
sierra.r.snyder@gmail.com,US
maxforbus321@gmail.com,US
jdst4r@gmail.com,US
william_scott-ryon@protonmail.com,US
annasintini59@gmail.com,IT
liz.o.grenet@gmail.com,US
werlwasnicholas@icloud.com,US
zcq12nlv@protonmail.com,IT
ujbaaa8894@gmail.com,US
jwbplr@gmail.com,US
lacrypanties@yahoo.com,US
nguyenlaura57@gmail.com,FR
giosauraus22@gmail.com,US
always.stand.out@gmail.com,US
titi.jeej@gmail.com,FR
thecoolrider55@gmail.com,IT
djiphone817@gmail.com,US
nia.ellis3@aol.com,US
mynewbestfriend@protonmail.com,US
slavensnative@gmail.com,US
alexandre_piter@live.fr,FR
kingfear34@yahoo.com,US
contemplatingastronaut@gmail.com,US
pawliks033@gmail.com,US
burq12121@gmail.com,US
austinmathews1402@gmail.com,US
lukeluke18@gmail.com,US
denelith@gmail.com,FR
wonderhusky26@gmail.com,US
peach15251@gmail.com,FR
marriee.161@gmail.com,US
jm7322730@gmail.com,US
braunbeck.dylan@gmail.com,US
hobbes145@gmail.com,US
yunossb@gmail.com,US
amarokcoriton@gmail.com,FR
laniusphilicia@gmail.com,US
uandan8@gmail.com,FR
nolanleininger@gmail.com,US
kaine1278@yahoo.com,US
die83@proton.me,US
plittamus@gmail.com,US
mayouparis7511@gmail.com,FR
dcopeland01@icloud.com,US
taylortippie@outlook.com,US
nigroluv42@gmail.com,US
unreadmirror@gmail.com,US
brettski35620@gmail.com,US
lephiristhegobscene@gmail.com,US
roman-wolfkill@mail.ru,FR
dalabree@icloud.com,US
stingerdrip@gmail.com,US
upandcumming64@gmail.com,US
browning8675309@gmail.com,US
armpochta2015@gmail.com,US
antoine.pigou41@gmail.com,FR
brandon.call92@gmail.com,US
robertoibap@gmail.com,IT
aaronwoody123@gmail.com,US
dragonlady2003@sbcglobal.net,US
anxietyriddledteen@gmail.com,US
crsbedford89@gmail.com,US
kylekirby22@gmail.com,US
catgirlaishafyre@proton.me,US
moranalexander2014@gmail.com,US
sobotaamber64@gmail.com,US
jaxherrera1124@gmail.com,US
thechelseastorm@gmail.com,US
caiopepe@hotmail.com,IT
jimmy.stubbs951@gmail.com,US
dmcdonaldthg@gmail.com,US
gage.handevidt02@gmail.com,US
naborslogan@gmail.com,US
tmgoodart@gmail.com,US
kaipiard@gmail.com,US
rat.dxddy69@gmail.com,US
douchekbag12@gmail.com,US
nerdygingy@gmail.com,US
yddhdb309@gmail.com,US
snowcat10123@gmail.com,US
ogimsorryi@gmail.com,US
smokey.lt35@gmail.com,US
clementmaltete44100@gmail.com,FR
superfudgebrownie@gmail.com,US
kevin.klop@gmail.com,US
alastorc413@gmail.com,US
chrisrich.martinez@gmail.com,US
loic.troyesdubois@sfr.fr,FR
quintinknott7650@gmail.com,US
lilsatty22@gmail.com,US
y9oy2o@gmail.com,FR
greenboy81@yahoo.com,US
stephaniemariescan03@gmail.com,US
aysenursenoltry@gmail.com,FR
wisecracker040@gmail.com,US
jsilverman02@gmail.com,US
deltawilliam04@gmail.com,US
titouenbrosare@gmail.com,FR
sfthrowaway9@gmail.com,US
dali65418@gmail.com,IT
wadsleymason@gmail.com,US
calebeman.720@gmail.com,US
mdie2864d@proton.me,FR
ryan.mclennan2@gmail.com,FR
arxhlight@gmail.com,US
frickbuff@gmail.com,US
carlaxmlle@gmail.com,FR
phillip.spina93@gmail.com,US
clinejay3@gmail.com,US
todd@barkleigh.com,US
thedragonian115@gmail.com,US
slyfoxhound103098@gmail.com,US
dgafourova@gmail.com,FR
kendziorskianthony@gmail.com,US
o.chudova2305@gmail.com,IT
glomfatkins@gmail.com,US
tyler00704@gmail.com,US
randumtrulu@gmail.com,FR
amitchell0263@gmail.com,US
animixyon33@gmail.com,IT
spikle99@gmail.com,US
arimachitoma@gmail.com,US
megacoven888@gmail.com,US
paintmealine@gmail.com,US
ajjones072297@gmail.com,US
dustytrailz@icloud.com,US
williamjonns181@gmail.com,US
dphgamez6@gmail.com,US
amanda_king34@aol.com,US
tiphani.allene.schysm@gmail.com,US
deardeuffjacob@gmail.com,US
dragontyrant19@gmail.com,US
maurizio.brxxx@gmail.com,IT
sweetactiondakm@gmail.com,US
whoviannorah@gmail.com,US
mellowtheguy@gmail.com,US
metvelle@aol.com,US
homenkovacheclav@gmail.com,US
malignebaj@gmail.com,FR
chaseaiacct@gmail.com,US
pokemaster94.2014@gmail.com,US
dairionchampion@gmail.com,US
summizac0@gmail.com,US
yaremchuk.yarik@gmail.com,FR
benny777cbb@gmail.com,US
hagisher@outlook.com,US
imashadowno1@gmail.com,US
penicjess@gmail.com,US
kylemay96@gmail.com,US
personne.icibas@gmail.com,FR
michaelzhegorin@gmail.com,US
jaydashed@gmail.com,US
ezrawegman@protonmail.com,US
j.d400081@yahoo.com,US
specter454@yahoo.com,US
helluvaboss01@gmail.com,US
shatuskyd93@gmail.com,US
nelsonrohrbach@gmail.com,US
tannerlkennedy@gmail.com,US
campcity@outlook.com,US
thetreefortboys1@gmail.com,US
licornator125@gmail.com,FR
grandtorino522@gmail.com,FR
fillthevoidmail@gmail.com,US
adorableburntbread@gmail.com,US
salidg19@yahoo.com,IT
clashyhassan@gmail.com,FR
valkyrionart@gmail.com,US
alexbroken925@gmail.com,US
ilacerkasin026@gmail.com,FR
michaelroyston474@gmail.com,US
rejkobaasi@gmail.com,FR
matce357@icloud.com,US
dklj3049@outlook.com,US
joemmjr@gmail.com,US
danielfallout4@gmail.com,US
codycasura16@gmail.com,US
5ashleyhargreeves8@gmail.com,US
midplayai@gmail.com,US
juliancourtright.ripley@gmail.com,US
bastien@sclafer.com,FR
lu_li@ucsb.edu,US
corycourage@gmail.com,US
gigglebot1010@gmail.com,US
pacothegreat1996@outlook.com,US
kochkrystal@gmail.com,US
iverjade@hotmail.com,US
deadslade49@gmail.com,US
rovingluke2@gmail.com,US
nethashia727@gmail.com,US
simonearle16@gmail.com,US
sexypiggies28@gmail.com,US
shadowoftheseven@gmail.com,US
bluetreelanshu@gmail.com,US
lailamarion63@gmail.com,US
nocturnalsniper@gmail.com,US
brandonrobinson305@gmail.com,US
rojstanton@gmail.com,US
kycheedragon1@gmail.com,US
cinnamoncocoa1@proton.me,US
jon5135683395@gmail.com,US
yeeesquidward@gmail.com,IT
giovannidesantis222@gmail.com,IT
jvore1@yahoo.com,US
sonicmonster74@gmail.com,US
legokid750work@gmail.com,US
laney.m74@hotmail.com,US
protrippyart@aol.com,US
j6777310@gmail.com,US
snallbubba@gmail.com,US
caidenyoung1010@gmail.com,US
jpdokkanplayer77@gmail.com,US
amanderz74@gmail.com,US
ecv.poncho@gmail.com,US
cnnrtmckwn@gmail.com,FR
jacemedina159@gmail.com,US
timherhollybrook.16@gmail.com,US
ereeendov@gmail.com,FR
hollowedcrest@gmail.com,US
cycleguy3474@gmail.com,US
endlessclaw@gmail.com,US
starrtressa62@gmail.com,US
timothykeith863@yahoo.com,US
prophetofsecret@gmail.com,US
guydu333@gmail.com,FR
briansandrini@yahoo.com,US
joseph.cabanis2@gmail.com,FR
stbmr80@proton.me,US
danilakon2010@gmail.com,FR
ryanhumer@gmail.com,US
highdarkgamer@gmail.com,US
stealth.vsp@outlook.com,US
trombone0@gmail.com,US
nrb2038@gmail.com,US
justincrabtree1987@gmail.com,US
arescodetail@gmail.com,US
exodus0529@gmail.com,US
bobertbob85@gmail.com,US
exilotter@gmail.com,US
lyamaguchi69@gmail.com,US
craftywarrior1122@gmail.com,US
nastronoodle@gmail.com,US
musicrocker95@aol.com,US
tdmizerthemyth@gmail.com,US
greenshadow147@hotmail.com,US
yarkuz212678@gmail.com,IT
phnxdrgon@yahoo.com,US
petra.vitale022@gmail.com,IT
dameonf05@gmail.com,US
aman2024@usa.com,US
sartovakaissa160@gmail.com,US
moemate.exponent964@passmail.net,US
michaeltomasoni79@gmail.com,IT
caaaaamillo@gmail.com,IT
redditor59@gmail.com,US
sliponbybit@gmail.com,US
pollockharley191@gmail.com,US
gidgetgirl20@gmail.com,US
connordeveaux@gmail.com,US
daveverghetti@gmail.com,IT
azureaizutnk@gmail.com,US
mabbat37@gmail.com,US
nikolas.williamson@yahoo.com,US
fisher.isaacm@gmail.com,US
xltrawr@gmail.com,US
dragonkingstone97@gmail.com,US
thudwells14@gmail.com,US
zainzaffar23@gmail.com,US
theraptoradmiral@gmail.com,US
holylotus501@gmail.com,US
ivancrabtree62@gmail.com,US
connorcsmith3113@gmail.com,US
nikitakochnev@yandex.ru,IT
haeclee060@gmail.com,US
moosegamesboi@icloud.com,US
konatatan2011@aol.com,US
weskerama@gmail.com,US
camerashyguy27@gmail.com,US
fayard118@gmail.com,US
evil_leprechuan@yahoo.com,US
pcdeathgamer@gmail.com,US
driveredits@gmail.com,US
teenaf.abbott@gmail.com,US
aiwacker733@gmail.com,US
aaroncope74@proton.me,US
oldfeking@gmail.com,US
bellaismyfavorite@duck.com,US
artur.z07.gmail.com@mail.ru,FR
martin.nevoranek@gmail.com,US
alphalupi51899@gmail.com,US
carce4917@gmail.com,US
mtrefeth@gmail.com,US
hoytj9188@protonmail.com,US
undetermined516@yahoo.com,US
914andrew@gmail.com,US
ol_arestov@mail.ru,FR
jabdielduprey@gmail.com,US
scoobydog111@gmail.com,FR
auteuranonyme1981proton.me@proton.me,FR
blackxzavier517@gmail.com,US
mattufreehling@gmail.com,US
axeoul@gmail.com,FR
zechjarrell@gmail.com,US
personmanguy1324657@gmail.com,US
gamerboii855@gmail.com,US
jeffersonayianna@gmail.com,US
makusansusama@gmail.com,FR
rosalj2999@gmail.com,US
rscout96@gmail.com,US
hhunh190@gmail.com,US
cosimomombello@hotmail.it,IT
dcrawford13@hotmail.com,US
milla.ri.89064637764@gmail.com,US
moneyshotmw3@gmail.com,US
jeinningsworldofwarcraft@gmail.com,US
semyon21811@gmail.com,US
fixitfedora@gmail.com,US
onemorecupofcrazy@gmail.com,US
christianadiatmadja@gmail.com,US
waterdragon91100@gmail.com,US
basedlordswag22@gmail.com,US
mcmahon_cameron@yahoo.com,US
number1justin@gmail.com,US
logan.firespinner@gmail.com,US
rileym5825@gmail.com,US
zanzanzero0@gmail.com,FR
alicemarie.marquez@gmail.com,US
gam3r_nerd@hotmail.com,US
byrumnoah@gmail.com,US
zeki131437@gmail.com,US
champ.stitch.12@gmail.com,US
fatihtll02@gmail.com,FR
kwalixx@pm.me,FR
jrdchamp@aol.com,US
redcolor88000@gmail.com,FR
tlinne45@gmail.com,US
rose.piercy04@yahoo.com,US
roslynboy@hotmail.com,US
throwaway01022000@gmail.com,US
a.yzaguirre@yahoo.com,US
orbitalfreakshow@gmail.com,US
professionally1oser@gmail.com,US
m3donky@gmail.com,US
jestyn.geist13@gmail.com,US
gys588888@sina.com,US
jokinjoe112599@aol.com,US
helpingkevin@outlook.com,US
ashcinder2008@gmail.com,US
starmaiden26@yahoo.com,US
oskar@meine.mail.de,US
enricopandin63@gmail.com,IT
amanda.la.mancha@gmail.com,US
corny1979de@t-online.de,FR
callummaclean341@gmail.com,US
zrack25@gmail.com,US
lions.superbowl.2025@gmail.com,US
hints.mantas-0@icloud.com,US
nickszafran@gmail.com,US
cylinderz@protonmail.com,US
ljturner1992@hotmail.com,FR
lukemonroe24@gmail.com,US
chapman.kenneth.thomas@gmail.com,US
deadmangaming05@gmail.com,US
garneybelial@gmail.com,US
sinandtonic1@gmail.com,US
1dnado05@gmail.com,US
joshuafarmer23@gmail.com,US
marbler24@protonmail.com,US
tbelmore2@gmail.com,US
behemoth_darkness@hotmail.fr,FR
gabehorn4@gmail.com,US
rithkin777@gmail.com,US
sarab4m695@gmail.com,US
titi18.hobi@gmail.com,FR
smashxbit@gmail.com,US
cebbl@yahoo.com,US
deepbluevoids@proton.me,US
ijustmadethisitisnotreal@gmail.com,US
jonathanservantez@gmail.com,US
dannyttt87@gmail.com,US
jblavender@gmail.com,US
tyson92799@icloud.com,US
lyric803sdragon@gmail.com,US
med510660@gmail.com,FR
bethadiamond.desire@gmail.com,US
space3855@mail.ru,FR
sledbloe1@gmail.com,US
wotckid@gmail.com,US
aaliyah.sampson93@gmail.com,US
jessiferthomas@gmail.com,US
angmason234@gmail.com,US
ryanzhang45@gmail.com,US
williamblackwood0290@proton.me,US
aceofspades939@gmail.com,US
tamtam12805@gmail.com,US
mimirillium@gmail.com,US
heskell66@gmail.com,FR
zubera1999@gmail.com,IT
mopsar007@gmail.com,US
mathildefilippi33@gmail.com,FR
spookeez223@gmail.com,US
jasonboddie@gmail.com,US
miller199499@gmail.com,US
globewalker7@gmail.com,US
bradym1107@gmail.com,US
ricobloem54@outlook.com,FR
jaisucrigaming@gmail.com,FR
just.2.ravens@gmail.com,US
bluemothling@gmail.com,US
uno7947@gmail.com,US
whiteranger689@gmail.com,US
questofbinaries@gmail.com,US
dmstokes27@gmail.com,US
kim0419ify@gmail.com,US
williamkile15@gmail.com,US
hjake1154@gmail.com,US
konnelkallon01@gmail.com,US
darkheavens321@gmail.com,US
merinov.maxm@gmail.com,FR
progenitus8192@protonmail.com,US
prattxander054@gmail.com,US
808hayhay@gmail.com,US
che_piojito@hotmail.com,US
degreeyes7@gmail.com,US
ismaelc244@live.com,US
iredpandagaming@gmail.com,US
briannaberry92@yahoo.com,US
azulabluequeen@gmail.com,US
daniel.nevarez@yahoo.com,US
robbie.flint.wsd@gmail.com,US
ninjahunter747@gmail.com,US
najarin35@yahoo.com,US
r.ferriera@gmail.com,US
v.alexlopez@gmail.com,US
machrisorband@gmail.com,FR
bobbyloveslaura@hotmail.com,US
jjshaw19@gmail.com,US
traviswinemiller5@gmail.com,US
chaguip99@gmail.com,US
johnjon640@myyahoo.com,US
findan17@gmail.com,IT
deedeedee4@gmail.com,US
peytondavison25@gmail.com,US
silvernightfellow838@gmail.com,US
farronfollower@gmail.com,US
bykova035@gmail.com,US
askara.morgath@gmail.com,US
generalsandyhippo@gmail.com,US
mistae2469@yahoo.com,US
nlilly98@gmail.com,US
e.venture334@proton.me,US
aidenlexenstar69@gmail.com,US
lizanncarter15@yahoo.com,US
atyler53@aol.com,US
catte861@gmail.com,US
noahsaccoccio@gmail.com,US
calebhaygood2008@icloud.com,US
danielsprice@gmail.com,US
evans71380@gmail.com,US
hamburgerlover909@gmail.com,US
adjrienkoolkid@gmail.com,US
ivanwilly@hotmail.it,IT
austinmlee2007@gmail.com,FR
natleethe3rd@gmail.com,US
weegee158@gmail.com,US
newguys877766@gmail.com,US
bexandabbles@gmail.com,US
meep707@yahoo.com,US
rawrbinator@hotmail.com,US
inkrend@gmail.com,US
sgtwoods583@gmail.com,US
bmoerck@yahoo.com,US
paigebummz@gmail.com,US
burnerlamelo@gmail.com,US
flargrah@gmail.com,US
yeldradsojen@gmail.com,US
spicyzombieai@gmail.com,US
hubbub.corns_06@icloud.com,US
chav23710@gmail.com,US
jsc_cvfd_1233@yahoo.com,US
hnoah025@gmail.com,US
osefast@proton.me,FR
juliandrunion@gmail.com,US
bri.v.quiroga@gmail.com,US
rave8895@gmail.com,US
throwaway08242019@gmail.com,US
pandemicachaos@gmail.com,US
playgameappsuc@gmail.com,US
tardis196240@gmail.com,US
yvstadt@gmail.com,US
nightaller@proton.me,US
tissismynext@gmail.com,US
ethanwalkham@googlemail.com,US
brennanburke8@gmail.com,US
austinplace11@gmail.com,US
ssnowsparkle@gmail.com,FR
svendirkes@yahoo.de,FR
jluis12749@gmail.com,US
tgirlkarils@gmail.com,US
omarkapl44@gmail.com,IT
kavali5431@gmail.com,US
gabraloisio@gmail.com,IT
itachiobito6666@gmail.com,FR
mcgurk34@gmail.com,US
chibicaicai@gmail.com,US
nic04miller@gmail.com,US
carsonfreer2007@gmail.com,US
xzyzx696@gmail.com,IT
awesomenate22@gmail.com,US
thrashmetal07@yahoo.com,US
jmorris272002@gmail.com,US
brandirathbun@yahoo.com,US
dodglinwright@gmail.com,US
zacharymcclure2012@gmail.com,US
gurosenpaii@gmail.com,US
sam.bourached01@gmail.com,US
ktlong357@gmail.com,US
joeracioppi11@gmail.com,US
shinnyoverwatch@gmail.com,FR
jovegasm@gmail.com,US
itsjaspervr@gmail.com,US
emilymalcahwinter@gmail.com,US
kimmibear45@gmail.com,US
valkyrieroseofbedlam@gmail.com,US
aboni150extra@gmail.com,IT
connorcsmith1997@gmail.com,US
nouishomlinson93@yahoo.com,US
domonlordddg@gmail.com,US
davidd7731@gmail.com,US
bmorris1007@gmail.com,US
bakersdoeszen@gmail.com,US
yamashitarie_cr@ymail.com,US
bretoncapps120904@outlook.com,US
zbgearsofwar95@gmail.com,US
neith1242@gmail.com,US
tashaunalston@gmail.com,US
amazingfulness23@gmail.com,US
greatgamerk13@gmail.com,US
ryanejohnson@comcast.net,US
dannymcphaul@gmail.com,US
amarilinmontantes2704@gmail.com,US
nendoroidtacos@gmail.com,US
alexa.ndye@gmail.com,US
thunderkid2029@gmail.com,US
thirteenthfox@gmail.com,US
mathis.greciet@yahoo.fr,FR
jake.wright84@gmail.com,US
isaackazmierczak@gmail.com,US
razorbby605@gmail.com,US
smujtabapam@gmail.com,US
kingty1124@gmail.com,US
seangallagher5000@gmail.com,US
tupperturtle@gmail.com,US
ctcg0904@gmail.com,US
fabien.renella@gmail.com,FR
myhafa.lol@gmail.com,US
simo92.rinaldi@tiscali.it,IT
ateallyourbees@aol.com,US
shivsstash@gmail.com,US
pitneymatthew300@gmail.com,US
m0rph10u5@hotmail.com,US
jdbailey2992@gmail.com,US
rnewton1208@icloud.com,US
kh19882011@hotmail.com,US
halcyon0209@gmail.com,US
dd9109564@gmail.com,US
firebolt193@gmail.com,IT
sissy_bri@ao.com,US
brussell15x@aol.com,US
remishalok1442@gmail.com,US
mat.ty@live.it,IT
maya.henderson18@gmail.com,US
snipercobra102@gmail.com,US
felixraust@gmail.com,US
miscrafteur.server@gmail.com,FR
johnnyquan70@gmail.com,US
krjschumann2004@gmail.com,US
oldgreg3535@gmail.com,US
eldgibbsja123@gmail.com,US
alexshook621@gmail.com,US
shawn_leduc@aol.com,US
dib13of@gmail.com,US
matt.bethune@gmail.com,US
middlebrookskendall@gmail.com,US
sermit20020910@gmail.com,FR
d4390923@gmail.com,US
maxwellplaystation013014@gmail.com,US
timothy.a.simmons@gmail.com,US
dracocius@gmail.com,US
freeocrkey@gmail.com,US
alyssacourtsen@gmail.com,US
one4battle@gmail.com,US
staciebunnyy@gmail.com,US
davisjaybird2003@outlook.com,US
laroseprofonde@hotmail.fr,FR
erikdchoffman@gmail.com,US
charlieh1992@gmail.com,US
janetjeene@gmail.com,US
teambananyas@gmail.com,US
sptempo70@gmail.com,US
hartmanjon42@gmail.com,US
ktbrown05@gmail.com,US
shounenne@gmail.com,FR
adiabeticpony@gmail.com,US
paolorenetti@gmail.com,IT
dackid19@gmail.com,US
shinymettagross@gmail.com,US
jimmyberry386@gmail.com,US
mattmcoates7@gmail.com,US
jackofgames3@gmail.com,US
angeladixonn@gmail.com,US
nanoesporafeliz@gmail.com,FR
chickenfeet070@gmail.com,US
melissap0498@proton.me,US
ythir1@proton.me,FR
octavia.p.melody@gmail.com,US
otterofthesky@yahoo.com,US
patreon.ranvier7@gmail.com,US
cyanthewolf1@gmail.com,US
waweegeenum1@gmail.com,US
santaro64@gmail.com,US
remicks94@gmail.com,US
iceaes009@gmail.com,US
blankd724@gmail.com,US
wronan44@duck.com,US
ccooley60@gmail.com,US
blacknedwer37@gmail.com,US
travis.halky@gmail.com,US
saiya29675@gmail.com,US
waroonunlimited@gmail.com,US
keeganshriver@gmail.com,US
joshua.dillon1313@gmail.com,US
logancalvert2002@gmail.com,US
darkutauloid@gmail.com,US
redwater357@gmail.com,US
afxengineer@gmail.com,US
ummmume@gmail.com,US
wsurman@yahoo.com,US
alastorsoverlordqueen@gmail.com,US
lalumley8@hotmail.com,US
gyutaros683@gmail.com,US
kmcintyre42@gmail.com,US
sourwormz12@gmail.com,US
joeuserton@proton.me,US
jonwillcstrife@gmail.com,US
harxnie@gmail.com,US
dlusito539@gmail.com,US
tfbslover@gmail.com,FR
skyfeather332@gmail.com,US
varthfalchion@gmail.com,US
sebcjm@gmail.com,FR
stephwehage@gmail.com,US
johcon677@gmail.com,US
223weesnake@gmail.com,US
sycamo123@gmail.com,US
towerdefensefrostblaster@gmail.com,US
jellyjamcula@gmail.com,US
nasirford05@gmail.com,US
aydabunny@gmail.com,US
atomictraveler1@gmail.com,US
delace696@gmail.com,US
bronco234518@gmail.com,US
toddl117@live.com,US
gothicfurry@gmail.com,US
williamyo15@gmail.com,US
chrisjmanges@gmail.com,US
acristallini07@gmail.com,IT
thojawi@icloud.com,US
austinalexis2001@gmail.com,US
mcortese274@gmail.com,US
jerryhamp135@yahoo.com,US
mullerwolff@gmail.com,US
rompusraptor@gmail.com,US
damaj.scott319@gmail.com,US
reice831@gmail.com,US
jessebarnes23@icloud.com,US
peter-loehr-privat@web.de,US
rickeymaxwell@aim.com,US
johnjon9909@gmail.com,US
m7gavre3@gmail.com,US
lehelp654@gmail.com,US
puyopu89@gmail.com,FR
dianaafton34@gmail.com,US
frostworlddragon@gmail.com,US
fergusoncarter032@gmail.com,US
austin1301.ac@gmail.com,US
w.movahedi@gmail.com,FR
drokkay@gmail.com,FR
daniellindsey21@yahoo.com,US
bizy14321@gmail.com,US
jessicamills457@gmail.com,US
annasarksie@gmail.com,US
princesstrenise36@gmail.com,US
2450183969@qq.com,US
selsoph94@gmail.com,US
dngmacleod1992@gmail.com,US
annilchen@yandex.ru,US
coyrusfairy67@proton.me,US
diegoagarcia1000@gmail.com,US
spellinfusedeyes@gmail.com,US
phantomphoenix442@gmail.com,US
dappers99@gmail.com,US
davidetabella2003@gmail.com,IT
lzikeml@mail.ru,US
usolistz@gmail.com,US
hwanhwan0j@gmail.com,US
matthewdouglaswood@gmail.com,US
charlesjeffrey49@gmail.com,FR
lulzyinthehouse@gmail.com,US
fwoohmht@sharklasers.com,US
ariellebfulk@gmail.com,US
cajundood@protonmail.com,US
jace.cassity16@gmail.com,US
chrisapotheker@gmail.com,US
waltr.go@gmail.com,US
jimmerlarmon000@gmail.com,US
cheyannekozell@gmail.com,US
thegaebolga@gmail.com,US
luminatesparkle@gmail.com,US
dreamflyer22@gmail.com,US
jakepolson71@gmail.com,US
canil8900@gmail.com,US
cgerrs8113@icloud.com,US
perle272000@gmail.com,FR
smj96462@gmail.com,US
charcoalpitbull2@gmail.com,US
nicothenormalperson@proton.me,US
pervoid@yahoo.com,IT
faealq@gmail.com,US
mastercharizard080502@gmail.com,US
pilzhia@gmail.com,US
dazepan@gmail.com,US
sadiedog24@gmail.com,US
blargblargblarg420@gmail.com,US
raffaella.guglielmino@gmail.com,FR
bubbaray98@gmail.com,US
travispeek1997@live.com,US
bertnorcross@gmail.com,US
cody.tatro@yahoo.com,US
smallwoodkimberly5@gmail.com,US
dylangarzax@gmail.com,US
samuel.fleetwood@outlook.com,US
mikehonchomoneys@gmail.com,US
hjwaters0913@gmail.com,US
fspoon64+alt@gmail.com,US
fignewt91@gmail.com,US
10knharris@gmail.com,US
smilingsteve94@gmail.com,US
averytmartinezii@gmail.com,US
moonnote.org@gmail.com,US
josef.yeager@gmail.com,US
pantyspankcd@aol.com,US
morgan.severin21@gmail.com,US
yourshawtyy@mail.ru,US
thadmaiers1@gmail.com,US
stinkiestwastebasket@gmail.com,US
hburton0807@gmail.com,US
zibaatt@yahoo.com,US
samuel.m.boosey@gmail.com,US
sqwcz.orsbia@outlook.it,IT
benreill888@gmail.com,US
fewritter@gmail.com,US
jackskellington784@protonmail.com,US
beemus@gmail.com,US
realekaka@gmail.com,IT
bsage232@gmail.com,US
thesimpleguy423@proton.me,US
brightbluedoor24@gmail.com,US
trafalgarkyrex@gmail.com,US
edward.r.f.35@gmail.com,US
cerberus2actual@gmail.com,US
schwarzarina@gmail.com,FR
shadowdancer1986@gmail.com,US
waj22415@gmail.com,US
bryanfoy86@gmail.com,US
jimbrandl@yahoo.com,US
morganbenton97@gmail.com,US
tossed123121@gmail.com,US
kiborg472929@gmail.com,FR
t.balandret@gmail.com,FR
ortega.javier543@gmail.com,US
drakegoldscale@protonmail.com,US
revy.psyren@gmail.com,US
tybeast1@yahoo.com,US
projectzeroescape@protonmail.com,US
zzieggy1390@gmail.com,US
edward2mpu@yahoo.com,US
voiceapple385@gmail.com,US
lenaj18myself@gmail.com,US
soaringangelfullmetal@gmail.com,US
puppychus@gmail.com,US
vmenko369@gmail.com,FR
bnoonr@gmail.com,US
zbeach04@gmail.com,US
devlyn616@gmail.com,US
lerradevlyn@gmail.com,US
sharizze.gabriana@gmail.com,US
trimtram2@gmail.com,US
notadeclaration@gmail.com,US
kafdancer87@gmail.com,US
zoe_calfee@yahoo.com,US
anthrodragon@icloud.com,US
squeekydragon@gmail.com,US
bullethelot@proton.me,US
nonoel368@gmail.com,US
synderscheisse@gmail.com,US
giovanjosselin@gmail.com,FR
druidicnaga@protonmail.com,US
kris.klykens@gmail.com,FR
jasonnutter@live.com,US
wolfgangpaxton69@gmail.com,US
masonplaysbass37@gmail.com,US
geofrais@hotmail.fr,FR
hickman2482000@yahoo.com,US
jonesashton07@gmail.com,US
velascodavid2001@gmail.com,US
kitsuneofthewind@gmail.com,US
tranquility1864975@gmail.com,US
garetburns@yahoo.com,US
leete_88@yahoo.com,US
emmusement@gmail.com,US
oddballvan@gmail.com,US
eliasennaji@gmail.com,FR
flyingimstop@gmail.com,US
exodusfollower@gmail.com,US
jitsmonkey8@gmail.com,US
00100002a@gmail.com,US
jeremy.lowe22@yahoo.com,US
worthy2332@gmail.com,US
davion0726@gmail.com,US
nikitavictoria462@gmail.com,US
wla0814@gmail.com,US
voldogear@gmail.com,US
hameedjawad75@gmail.com,US
hjhelling@gmail.com,US
dplitt3@gmail.com,US
grimmisfit@gmail.com,US
bestboynagito@gmail.com,US
kajawoloszyk@gmail.com,US
byronjewell05@yahoo.com,US
thefoxesshadow2113@gmail.com,US
marchooijenga@gmail.com,FR
jenniferkayshaw@gmail.com,US
anthohope7@gmail.com,FR
daltonkeen43@gmail.com,US
vanessahorton66@yahoo.com,US
adullahan@proton.me,IT
amthrowawayy@gmail.com,US
hayoung0426@yahoo.com,US
trthefool@gmail.com,US
correscriber@gmail.com,US
joseph.joestar.blood@gmail.com,US
feorrar@gmail.com,US
bedeltoro16@gmail.com,US
crossroadsoflife0@gmail.com,US
cool.genadiy2@gmail.com,FR
mikohanabi@gmail.com,US
aphroditezodiac10@gmail.com,US
ryannasoule@gmail.com,US
parkfrye@gmail.com,US
spicydionysus@protonmail.com,US
lucasdude19922@gmail.com,US
asuka7.anime@proton.me,FR
puellamagica1988@gmail.com,US
amirgeorgiev123@gmail.com,FR
yebuu@gmail.com,FR
tydaveyboi@gmail.com,US
natyliahh3007@gmail.com,US
nicbritos.gm@gmail.com,IT
antoniomccullen@outlook.com,US
rodompod@gmail.com,US
arnaud_delevacque@hotmail.fr,FR
thomasbates15@gmail.com,US
maxjosborne@gmail.com,US
stabbedintheface@rocketmail.com,US
sesshomaru001@yahoo.com,US
ndoris555@gmail.com,US
anthonyklein0798@gmail.com,US
donald.braack@gmail.com,US
njamaster00@gmail.com,US
kadygrooms@gmail.com,US
lostsoul461@gmail.com,US
pepitogamermx@gmail.com,US
shadowedenderman@gmail.com,US
bendlamb2@gmail.com,US
thisisinusenow@gmail.com,US
jerry.armstead@students.selmacityschools.org,US
ocandy27@gmail.com,US
novikoff-dr.art@yandex.ru,US
yourgoddessnicolette@gmail.com,US
pcoleff@gmail.com,US
deejthathird@gmail.com,US
coltathome@gmail.com,US
chaosmaster113@gmai.com,US
briankmjr12@gmail.com,US
dalby1902@gmail.com,US
keganritz11@gmail.com,US
kirkwooddevell@gmail.com,US
rtparentela@icloud.com,US
daytka@gmail.com,FR
raidenisblind@gmail.com,US
lunarbabii12@gmail.com,US
clover.is.here.vibing@gmail.com,US
abbs.siegel@gmail.com,US
williamddenmark042309@gmail.com,US
jlwphelps@gmail.com,US
secretselina2343@gmail.com,US
cds8891@gmail.com,US
kthulosthegr8@gmail.com,US
qtr.moa@gmail.com,US
sirloganmoore@gmail.com,US
hustoncj2@gmail.com,US
lxmitedsmurf@gmail.com,US
seth.gibsonins@gmail.com,US
darth.vader.6695@gmail.com,US
arianajh8@gmail.com,US
david.vogl@valpo.edu,IT
civic1765@mail.com,US
soundtoyssieq@gmail.com,US
kyroin8@gmail.com,US
frankosir6@gmail.com,US
germancommander@gmail.com,US
galaxymarinex@gmail.com,US
19rayjohnson@gmail.com,US
jose19cuadro@gmail.com,US
rheitalass@gmail.com,US
syethomason10@gmail.com,US
fefemascolo@gmail.com,IT
spinoboy@charter.net,US
quintanillapatrick79@gmail.com,US
alexander275110@gmail.com,US
bobh@netzero.net,US
hlittleboogie@aol.com,US
zuesvess125@gmail.com,US
veiltree@tutamail.com,US
ibrahimromzi12@gmail.com,IT
fortesque0698@yahoo.com,US
nickpizza058@gmail.com,US
fanalexandr@mail.ru,FR
mirandacasey98@gmail.com,US
kayden0959@gmail.com,US
vegetanooooo@gmail.com,US
owenbrancanto@gmail.com,US
johnsnow19952020@gmail.com,US
sejlik345@protonmail.com,US
vaderbennettjr@gmail.com,US
fredwolf.hp@gmail.com,US
calt1014@gmail.com,US
yohan.maynard@gmail.com,FR
joncapers14@hotmail.com,US
juliahandy52@gmail.com,IT
asterminn@gmail.com,US
sissysteffi24@gmail.com,US
armeniabriana@gmail.com,US
m.j.s.pavao@gmail.com,US
muttbaker@gmail.com,US
darkdug@orange.fr,FR
arinalindemann@mail.ru,US
wolfbane6694@gmail.com,US
basharmeshal90@gmail.com,IT
fredrickboomer@gmail.com,US
gasperutti@gmail.com,IT
justanotherjohndoe@protonmail.com,US
colonelinlongnuts@gmail.com,US
patrickbancaire@gmail.com,FR
perekadarina@gmail.com,US
xxauraviperxx@gmail.com,US
lillogan003@gmail.com,US
jsq0090@gmail.com,US
guigui207@hotmail.com,FR
davideflory@gmail.com,US
casinthelion.lotro@gmail.com,US
deadendhorror@gmail.com,US
devinnobis478@gmail.com,US
monqueys@gmail.com,US
kjisbabey@gmail.com,US
josh0295@gmail.com,US
boomboomjr45@gmail.com,US
arseniipitrov@gmail.com,US
gy41234567890@gmail.com,US
racoonmanager@gmail.com,US
jospr61@gmail.com,US
vincymoly88@gmail.com,IT
grendelynden@yahoo.com,US
gamergabe1505@gmail.com,US
lydigrace9@yahoo.com,US
danieljohnmckee@gmail.com,US
michaelhahn0330@gmail.com,US
clarklacy@yahoo.com,US
kevinkac90@gmail.com,US
karailightning@gmail.com,US
corvenuctirenkanjo@gmail.com,US
theillusiveman777@proton.me,US
kay2.gren@gmail.com,US
redrover7802@gmail.com,US
shark_lasers_00@proton.me,IT
jjharbin907@proton.me,US
taomega20again@gmail.com,US
lostupasta666@gmail.com,US
crysroze@gmail.com,US
skbeilke@gmail.com,US
blahpunk37@gmail.com,US
lacsaw437@gmail.com,US
johndoefin9@gmail.com,US
d3athw1llf1ndall@gmail.com,FR
obalawi2020@gmail.com,US
hugopatinet@gmail.com,FR
srgsucks199@outlook.com,US
frustratedpenguin@protonmail.com,US
jfang0908@gmail.com,US
khaipetit47270@gmail.com,FR
charliesmith64@hotmail.com,US
lyterryan@gmail.com,US
wattpad9001@gmail.com,US
princemarthikelowell@gmail.com,US
masonm8e@gmail.com,US
dragonegg11404@gmail.com,US
bobmcdoverson@gmail.com,US
jordan.marie2893@gmail.com,US
jaredsama0@gmail.com,US
ronaldessi@yahoo.com,US
samstrommer@gmail.com,US
stark9914@gmail.com,FR
jeanneratv@gmail.com,IT
patrick.allshouse1907@gmail.com,US
spartankyle1@gmail.com,US
poprocks0503@gmail.com,US
85slambert@gmail.com,US
kaoruhitachiinsan@gmail.com,FR
pigzengamer2@gmail.com,US
dancsorobert92@gmail.com,FR
zwm1996@gmail.com,US
reeseofcourse@gmail.com,US
jancarlos4902@outlook.com,US
adrownedfrog@gmail.com,FR
hilzanne91@gmail.com,US
backbengi@proton.me,FR
techdemon6@gmail.com,US
mthi1083@duck.com,US
uchimakiproductions@gmail.com,US
charlessevering@yahoo.com,US
rrrailway333@gmail.com,US
hellobro231237@gmail.com,US
unclesyrinx@protonmail.com,US
liberiatuna@gmail.com,IT
danibeats12@gmail.com,US
vermillionstarking@gmail.com,US
nevynhendrix3@gmail.com,US
zicka0@gmail.com,US
geekmanhehehe@gmail.com,US
kylesjunkdump@gmail.com,US
cptbambi13@gmail.com,US
qwqwqwnikita@gmail.com,FR
ashleyrhodge28@gmail.com,US
kah827@icloud.com,US
fakemadboi376@gmail.com,US
syang334@gmail.com,US
jemmons1147@gmail.com,US
spoopywraith@gmail.com,US
zstlouis2005@gmail.com,US
rinnyarin01@gmail.com,US
nayrbee@gmail.com,US
briebrie1459@gmail.com,US
donnayarchive@gmail.com,US
thelastspartanonroblox@gmail.com,US
kile.maxwell@gmail.com,US
cjhembrough@gmail.com,US
lazysans2435@gmail.com,US
schulmannelijah@gmail.com,US
madison133168@outlook.com,US
koenqseqq11@gmail.com,FR
vcastt@gmail.com,US
brandonmikal613@gmail.com,US
czech1976@proton.me,US
diamondeyesthesableye@gmail.com,US
chrismccraney92@gmail.com,US
jacobwickerath@gmail.com,US
leewarden044@gmail.com,US
wdrach626@gmail.com,US
gygaxcooms@proton.me,US
tracehoward21@gmail.com,US
schreibs1122@gmail.com,US
matthewhallisawesome@gmail.com,US
moiarastarflower@gmail.com,US
zebiprod87@gmail.com,FR
harrisonlucasreiner@gmail.com,US
asanthributt@gmail.com,US
nikitichbutenko@gmail.com,FR
ggtriker93@gmail.com,US
hatsunemikufan77@gmail.com,US
anonforward@gmail.com,US
jasminechristinaslade@gmail.com,US
alexismenning13@yahoo.com,US
lizaparis96@hotmail.com,US
nickv.thehuman@gmail.com,US
amaterasu.okami101x@gmail.com,US
mrjaysherman@gmail.com,US
cicilagann@gmail.com,US
nonohoem55@gmail.com,US
fragneemma@gmail.com,FR
harrisbeasleykhyir@gmail.com,US
kjbdragon16@gmail.com,US
adamsb0303@gmail.com,US
laughingblock@gmail.com,US
bporter2004@gmail.com,US
ashtoe@icloud.com,US
taycunningham520@gmail.com,US
milomerfy7@gmail.com,US
sammysell69@gmail.com,US
ceddrickclimons@hotmail.com,US
mahope621@gmail.com,US
riad25l@hotmail.com,FR
ethanwarner7274@gmail.com,US
taetaevalien07@gmail.com,US
quella500chenonvamai@gmail.com,IT
burleyturkey69@gmail.com,US
lemaireanton.alm@gmail.com,FR
frozenfalls1998@gmail.com,US
sfvensfven2@gmail.com,US
lightdarkmoth@gmail.com,US
conner.baisley@gmail.com,US
johnmck90@gmail.com,US
yahooisbettercomparedto@gmail.com,US
lucasgtorchwood@gmail.com,US
whitespace_backup@aol.com,US
nabikisboy@gmail.com,US
fierychikensoda5@gmail.com,US
boohoonek@gmail.com,US
thenevtwo@gmail.com,US
crookyknows@live.com,US
karlies2603@gmail.com,US
clevelandhanna60@gmail.com,US
zorthax.black@gmail.com,US
nnellish@gmail.com,US
cheykapinos2018@gmail.com,US
astacey1106@gmail.com,US
perrie.unevoixunique@gmail.com,FR
dave_t@myyahoo.com,US
moonlitvampire93@aol.com,US
dixonant17@gmail.com,US
cooldog66.brothers@gmail.com,US
juarezmichael937@gmail.com,US
bobaari34@gmail.com,US
skyler.beasley@yahoo.com,US
ticcitoby134@gmail.com,US
siglerkameran@gmail.com,US
sunflower.whee@gmail.com,US
kayla.razogalvan14@gmail.com,US
mtravis1515@yahoo.com,US
gdegeldt@gmail.com,FR
jcbowers95@gmail.com,US
enigmaentertainmentstudio@gmail.com,US
luctator2016@gmail.com,US
awesomelemur@proton.me,US
mmeep94@gmail.com,US
alisa.kerl@mail.ru,US
dianaggarc2018@gmail.com,US
lucasrogerp@gmail.com,US
angelgabriel.diluna96@gmail.com,US
mickaylah09@gmail.com,US
flencensk@gmail.com,FR
renos.thaalmung@gmail.com,US
deathislifee87@gmail.com,US
zhuregson11@yahoo.com,US
billdollear67@gmail.com,US
austinsassy123@gmail.com,US
trallcs35@gmail.com,US
lennys_place@outlook.com,US
awsomeclner@gmail.com@gmail.com,US
marcomussi42@gmail.com,US
smokofficiell@gmail.com,FR
salopax150@gmail.com,FR
blaze_the_cat93@yahoo.com,US
hiimdedede@protonmail.com,US
bashematt@gmail.com,US
lucsgame@live.fr,FR
creepypastaman1337@gmail.com,US
tigrinzayac@gmail.com,US
kinokrome@gmail.com,US
valeriemoon84@gmail.com,US
bandaidonacat@gmail.com,US
nicholasestrada2059@gmail.com,US
corruptcosmo4@gmail.com,US
graceannegregg@gmail.com,US
iraira666999@gmail.com,US
ds3@tutamail.com,US
seniorcastigo@hotmail.com,US
brejohn268@gmail.com,US
smokeyrose6@yahoo.com,US
demonmatix@mail.com,US
mmoreau87@gmail.com,US
freddie.hampton@gmail.com,US
jain.koaren@gmail.com,US
johnriely746@gmail.com,US
davidsalgado114@yahoo.com,US
jacob.m.parson82@gmail.com,US
lexiecon12345@gmail.com,US
walrusyes@mail.ru,US
borisbritvin0@gmail.com,FR
b.pmail77769@proton.me,US
alexisfetterman@yahoo.com,US
kawaiiame3@gmail.com,US
minty.ash99@gmail.com,US
hben8590@gmail.com,US
phantomgoddemon@gmail.com,US
sanderwelch1@gmail.com,US
blueblonnetchannel@gmail.com,US
ch3dd4r@protonmail.com,US
raikiritobari@gmail.com,US
1738fellows@gmail.com,US
vashcopper@gmail.com,US
tophatlord@gmail.com,US
ghotstvarela2000@gmail.com,US
sethdeanmoe@gmail.com,US
sieben.5213@gmail.com,US
chefbroyardee444@gmail.com,US
w.janickaa@gmail.com,US
gabby.ruby99@gmail.com,US
erikksonjames75@gmail.com,US
light.book2360@fastmail.com,US
t_kevin87@yahoo.com,US
katecj99@hotmail.com,US
psmith4160@yahoo.com,US
notrubrakeparker@gmail.com,US
kawaiistarlight@gmail.com,US
patryk3201@protonmail.com,US
verna.henry404@goldfishgateway.com,FR
bigfartyouare@gmail.com,US
walterwisner19@gmail.com,US
eyelesstoby2021@gmail.com,US
lalonderises@gmail.com,US
jakcipher@gmail.com,US
friutmaster@gmail.com,US
sockpuppetqueen@gmail.com,US
goldshred.follower@gmail.com,US
non659xxx@gmail.com,FR
lupoh14@proton.me,US
kyojedah@gmail.com,US
xanthiasmith69@gmail.com,IT
enescraft@gmail.com,FR
konderco23@gmail.com,US
ichigolucie5012@gmail.com,FR
fatimamboge028@gmail.com,US
zeinabazzi38@gmail.com,US
jakellick@gmail.com,US
a.ticer@hotmail.com,US
anoymousburner01@gmail.com,FR
dedalelejeu@gmail.com,FR
kinkytis69@gmail.com,FR
littleprankstergangster@gmail.com,US
lakeview0523@gmail.com,US
jake.boomer.1997@gmail.com,US
brucemc3579@gmail.com,US
bkentbryant@gmail.com,US
pbfalday@yahoo.com,US
jakub7381@gmail.com,US
troubleinhere22@gmail.com,US
lolpuzadronov@gmail.com,FR
nicenevaeh50@gmail.com,US
sarinakean@gmail.com,US
samaraallen@outlook.com,US
trinityxnicole15@gmail.com,US
krakosh4@yahoo.com,US
their.palace@gmail.com,US
winterboria@gmail.com,US
mlpfan121900@gmail.com,US
bartolucciluca14@gmail.com,IT
purplelaylabug7@gmail.com,US
yeosangiegdr@gmail.com,IT
frostskandishop@gmail.com,US
mariabukh@gmail.com,US
genognome@proton.me,US
ebetier903@gmail.com,US
ninjaz4443@yahoo.com,US
adonisposey@gmail.com,US
big_boy2020@bk.ru,FR
tru3assass1n141@gmail.com,US
gowhitesox1983@yahoo.com,US
wolfythegraywolf@gmail.com,US
vuspire@gmail.com,US
caite.owens@gmail.com,US
lamplamplamp42@gmail.com,US
brittanybarnes1989@gmail.com,US
biglick9876@gmail.com,US
eli.kennedy@ymail.com,US
caniculebae@gmail.com,FR
kody.hel@icloud.com,US
karanabac@googlemail.com,US
1800gotmunch@gmail.com,US
sedeson246@gmail.com,US
coconut67101@gmail.com,US
icykadoo@gmail.com,US
mahaylahenderson817@gmail.com,US
av65334@mail.ru,FR
the_true_duke@hotmail.com,US
fiendish0774@proton.me,US
raiken.acosta@gmail.com,US
funager@yahoo.com,US
mimic.springtrap@gmail.com,FR
queen_tiffany12@yahoo.com,US
vainamousva@gmail.com,US
roy_mumaw@yahoo.com,US
stevengarypford1@gmail.com,US
klinger.lonnie22950@gmail.com,US
faolain@outlook.fr,FR
sethneally@gmail.com,US
mrmusic1007@gmail.com,US
laronbry000@gmail.com,US
lewde334@gmail.com,IT
lb50@free.fr,FR
apathy11231@gmail.com,US
lustris@protonmail.com,FR
dirtylegthompson@gmail.com,US
desoron2@gmail.com,US
jackerjdoesgaming@gmail.com,US
drewtwo777@gmail.com,US
gloriantes@gmail.com,US
lapidominic@gmail.com,US
blazrfrog13@gmail.com,US
boladodixh@gmail.com,US
donovan142010@hotmail.com,US
deimosaries@protonmail.com,US
obeyrox@icloud.com,US
jodycowgirl@gmail.com,US
avstriyskaya44@gmail.com,US
peytbaggs@gmail.com,US
bam.0.mills@gmail.com,US
thapardrake@gmail.com,US
xhunterzero34@gmail.com,US
elijahminton5@gmail.com,US
secretconfettihunter@gmail.com,US
lewiszeek97@gmail.com,US
giacomo.bossi00@gmail.com,IT
cacaqcac@gmail.com,FR
pisquared22@proton.me,US
j450nv0rh335@proton.me,US
hockeydude2204@gmail.com,US
mustashio_man@yahoo.com,US
deadmouse550@gmail.com,US
sportstats333@gmail.com,US
2003bludilina.alina@gmail.com,US
kofeefeee@gmail.com,US
jmohr1991@gmail.com,US
lina2hartman@gmail.com,US
07jasonriver14@gmail.com,US
flhazelip@yahoo.com,US
muellerjulio7@gmail.com,US
yuotrtyuotrt@gmail.com,US
obeastie17@gmail.com,US
bgenesis1016@gmail.com,US
ashley.ticer@hotmail.com,US
scar.giuse93@gmail.com,IT
lametoad@icloud.com,US
chanbingler2000@gmail.com,US
sannhp84@gmail.com,US
luunmeet789@gmail.com,US
serenity092006@gmail.com,US
jalex55@hotmail.com,US
krogh494@gmail.com,US
aaronbw1994@gmail.com,US
casinos_planner_0t@icloud.com,US
zapbw10@gmail.com,US
kyumichou24@gmail.com,FR
bakerbarn@protonmail.com,US
wesleyking2o14@gmail.com,US
greenflamingoentertainment@protonmail.com,US
cameroncookecoke@gmail.com,US
rowanplaysgenshin@gmail.com,US
fflooey@gmail.com,US
zydratevial@gmail.com,US
mailforatime@gmail.com,US
slattona@yahoo.com,US
justin3.vega@yahoo.com,US
matthewswagner21@gmail.com,US
tannerishot98@gmail.com,US
thaliasofr3sh@gmail.com,US
gened@hey.com,US
lisicynal73@gmail.com,US
kernelclutchgaming@gmail.com,US
whatwouldmyfatherwant@gmail.com,US
tailsthefox2015@gmail.com,US
mentally.deteriorated@gmail.com,US
noellefem@proton.me,US
mollythegsmix@gmail.com,US
jjohnssmith6262@gmail.com,US
soelberg705@gmail.com,US
monikachan2356@gmail.com,US
irelandmonahan@gmail.com,US
masumaro38@gmail.com,US
carloalberto912@gmail.com,IT
bigzach43@gmail.com,US
moosemafia@protonmail.com,US
tleilaxuixian@gmail.com,US
dbalwochus@gmail.com,US
charlgoussard9211@gmail.com,US
3g1n3g@gmail.com,IT
shinco103@gmail.com,US
ssjbuigoku984@gmail.com,US
josecanseco1050@gmail.com,US
vastvanter@gmail.com,US
brianpalexander@gmail.com,US
devildog3127@gmail.com,US
dartendal@gmail.com,US
pyrrha_nikos@outlook.com,FR
sienna.maurer18@gmail.com,US
levi.wolff@gmail.com,US
norikawa2315@gmail.com,US
hildapokechubbies@outlook.com,US
protasownikita8908799@gmail.com,US
bicyclebombshell@gmail.com,US
fezeentertainment@gmail.com,US
a_henry@live.com,US
christianmede082@yahoo.com,US
starpupper012@gmail.com,US
serenitybymoonlight7@gmail.com,US
jstartham16@gmail.com,US
skerchoff@hotmail.com,US
qgbor18@outlook.fr,FR
espiochaotix@comcast.net,US
htperry05@gmail.com,US
valerifox5@gmail.com,US
iouielewis300@gmail.com,FR
gyrossteelballs@gmail.com,US
jonathan.chollet102@gmail.com,FR
kitsunefiertail@gmail.com,US
matmatsimon325@gmail.com,US
superness2300@gmail.com,US
lix.4.free@gmail.com,US
sacchetti.margherita@gmail.com,IT
kyziksnowden@gmail.com,US
furrywolfjason18@gmail.com,US
jetra.kadensdaughter@gmail.com,US
burner2100@hotmail.com,FR
nolanhill4888@gmail.com,US
giovannigiorgio4859@gmail.com,IT
maiyabyrd21@gmail.com,US
alexgarcia111807@gmail.com,US
d_guy@live.com,US
murraybrovich@yahoo.com,US
milopaw123@wp.pl,FR
violetesouthworth@gmail.com,US
myersb614@gmail.com,US
eamayweather@gmail.com,US
ciaraking127@gmail.com,US
earthwormpentagram@gmail.com,US
bbtdoodle@gmail.com,US
ssaiyan37@proton.me,US
johnxqc888@gmail.com,US
agclarkson07@gmail.con,US
mushu.villela@gmail.com,US
voluntaryplan@gmail.com,US
ylya1346@gmail.com,US
typoptart@gmail.com,US
ryanmenke820@gmail.com,US
davidmarler609@gmail.com,US
swagshamrock20@gmail.com,US
jakeartbo07@gmail.com,US
poopoopp093@gmail.com,US
bartyallen1988@gmail.com,US
mazzicien91@gmail.com,FR
colusiusest@gmail.com,US
maverickcoleman03@gmail.com,US
maxbugl@googlemail.com,IT
blueninja11@protonmail.com,US
cdundore@yahoo.com,US
blobfish.enthusiast.96@gmail.com,US
veloso@verylowsodium.com,US
catrevino33@gmail.com,US
kelsey.fagerberg@gmail.com,US
magpie1798@gmail.com,US
kanekisava1204@gmail.com,US
mirko.tomei@gmail.com,IT
tchamylene@gmail.com,FR
smith20123@hotmail.com,US
wbckccrb6j@privaterelay.appleid.com,US
olang98@yahoo.it,IT
christian.matza@icloud.com,US
korkinaarias@gmail.com,US
genesisr07@gmail.com,US
cyning7@protonmail.com,US
hoxavier17@gmail.com,FR
msluciak673412@gmail.com,US
6q8cql@proton.me,US
daniel.skulblaka.lindsey@gmail.com,US
colemanjustin210@gmail.com,US
neondreamscape@proton.me,US
hunterlukacz8985@gmail.com,US
reyannebil37@gmail.com,FR
kurotsuki_n@outlook.com,FR
krptor1134@gmail.com,US
joshhoffman11034@gmail.com,US
hedon9448@gmail.com,US
johnabbott244@gmail.com,US
astrohaze230808@gmail.com,US
tattooistjds@gmail.com,US
hodge_casey@yahoo.com,US
holloway.marc@gmail.com,US
bel.kavallini2014@yandex.ru,US
baptwhatever@gmail.com,FR
uber.ebrown@gmail.com,US
faraon0403@gmail.com,US
xdussieux@gmail.com,FR
chandler1019@gmail.com,US
varneyboo34@gmail.com,US
bennytharex@gmail.com,US
pembilk@gmail.com,US
ogretimewhen@gmail.com,US
babas3.jourdan@gmail.com,US
elfagor93@gmail.com,US
thisisjax25@gmail.com,US
telomartius420@gmail.com,FR
elk99ste@yahoo.com,US
brmo22534@gmail.com,US
animevscars@gmail.com,US
pikminplayer8@gmail.com,US
noamperchetferreira@gmail.com,FR
mekuru91@gmail.com,US
love.letter.pony@gmail.com,US
evanpertile@gmail.com,US
hoodedwolf2@gmail.com,US
itsaxolotl@gmail.com,US
kolefallbull@yahoo.com,US
3amernasserr@gmail.com,IT
zbeubman@gmail.com,FR
suswillnevertakethisname@gmail.com,US
jdan77930@gmail.com,US
kkasemsouk@yahoo.com,US
jscarbors@gmail.com,US
halobryan85@gmail.com,US
natdunn974@gmail.com,US
petskop3859@gmail.com,US
kaite.rochelle.lipscomb@gmail.com,US
zac_holley13@yahoo.com,US
simonreyes946@gmail.com,US
bluethewitch777@gmail.com,US
liors492@gmail.com,IT
elementrayne259@gmail.com,US
elishade13@gmail.com,US
schmitta2008@gmail.com,US
mintygale@gmail.com,US
ssjkaron@gmail.com,US
brousouf333@gmail.com,FR
sleepless.c.rose@gmail.com,US
trelosdevil@protonmail.com,US
robinsonjaysen4@gmail.com,US
jw.garner2012@icloud.com,US
leosalde02@gmail.com,US
ash.jojo@hotmail.com,FR
the_night_one@yahoo.com,US
aspire001994@hotmail.com,IT
shumanjules@gmail.com,US
rambotiger8@gmail.com,US
james.payne9090@gmail.com,US
keatonalnaal@gmail.com,US
slooch.feh@gmail.com,US
rivasderek@gmail.com,US
ponyquarantine1@gmail.com,US
fedricj3@gmail.com,US
cornbread97@yahoo.com,US
alendiplomatic@gmail.com,US
justicemoore1996@yahoo.com,US
jazzmine.rulo@hotmail.com,US
danpascooch2@gmail.com,US
cmd.anime.girl@gmail.com,US
albandennel7@gmail.com,FR
remymartinez2002@gmail.com,US
montgomeryrobin0704@gmail.com,US
josecanseco6607@gmail.com,US
pwnpokemon@gmail.com,US
hero.flame66@gmail.com,US
smblake13@gmail.com,US
arcademasterv2@gmail.com,US
jordanceaser3000@gmail.com,US
bradroot228@gmail.com,US
cooperanderson1983@gmail.com,US
hasoleo169@gmail.com,US
paulnlaura219@gmail.com,US
bryanchin3211@hotmail.com,US
blackthan606@gmail.com,FR
linaxkoy@gmail.com,US
ivan.martinyt95@gmail.com,IT
kaleed585@icloud.com,IT
c193620mvrht.com@gmail.com,US
tikaglasco50@gmail.com,US
chocolaminadzuki2505@gmail.com,US
2poor4bondpker@gmail.com,US
mrboss4323@gmail.com,US
srybutnk69@gmail.com,US
samueljack93@btinternet.com,US
hwhit88@gmail.com,US
cwilson262@gmail.com,US
mushuvillela@gmail.com,US
ciel.jameson@gmail.com,US
robo30988@gmail.com,US
wigglemadick@gmail.com,US
mtk11@live.co.uk,US
mark.percival3@virginmedia.com,US
rameyjames4@gmail.com,US
ugo1708@hotmail.com,US
agentbottle1@gmail.com,US
asianwaaluigi@gmail.com,US
tailss772@gmail.com,US
y.m.dark1@gmail.com,US
d2ogd2ogd2og@gmail.com,US
hbboygamer@gmail.com,US
makaylaowen15@outlook.com,US
shrugs.peloton0x@icloud.com,US
goldharmonic@gmail.com,US
kelistajacobs19@gmail.com,US
saucedandforgotten@gmail.com,US
lilithdeirdre@gmail.com,US
lasiterdonnyray@gmail.com,US
rotmgmaddevilo@gmail.com,US
goldshredfollower@gmail.com,US
burrbro1@gmail.com,US
christopherstephens020@gmail.com,US
infinitealt@gmail.com,US
marcelwoods2@gmail.com,FR
justingahl1996@gmail.com,US
armtre70@gmail.com,US
lauresee56@gmail.com,US
nooneman234@gmail.com,US
sethhall724@gmail.com,US
gihrenvaincannet@protonmail.com,US
mfschultz@yahoo.com,US
rhale43@bellsouth.net,US
shaulwolf01@gmail.com,US
theflyingsparow@gmail.com,US
cwkulper@gmail.com,US
rainofsapphire54@gmail.com,US
red59000@gmx.fr,FR
cdstone147@gmail.com,US
nematode777@gmail.com,US
r282k7jrbj@privaterelay.appleid.com,US
jisungvejd@gmail.com,US
bwc126@gmail.com,US
taylercamplin@gmail.com,US
cloudvents@aol.com,US
skyblast@gmail.com,US
03jasalv36275@gmail.com,US
lelandtw18@gmail.com,US
soulevading@gmail.com,US
natasha244993@gmail.com,FR
zackaryapierce@gmail.com,US
keshhunhunt2015@gmail.com,US
ashisanomega@gmail.com,US
rodneyxg1@gmail.com,US
earinline@hotmail.com,US
tategore15@gmail.com,US
damasdaran@gmail.com,US
leiasugamum@gmail.com,US
allainyavaughn@gmail.com,US
gmatter20u@gmail.com,US
myriadmyri@gmail.com,FR
coreyj0906@gmail.com,US
kbcalvano@gmail.com,US
killerklowntv@gmail.com,US
zombiegrizly69pne@gmail.com,US
ajhudson22@gmail.com,US
josiahahola123@gmail.com,US
farsbee4president@gmail.com,US
bl3decoy3@gmail.com,US
macjer650@gmail.com,FR
forestmoss1@yahoo.com,US
charles31803@gmail.com,US
raven.oakley@comcast.net,US
pacoboots@gmail.com,US
mikecyb20@gmail.com,FR
kelley999lll@outlook.com,US
cchandlerpile@alumni.anderson.edu,US
dizy1432@gmail.com,US
jonsquestionaddress@gmail.com,US
umbatume77@gmail.com,US
toasty386@gmail.com,US
jackmine57@gmail.com,US
s_amos@ymail.com,US
dylanhighfield2@gmail.com,US
bosscobra162@gmail.com,US
kandykenny87@gmail.com,US
michaellessard24@gmail.com,US
ninjatard226@gmail.com,US
rainbowcowgod@gmail.com,US
bomkamp12024j@gmail.com,US
ricorhodes18@gmail.com,US
4thstevenson@gmail.com,US
joshuajs2010@gmail.com,US
sijn93@ymail.com,US
kuroxwolf@gmail.com,US
nievenocht@gmail.com,US
yrral.sivad@yahoo.com,US
bubblesonthebayou@gmail.com,US
celest.cosplay@gmail.com,FR
hn1995s@gmail.com,US
shmoomoops@gmail.com,US
wolfire51@gmail.com,FR
lagtastic115@gmail.com,US
reapermesanth@gmail.com,US
sephirothff797@icloud.com,US
vessethan82@gmail.com,US
jonathancissel@gmail.com,US
remorse990@outlook.com,US
baronlives@aol.com,US